{"type":"FeatureCollection","metadata":{"center":[49.57463173166507,11.016302619392057],"bbox":[49.561418251216196,10.997730331694145,49.58784521211395,11.03487490708997],"sumo_boundary":[644465.09,5491786.25,647071.55,5494795.98],"sumo_offset":[0.0,0.0],"proj":null,"edge_count":457,"poly_count":759},"features":[{"type":"Feature","geometry":{"type":"LineString","coordinates":[[11.024155303600295,49.57345174331494],[11.024400914136985,49.573293171141415],[11.02485868360007,49.57299676084278]]},"properties":{"kind":"road","id":"--5558","speed":50.0,"lanes":1,"priority":4}},{"type":"Feature","geometry":{"type":"LineString","coordinates":[[11.026449840856511,49.57481992721655],[11.026818172912535,49.57455170278192],[11.02705693028125,49.57437804246165],[11.02709752578828,49.57434287799317],[11.027105395102227,49.57430243978573],[11.02708554309303,49.574267344927506],[11.027030035280543,49.57423305470853],[11.026726623338163,49.57405477002808],[11.026483756399827,49.57391212612985],[11.026045374974753,49.573654523639945],[11.025978026638617,49.57361486299947],[11.025855672496807,49.573542971740345],[11.025492866965026,49.57332983138938],[11.025432325607833,49.5732941892377],[11.024939368926889,49.573004434197394]]},"properties":{"kind":"road","id":"-10419402","speed":50.0,"lanes":1,"priority":4}},{"type":"Feature","geometry":{"type":"LineString","coordinates":[[11.024972443600825,49.5746959289459],[11.025289781714864,49.574552381497014],[11.025544493726814,49.57437637603464]]},"properties":{"kind":"road","id":"-10425128#0","speed":30.0,"lanes":1,"priority":4}},{"type":"Feature","geometry":{"type":"LineString","coordinates":[[11.024055319512101,49.57495036138929],[11.024166386188801,49.57493330558788],[11.02452322325394,49.574861663713804],[11.024866585020128,49.57473853184904]]},"properties":{"kind":"road","id":"-10425128#1","speed":30.0,"lanes":1,"priority":4}},{"type":"Feature","geometry":{"type":"LineString","coordinates":[[11.02459535423651,49.57822583640894],[11.0245440235026,49.57880731069479],[11.025839872168616,49.578823758204535],[11.025994549963594,49.57824614077091]]},"properties":{"kind":"road","id":"-10425130","speed":50.0,"lanes":1,"priority":4}},{"type":"Feature","geometry":{"type":"LineString","coordinates":[[11.024968452385034,49.577380107100716],[11.024659795081408,49.57793774903954],[11.024610726017405,49.578135971226345]]},"properties":{"kind":"road","id":"-10425131","speed":50.0,"lanes":1,"priority":4}},{"type":"Feature","geometry":{"type":"LineString","coordinates":[[11.005849612902296,49.58214402353989],[11.00581102008781,49.58250181708331],[11.005771638799667,49.58303944585755],[11.005707258208844,49.583210398455165],[11.005484525310356,49.58384520919881],[11.00531308260146,49.5843981702924],[11.005167171493044,49.58488214230977],[11.005030591158809,49.5853744082349],[11.004897100927163,49.58590161318062],[11.004775658720376,49.58637175714239]]},"properties":{"kind":"road","id":"-10573414#0","speed":50.0,"lanes":1,"priority":6}},{"type":"Feature","geometry":{"type":"LineString","coordinates":[[11.00575069131833,49.58091595281808],[11.005819047230377,49.58142904507775],[11.005851841857625,49.58206005614578]]},"properties":{"kind":"road","id":"-10573414#1","speed":50.0,"lanes":1,"priority":6}},{"type":"Feature","geometry":{"type":"LineString","coordinates":[[11.02685600312655,49.57753164397346],[11.02650351620826,49.57802259174805],[11.026431896104397,49.578187206366714]]},"properties":{"kind":"road","id":"-10712011","speed":50.0,"lanes":1,"priority":4}},{"type":"Feature","geometry":{"type":"LineString","coordinates":[[11.025903874618226,49.57745296714895],[11.025588796113269,49.57797222287547],[11.02554129017968,49.57813794398501]]},"properties":{"kind":"road","id":"-10712013","speed":50.0,"lanes":1,"priority":4}},{"type":"Feature","geometry":{"type":"LineString","coordinates":[[11.033561670563339,49.581606644206225],[11.033530372103781,49.58140623253414],[11.033379668033977,49.58042017437753],[11.032747830922508,49.5784792308519],[11.032061495121855,49.576547156921656]]},"properties":{"kind":"road","id":"-113939241","speed":60.0,"lanes":1,"priority":6}},{"type":"Feature","geometry":{"type":"LineString","coordinates":[[11.02038258870532,49.58200080825218],[11.020407142722679,49.582139721184596],[11.02042716743737,49.58225271594597],[11.020551463771458,49.58293726870523],[11.020568532692389,49.583038980607725],[11.020602733898839,49.58324393254513],[11.02069451925432,49.58372080495499],[11.02069980021155,49.58373141747339],[11.020807705771686,49.58432045308516],[11.020849638719836,49.5845617919647],[11.020878078812116,49.58469757837928],[11.02094727922145,49.5850462980386],[11.020952701608474,49.58512059683687]]},"properties":{"kind":"road","id":"-125685391","speed":50.0,"lanes":1,"priority":6}},{"type":"Feature","geometry":{"type":"LineString","coordinates":[[11.031565106943402,49.57219228308914],[11.031664253138365,49.57077903988399],[11.031476496553578,49.569641602735885],[11.031441306337278,49.5694003284857]]},"properties":{"kind":"road","id":"-126606716","speed":60.0,"lanes":1,"priority":6}},{"type":"Feature","geometry":{"type":"LineString","coordinates":[[11.03142590378823,49.568892706297675],[11.031424554340713,49.56882688205922],[11.031435431852865,49.56839589082384],[11.03143823578753,49.56816690305297],[11.031518830454369,49.56775609710429],[11.031670222998901,49.567291603274086],[11.03188136997991,49.566644078257454],[11.032694650605753,49.56415059683188],[11.033684628517985,49.56111543370501],[11.033727225489075,49.56078931282877]]},"properties":{"kind":"road","id":"-15259223","speed":80.0,"lanes":1,"priority":6}},{"type":"Feature","geometry":{"type":"LineString","coordinates":[[11.02539880726178,49.57587273689603],[11.025410664971785,49.57564458068313],[11.025325252844418,49.57536244452373],[11.025189074936977,49.57507031227643],[11.024946696563795,49.57477572083924]]},"properties":{"kind":"road","id":"-23341293","speed":30.0,"lanes":1,"priority":4}},{"type":"Feature","geometry":{"type":"LineString","coordinates":[[11.000697071855813,49.57591276479026],[11.000687809793613,49.57596366004605],[11.000855671926066,49.57619518198159],[11.00087490679935,49.576232540816115]]},"properties":{"kind":"road","id":"-23350929","speed":50.0,"lanes":1,"priority":4}},{"type":"Feature","geometry":{"type":"LineString","coordinates":[[11.00051122424343,49.575728510562044],[11.000416731379506,49.57568426696783],[11.00033657189083,49.57557104922079],[11.00021590538116,49.57540428838107]]},"properties":{"kind":"road","id":"-23350930","speed":50.0,"lanes":1,"priority":4}},{"type":"Feature","geometry":{"type":"LineString","coordinates":[[11.030772610129816,49.57284461567028],[11.030770715206113,49.572582336841045],[11.031149904447233,49.57230338286939],[11.031091775414042,49.57090306645342]]},"properties":{"kind":"road","id":"-23360299","speed":50.0,"lanes":1,"priority":4}},{"type":"Feature","geometry":{"type":"LineString","coordinates":[[11.02629144699789,49.57098211605717],[11.02647564756373,49.57084080700245],[11.026987208908,49.57045807736422],[11.02793882599427,49.56973668370981]]},"properties":{"kind":"road","id":"-23570844#1","speed":50.0,"lanes":1,"priority":4}},{"type":"Feature","geometry":{"type":"LineString","coordinates":[[11.024933237792432,49.57294319146357],[11.025219928665988,49.57272452746033],[11.025304049230222,49.57260467264636],[11.025511864011854,49.57230849719313],[11.02549581493139,49.57166352308035],[11.025680433280401,49.5714152502036],[11.02620634259198,49.5710446868281]]},"properties":{"kind":"road","id":"-23570844#2","speed":50.0,"lanes":1,"priority":4}},{"type":"Feature","geometry":{"type":"LineString","coordinates":[[11.02754761196657,49.575553535919234],[11.026962184838116,49.57571384095557],[11.026642056560359,49.57578007962452],[11.026210861395466,49.575850061773586],[11.025497688034429,49.575928847513566]]},"properties":{"kind":"road","id":"-23605595","speed":50.0,"lanes":1,"priority":4}},{"type":"Feature","geometry":{"type":"LineString","coordinates":[[11.023571416512654,49.579414617448876],[11.022851765771057,49.579378266246444],[11.022200819101958,49.57932721633664],[11.021720036990706,49.579276157891194],[11.02085169224486,49.57917672467047],[11.020157983818915,49.579085030455445]]},"properties":{"kind":"road","id":"-23605600#0","speed":30.0,"lanes":1,"priority":4}},{"type":"Feature","geometry":{"type":"LineString","coordinates":[[11.025270901340555,49.5794126764299],[11.023723592881902,49.57941789279491]]},"properties":{"kind":"road","id":"-23605600#1","speed":30.0,"lanes":1,"priority":4}},{"type":"Feature","geometry":{"type":"LineString","coordinates":[[11.026461433023965,49.57941782702544],[11.02540274516529,49.579412707251095]]},"properties":{"kind":"road","id":"-23605600#2","speed":30.0,"lanes":1,"priority":4}},{"type":"Feature","geometry":{"type":"LineString","coordinates":[[10.999762603857814,49.57258553196458],[10.99914193691434,49.57267011245533],[10.998200662790273,49.572819868220506]]},"properties":{"kind":"road","id":"-23805514#0","speed":50.0,"lanes":1,"priority":6}},{"type":"Feature","geometry":{"type":"LineString","coordinates":[[11.000453048348225,49.57249236522904],[10.999892189471112,49.57256799947206]]},"properties":{"kind":"road","id":"-23805514#1","speed":50.0,"lanes":1,"priority":6}},{"type":"Feature","geometry":{"type":"LineString","coordinates":[[11.001859987065098,49.57030243057424],[11.001937788856436,49.569874693235924],[11.002025354052323,49.56935431215845],[11.00265762800815,49.567648328904866]]},"properties":{"kind":"road","id":"-25210699","speed":50.0,"lanes":1,"priority":4}},{"type":"Feature","geometry":{"type":"LineString","coordinates":[[11.031539840070964,49.57473191852898],[11.031507430609583,49.5747309583792],[11.031428639181787,49.57472901352801],[11.030952175196145,49.574834441415625],[11.030827646892208,49.57492370493683],[11.029850800436217,49.57560184552017],[11.028957357625886,49.57632034456539]]},"properties":{"kind":"road","id":"-25398494#0","speed":30.0,"lanes":1,"priority":4}},{"type":"Feature","geometry":{"type":"LineString","coordinates":[[11.012485108979092,49.57504497773029],[11.012660809797266,49.57499163589273],[11.012739780309243,49.574967683104],[11.01308156563733,49.574866023327104],[11.013493271285151,49.574739037474785],[11.013835102826294,49.57463521570442],[11.01389590563264,49.57461688576129],[11.014141145462895,49.57454245087791],[11.01461208897052,49.57439958695898],[11.015406173550522,49.57416617385438],[11.015751459745188,49.57414639503487]]},"properties":{"kind":"road","id":"-26188722","speed":50.0,"lanes":1,"priority":4}},{"type":"Feature","geometry":{"type":"LineString","coordinates":[[11.000472999297317,49.5724288712268],[11.00038022089714,49.572267385459895],[11.000188049234124,49.57191790112397],[11.000157653590547,49.57170559101811],[11.000072251612158,49.570810836978964]]},"properties":{"kind":"road","id":"-28269598","speed":50.0,"lanes":1,"priority":6}},{"type":"Feature","geometry":{"type":"LineString","coordinates":[[11.030512481506308,49.58175492250336],[11.026831687607835,49.58181946314983]]},"properties":{"kind":"road","id":"-28269601","speed":80.0,"lanes":1,"priority":5}},{"type":"Feature","geometry":{"type":"LineString","coordinates":[[11.007838546526255,49.57312743097031],[11.007608104452867,49.572827648908785],[11.007382776089564,49.57253443439782],[11.00668853033888,49.57163072690636]]},"properties":{"kind":"road","id":"-28613727#0","speed":80.0,"lanes":1,"priority":5}},{"type":"Feature","geometry":{"type":"LineString","coordinates":[[11.009170881180674,49.57486149963162],[11.008850825163316,49.574444804345944],[11.008411251624013,49.5738729401001],[11.00833642982875,49.57377555733086],[11.008218050760279,49.5736212688539],[11.007897290554583,49.57320386350296]]},"properties":{"kind":"road","id":"-28613727#1","speed":80.0,"lanes":1,"priority":5}},{"type":"Feature","geometry":{"type":"LineString","coordinates":[[11.006658804727877,49.57162431589427],[11.005076135521826,49.57214453503211],[11.003592937302058,49.57263215479613],[11.00289425895352,49.57285861756483],[11.002760193698082,49.57297284359393]]},"properties":{"kind":"road","id":"-28613734","speed":80.0,"lanes":1,"priority":5}},{"type":"Feature","geometry":{"type":"LineString","coordinates":[[11.004124272539062,49.5765433187599],[11.00396300326108,49.57659810673216]]},"properties":{"kind":"road","id":"-28613737","speed":80.0,"lanes":1,"priority":5}},{"type":"Feature","geometry":{"type":"LineString","coordinates":[[11.004707958852574,49.57415090497515],[11.006274505072732,49.573650761259934],[11.007343858878894,49.57331547732227],[11.007819193878019,49.573164828678024]]},"properties":{"kind":"road","id":"-28631632","speed":80.0,"lanes":1,"priority":5}},{"type":"Feature","geometry":{"type":"LineString","coordinates":[[11.022459529165298,49.578072575867026],[11.022734103509181,49.57809521226563],[11.023196205296069,49.57812635302666],[11.023667625553113,49.578158678289704]]},"properties":{"kind":"road","id":"-29900561#0","speed":50.0,"lanes":1,"priority":4}},{"type":"Feature","geometry":{"type":"LineString","coordinates":[[11.021855342097298,49.57801440975073],[11.022002209545853,49.57802992417755],[11.02228520056014,49.578055383088405],[11.022328420189828,49.578060114935454]]},"properties":{"kind":"road","id":"-29900561#1","speed":50.0,"lanes":1,"priority":4}},{"type":"Feature","geometry":{"type":"LineString","coordinates":[[11.024017817503081,49.5769595557685],[11.023966405420358,49.57713128166935],[11.023933085027648,49.577275524332585],[11.023896716925863,49.577433043831014],[11.023761768564373,49.578133642988035]]},"properties":{"kind":"road","id":"-29900564#0","speed":30.0,"lanes":1,"priority":4}},{"type":"Feature","geometry":{"type":"LineString","coordinates":[[11.024247991095551,49.575962774016155],[11.024172015752644,49.57627634069649],[11.024115151593127,49.576500156659854],[11.02404202359723,49.576862519524106]]},"properties":{"kind":"road","id":"-29900564#1","speed":30.0,"lanes":1,"priority":4}},{"type":"Feature","geometry":{"type":"LineString","coordinates":[[11.0242232035348,49.575774929734216],[11.02424824887261,49.57588207894304]]},"properties":{"kind":"road","id":"-29900564#2","speed":30.0,"lanes":1,"priority":4}},{"type":"Feature","geometry":{"type":"LineString","coordinates":[[11.024034531780574,49.575012974656055],[11.02409961893159,49.57517852448834],[11.024204774335983,49.5756906035498]]},"properties":{"kind":"road","id":"-29900564#3","speed":30.0,"lanes":1,"priority":4}},{"type":"Feature","geometry":{"type":"LineString","coordinates":[[11.023910262400069,49.57469751388354],[11.024001921119591,49.57493024587706]]},"properties":{"kind":"road","id":"-29900564#4","speed":30.0,"lanes":1,"priority":4}},{"type":"Feature","geometry":{"type":"LineString","coordinates":[[11.023340761499995,49.57406222057579],[11.023760555194364,49.574522829387185],[11.02380359540393,49.574570113020954],[11.02387677480145,49.57465042300373]]},"properties":{"kind":"road","id":"-29900564#5","speed":30.0,"lanes":1,"priority":4}},{"type":"Feature","geometry":{"type":"LineString","coordinates":[[11.02138873302694,49.57559752942722],[11.021720891846122,49.57525654932672],[11.021878810005926,49.575094477487085],[11.022196781761194,49.57484549905065],[11.02262315663307,49.574511775060444],[11.02297301979139,49.57423803869704],[11.023206572352624,49.574055301871184]]},"properties":{"kind":"road","id":"-29900565#0","speed":30.0,"lanes":1,"priority":4}},{"type":"Feature","geometry":{"type":"LineString","coordinates":[[11.02086700511475,49.57614503059901],[11.021313645702525,49.57567521398713]]},"properties":{"kind":"road","id":"-29900565#1","speed":30.0,"lanes":1,"priority":4}},{"type":"Feature","geometry":{"type":"LineString","coordinates":[[11.020441284642926,49.57667609992294],[11.020485141589273,49.576595812911414],[11.020542538173654,49.57651510950545],[11.020735261158983,49.57628451465867],[11.020820085923013,49.57619469625822]]},"properties":{"kind":"road","id":"-29900565#2","speed":30.0,"lanes":1,"priority":4}},{"type":"Feature","geometry":{"type":"LineString","coordinates":[[11.019980845847948,49.57781389713003],[11.020010400105702,49.57764516345078],[11.020107602382074,49.577278784735014],[11.020121847875647,49.57722510214433],[11.02039579098123,49.57675695523465]]},"properties":{"kind":"road","id":"-29900565#3","speed":30.0,"lanes":1,"priority":4}},{"type":"Feature","geometry":{"type":"LineString","coordinates":[[11.026657475590289,49.57915756865816],[11.02656732669625,49.579372523439325]]},"properties":{"kind":"road","id":"-29900567","speed":30.0,"lanes":1,"priority":4}},{"type":"Feature","geometry":{"type":"LineString","coordinates":[[11.00527562301794,49.57898950807152],[11.005413741709855,49.57931473318641],[11.005595407734438,49.58004742274193],[11.005612451997035,49.58012907702528],[11.005735084442392,49.580815382924754]]},"properties":{"kind":"road","id":"-3013106#0","speed":50.0,"lanes":1,"priority":6}},{"type":"Feature","geometry":{"type":"LineString","coordinates":[[11.005050675643437,49.57859796089843],[11.005232147431839,49.57890426382626]]},"properties":{"kind":"road","id":"-3013106#1","speed":50.0,"lanes":1,"priority":6}},{"type":"Feature","geometry":{"type":"LineString","coordinates":[[11.004551197210827,49.57773215535438],[11.00455743800951,49.57774266201377],[11.005003357545727,49.57851683117022]]},"properties":{"kind":"road","id":"-3013106#2","speed":50.0,"lanes":1,"priority":6}},{"type":"Feature","geometry":{"type":"LineString","coordinates":[[11.005174330178336,49.57897875980786],[11.004709304783368,49.5790618415914],[11.003659604824485,49.57924545415011],[11.002776701374575,49.579370667170494],[11.002206995786686,49.579444936100536],[11.001784141791932,49.57951414270912],[11.001661535234224,49.57955728383039]]},"properties":{"kind":"road","id":"-3013107","speed":30.0,"lanes":1,"priority":4}},{"type":"Feature","geometry":{"type":"LineString","coordinates":[[11.001650558851322,49.57957303608343],[11.001710897589822,49.57975271332667],[11.001981321974103,49.5805021336066],[11.00214589185154,49.580598597003736],[11.002394631891015,49.58065582201948],[11.005647558915319,49.580846945483096]]},"properties":{"kind":"road","id":"-3013109","speed":30.0,"lanes":1,"priority":4}},{"type":"Feature","geometry":{"type":"LineString","coordinates":[[11.015698113365275,49.577387538232315],[11.015624125937801,49.57742840787822],[11.015195385533884,49.577706464043445],[11.014880505767747,49.577924334215425],[11.01476052661805,49.57800738398313],[11.014492945520326,49.57820149062227],[11.01316561513311,49.57916418402832],[11.01168404338121,49.580831559349555],[11.011391230234342,49.5811730851764],[11.011219880641896,49.581369828857895]]},"properties":{"kind":"road","id":"-30357194","speed":50.0,"lanes":1,"priority":6}},{"type":"Feature","geometry":{"type":"LineString","coordinates":[[11.000928402713408,49.57688433505985],[11.000035191561844,49.577159212180874]]},"properties":{"kind":"road","id":"-31241816#0","speed":80.0,"lanes":1,"priority":5}},{"type":"Feature","geometry":{"type":"LineString","coordinates":[[11.001623151093797,49.5766616408057],[11.001046269372077,49.576847213734986]]},"properties":{"kind":"road","id":"-31241816#1","speed":80.0,"lanes":1,"priority":5}},{"type":"Feature","geometry":{"type":"LineString","coordinates":[[11.003189920576734,49.576157487729105],[11.001813759915017,49.57660032142335]]},"properties":{"kind":"road","id":"-31241816#3","speed":80.0,"lanes":1,"priority":5}},{"type":"Feature","geometry":{"type":"LineString","coordinates":[[11.001379626146552,49.57613961217196],[11.002856860304863,49.57566202006104]]},"properties":{"kind":"road","id":"-31241834#0","speed":80.0,"lanes":1,"priority":5}},{"type":"Feature","geometry":{"type":"LineString","coordinates":[[10.999699755336827,49.57668284731826],[11.001261940127122,49.576177720239365]]},"properties":{"kind":"road","id":"-31241834#1","speed":80.0,"lanes":1,"priority":5}},{"type":"Feature","geometry":{"type":"LineString","coordinates":[[11.00328899209639,49.576161439524824],[11.003538881085545,49.57659177897432]]},"properties":{"kind":"road","id":"-31241835#0","speed":80.0,"lanes":1,"priority":5}},{"type":"Feature","geometry":{"type":"LineString","coordinates":[[11.002948313819875,49.575682655901375],[11.003235832932342,49.5760794206942]]},"properties":{"kind":"road","id":"-31241835#1","speed":80.0,"lanes":1,"priority":5}},{"type":"Feature","geometry":{"type":"LineString","coordinates":[[11.001660483293387,49.57769575670996],[11.001682669383293,49.577724068766464],[11.001779890855165,49.57779767967609],[11.00183295987063,49.57780989500159]]},"properties":{"kind":"road","id":"-31241838#0","speed":80.0,"lanes":1,"priority":5}},{"type":"Feature","geometry":{"type":"LineString","coordinates":[[11.001027186589237,49.576884605585505],[11.001599894680536,49.5776180936127]]},"properties":{"kind":"road","id":"-31241838#1","speed":80.0,"lanes":1,"priority":5}},{"type":"Feature","geometry":{"type":"LineString","coordinates":[[11.001622176535754,49.57659724929449],[11.001339632903878,49.57621703632787]]},"properties":{"kind":"road","id":"-31241848","speed":80.0,"lanes":1,"priority":5}},{"type":"Feature","geometry":{"type":"LineString","coordinates":[[11.002104927113454,49.57708293364675],[11.001754718245301,49.576651718247305]]},"properties":{"kind":"road","id":"-31241851#0","speed":80.0,"lanes":1,"priority":5}},{"type":"Feature","geometry":{"type":"LineString","coordinates":[[11.002354044343155,49.57738977958128],[11.002166398895499,49.577158512218624]]},"properties":{"kind":"road","id":"-31241851#1","speed":80.0,"lanes":1,"priority":5}},{"type":"Feature","geometry":{"type":"LineString","coordinates":[[11.002534247540886,49.57761155018303],[11.002415516905899,49.5774653580073]]},"properties":{"kind":"road","id":"-31241851#2","speed":80.0,"lanes":1,"priority":5}},{"type":"Feature","geometry":{"type":"LineString","coordinates":[[11.000513737790827,49.57802270017478],[11.000171432693435,49.578129728856524]]},"properties":{"kind":"road","id":"-31241853#0","speed":80.0,"lanes":1,"priority":5}},{"type":"Feature","geometry":{"type":"LineString","coordinates":[[11.001559631522063,49.57769570240452],[11.000632164140946,49.57798565957101]]},"properties":{"kind":"road","id":"-31241853#1","speed":80.0,"lanes":1,"priority":5}},{"type":"Feature","geometry":{"type":"LineString","coordinates":[[11.00235404486565,49.57745400802937],[11.001680260773243,49.577658442695395]]},"properties":{"kind":"road","id":"-31241853#2","speed":80.0,"lanes":1,"priority":5}},{"type":"Feature","geometry":{"type":"LineString","coordinates":[[10.999916946670023,49.57712959179719],[10.999667335460101,49.576739180270664]]},"properties":{"kind":"road","id":"-31241855#0","speed":80.0,"lanes":1,"priority":5}},{"type":"Feature","geometry":{"type":"LineString","coordinates":[[11.000513874229078,49.57795837941966],[10.999971403062744,49.57720961066727]]},"properties":{"kind":"road","id":"-31241855#1","speed":80.0,"lanes":1,"priority":5}},{"type":"Feature","geometry":{"type":"LineString","coordinates":[[11.00263400790318,49.57761198235271],[11.003211830536634,49.5774256655993],[11.003224255848437,49.57742167231413],[11.003709506831292,49.57726529195379],[11.003449153574385,49.576917353738544],[11.003414274746024,49.576822334663625],[11.003440419553614,49.57673786317057],[11.003827008485342,49.57662825860249]]},"properties":{"kind":"road","id":"-31255203#0","speed":80.0,"lanes":1,"priority":5}},{"type":"Feature","geometry":{"type":"LineString","coordinates":[[11.00183295987063,49.57780989500159],[11.001887848130222,49.57782261855912],[11.001982122997303,49.57780731398618],[11.002514747217742,49.57764885954995]]},"properties":{"kind":"road","id":"-31255203#1","speed":80.0,"lanes":1,"priority":5}},{"type":"Feature","geometry":{"type":"LineString","coordinates":[[11.00331444515797,49.57677287844098],[11.002430106784775,49.57704447204962],[11.002225859121406,49.57710719790151]]},"properties":{"kind":"road","id":"-31261347","speed":80.0,"lanes":1,"priority":5}},{"type":"Feature","geometry":{"type":"LineString","coordinates":[[11.01575391750991,49.57267503196994],[11.015863343297612,49.572665209198576],[11.015949117484688,49.57273936759119],[11.015925665855852,49.57282820299233],[11.015805479737248,49.57290253185109]]},"properties":{"kind":"road","id":"-31270441","speed":50.0,"lanes":1,"priority":4}},{"type":"Feature","geometry":{"type":"LineString","coordinates":[[11.016874441087076,49.57903581011926],[11.016736750969809,49.57863556760564],[11.016597017773101,49.57822933347827],[11.016557575872065,49.57811487735902],[11.016470163874203,49.577937478558454]]},"properties":{"kind":"road","id":"-31353573#0","speed":50.0,"lanes":1,"priority":6}},{"type":"Feature","geometry":{"type":"LineString","coordinates":[[11.017458739631243,49.581677433158795],[11.017340082771995,49.5810882220468],[11.017216650055415,49.58051060839968],[11.017104396562093,49.579999367057695],[11.017090478433825,49.5799201786391],[11.016959415181033,49.57934188807373],[11.016950855042994,49.579308753613596],[11.016933775960087,49.579253548551726],[11.01690170121425,49.57913662527293],[11.016889600534379,49.579088080110076]]},"properties":{"kind":"road","id":"-31353573#1","speed":50.0,"lanes":1,"priority":6}},{"type":"Feature","geometry":{"type":"LineString","coordinates":[[11.02718231570256,49.57839220338395],[11.026812810417589,49.57885979178269],[11.026657617558286,49.57915765612728]]},"properties":{"kind":"road","id":"-31401017#0","speed":30.0,"lanes":1,"priority":4}},{"type":"Feature","geometry":{"type":"LineString","coordinates":[[11.028105531505751,49.57728917430797],[11.027890770103452,49.577554710966936],[11.027598213239061,49.57789924269947],[11.027244313138885,49.57831591381601]]},"properties":{"kind":"road","id":"-31401017#1","speed":30.0,"lanes":1,"priority":4}},{"type":"Feature","geometry":{"type":"LineString","coordinates":[[11.028888241639962,49.57638497569209],[11.028167615584124,49.577215041644955]]},"properties":{"kind":"road","id":"-31401017#2","speed":30.0,"lanes":1,"priority":4}},{"type":"Feature","geometry":{"type":"LineString","coordinates":[[11.026547823841582,49.57944941762076],[11.026531931293752,49.57957338550564]]},"properties":{"kind":"road","id":"-31401018","speed":30.0,"lanes":1,"priority":4}},{"type":"Feature","geometry":{"type":"LineString","coordinates":[[11.003802046743353,49.56932787042583],[11.003811992688991,49.56954035400939],[11.003801470653999,49.569938681248914]]},"properties":{"kind":"road","id":"-31720632#0","speed":50.0,"lanes":1,"priority":4}},{"type":"Feature","geometry":{"type":"LineString","coordinates":[[11.00402138597832,49.56837809432697],[11.003971495220183,49.568500668963786],[11.00388700204088,49.5686294202105],[11.003773310027228,49.56882200611944],[11.00377933714145,49.56894217283535],[11.003797403551893,49.56924150318367]]},"properties":{"kind":"road","id":"-31720632#1","speed":50.0,"lanes":1,"priority":4}},{"type":"Feature","geometry":{"type":"LineString","coordinates":[[11.0029625667384,49.56936066867807],[11.00370139028796,49.56927474067923]]},"properties":{"kind":"road","id":"-31720633","speed":50.0,"lanes":1,"priority":4}},{"type":"Feature","geometry":{"type":"LineString","coordinates":[[11.01567452788287,49.57287000051268],[11.015662682760532,49.572773864010735]]},"properties":{"kind":"road","id":"-31777493#0","speed":30.0,"lanes":1,"priority":4}},{"type":"Feature","geometry":{"type":"LineString","coordinates":[[11.015770387702918,49.5738403048455],[11.015686307692116,49.572971265642174]]},"properties":{"kind":"road","id":"-31777493#1","speed":30.0,"lanes":1,"priority":4}},{"type":"Feature","geometry":{"type":"LineString","coordinates":[[11.025459997023788,49.58171412831136],[11.025357754526242,49.58171744744191],[11.024822328666955,49.581737344092375]]},"properties":{"kind":"road","id":"-32270592#0","speed":30.0,"lanes":1,"priority":4}},{"type":"Feature","geometry":{"type":"LineString","coordinates":[[11.02672111586441,49.58165516150469],[11.026686317641904,49.58165676059559],[11.02559301364249,49.58170892096751]]},"properties":{"kind":"road","id":"-32270592#1","speed":30.0,"lanes":1,"priority":4}},{"type":"Feature","geometry":{"type":"LineString","coordinates":[[11.024822190415795,49.58173734651193],[11.024369928652112,49.581750927947674]]},"properties":{"kind":"road","id":"-32270593","speed":30.0,"lanes":1,"priority":4}},{"type":"Feature","geometry":{"type":"LineString","coordinates":[[11.020073057241053,49.577849259018805],[11.0204443460768,49.577882356182734],[11.020610509873618,49.57789951441878],[11.02081520867217,49.57791851810488],[11.02152624009741,49.5779845380494],[11.021723392821114,49.57800169295146]]},"properties":{"kind":"road","id":"-32270595","speed":50.0,"lanes":1,"priority":4}},{"type":"Feature","geometry":{"type":"LineString","coordinates":[[11.017552504398694,49.58192137769635],[11.017596116618321,49.5821703347246],[11.017624936891888,49.58252353868879]]},"properties":{"kind":"road","id":"-32271499","speed":50.0,"lanes":1,"priority":6}},{"type":"Feature","geometry":{"type":"LineString","coordinates":[[11.011150835167383,49.58145037014456],[11.010993851611422,49.58163651882796],[11.010213467850148,49.582550088500504],[11.008959868456085,49.58401583308768]]},"properties":{"kind":"road","id":"-32282774","speed":50.0,"lanes":1,"priority":6}},{"type":"Feature","geometry":{"type":"LineString","coordinates":[[11.020354400193384,49.581428910971965],[11.020372329894654,49.58177924605891],[11.020376145213405,49.58187831085659]]},"properties":{"kind":"road","id":"-32302591#0","speed":50.0,"lanes":1,"priority":6}},{"type":"Feature","geometry":{"type":"LineString","coordinates":[[11.02031855271617,49.580885933279674],[11.020349355811376,49.58134363088634]]},"properties":{"kind":"road","id":"-32302591#1","speed":50.0,"lanes":1,"priority":6}},{"type":"Feature","geometry":{"type":"LineString","coordinates":[[11.02026289780296,49.580278713046695],[11.020311718671017,49.58080086434935]]},"properties":{"kind":"road","id":"-32302591#2","speed":50.0,"lanes":1,"priority":6}},{"type":"Feature","geometry":{"type":"LineString","coordinates":[[11.02017704579168,49.57960689191163],[11.020253444699751,49.58019386975141]]},"properties":{"kind":"road","id":"-32302591#3","speed":50.0,"lanes":1,"priority":6}},{"type":"Feature","geometry":{"type":"LineString","coordinates":[[11.020112991685897,49.57911109368008],[11.020166050029289,49.579521535802776]]},"properties":{"kind":"road","id":"-32302591#4","speed":50.0,"lanes":1,"priority":6}},{"type":"Feature","geometry":{"type":"LineString","coordinates":[[11.02002210631105,49.57790520168743],[11.020053939708003,49.57840138272177],[11.020067102691687,49.57852583185691],[11.020103685688797,49.57902309933278]]},"properties":{"kind":"road","id":"-32302591#5","speed":50.0,"lanes":1,"priority":6}},{"type":"Feature","geometry":{"type":"LineString","coordinates":[[11.03474603423524,49.58784729867916],[11.034745607105904,49.587817080986824],[11.034751704974122,49.58779403497634],[11.034665740183987,49.587161267224644],[11.034422166595151,49.58583636083658],[11.034050011471244,49.584114129775834],[11.034000032293275,49.5838638512549],[11.033590200618102,49.58181367131584],[11.033574076484564,49.581692064298245]]},"properties":{"kind":"road","id":"-32320329","speed":60.0,"lanes":1,"priority":6}},{"type":"Feature","geometry":{"type":"LineString","coordinates":[[10.99985618989842,49.572607752571365],[10.999922249882804,49.57334065047045],[10.999915912771264,49.573473264993495],[10.999559870757729,49.57365636232734]]},"properties":{"kind":"road","id":"-32611578","speed":50.0,"lanes":1,"priority":4}},{"type":"Feature","geometry":{"type":"LineString","coordinates":[[11.018135837153126,49.5778247760504],[11.018486463670765,49.57781982872587],[11.019311504678203,49.57782270306427],[11.01955646414854,49.57782841242872],[11.019934494632261,49.5778405237603]]},"properties":{"kind":"road","id":"-33174302#0","speed":50.0,"lanes":1,"priority":6}},{"type":"Feature","geometry":{"type":"LineString","coordinates":[[11.016543590070084,49.57786621304916],[11.01677950655031,49.57785391481427],[11.017591967457912,49.57783687058741],[11.017783610968944,49.577831189505744],[11.018047770420957,49.57782613231368]]},"properties":{"kind":"road","id":"-33174302#1","speed":50.0,"lanes":1,"priority":6}},{"type":"Feature","geometry":{"type":"LineString","coordinates":[[11.015794766269908,49.57411640478348],[11.015778418359751,49.57392778205437]]},"properties":{"kind":"road","id":"-35842306#0","speed":50.0,"lanes":1,"priority":4}},{"type":"Feature","geometry":{"type":"LineString","coordinates":[[11.01581958346686,49.57450386256734],[11.015801060485126,49.57420202316727]]},"properties":{"kind":"road","id":"-35842306#1","speed":50.0,"lanes":1,"priority":4}},{"type":"Feature","geometry":{"type":"LineString","coordinates":[[11.033522348238154,49.58166580678304],[11.033457217436766,49.58166659170596],[11.032526083008042,49.581689160393395],[11.030512481506308,49.58175492250336]]},"properties":{"kind":"road","id":"-37591481","speed":80.0,"lanes":1,"priority":5}},{"type":"Feature","geometry":{"type":"LineString","coordinates":[[11.031348194841732,49.57394429950113],[11.031198405173063,49.57391148675511],[11.030282035416784,49.57333961871062],[11.030171780938565,49.57325276684465],[11.030150248514003,49.57318055010787]]},"properties":{"kind":"road","id":"-39539626","speed":50.0,"lanes":1,"priority":4}},{"type":"Feature","geometry":{"type":"LineString","coordinates":[[11.010858344295475,49.58120762576781],[11.011000241375172,49.581297274238615],[11.011070833394152,49.58134183473878],[11.011121000703774,49.58136408136071]]},"properties":{"kind":"road","id":"-3998612#0","speed":50.0,"lanes":1,"priority":4}},{"type":"Feature","geometry":{"type":"LineString","coordinates":[[11.0084788360502,49.58098781631166],[11.009715599347688,49.58098595005998],[11.009965297370629,49.58099888392348],[11.010228742963779,49.58100968931285],[11.010327048486483,49.581011579449196],[11.010431381268697,49.58102883717318],[11.010647646861552,49.58107995204921],[11.010717283103663,49.58112147087501]]},"properties":{"kind":"road","id":"-3998612#1","speed":50.0,"lanes":1,"priority":4}},{"type":"Feature","geometry":{"type":"LineString","coordinates":[[11.00580263323089,49.58086008933205],[11.006373533534328,49.580922604822845],[11.007118545771434,49.58096653477043],[11.007234346429005,49.58097334146444],[11.007620169414306,49.58099615265865],[11.008345085127285,49.58098860887924]]},"properties":{"kind":"road","id":"-3998612#2","speed":50.0,"lanes":1,"priority":4}},{"type":"Feature","geometry":{"type":"LineString","coordinates":[[11.012750294868722,49.58186369933811],[11.01132887493488,49.58149369237548],[11.011291014721069,49.58148139690625],[11.011210122175768,49.581442053125656]]},"properties":{"kind":"road","id":"-3998613#0","speed":50.0,"lanes":1,"priority":4}},{"type":"Feature","geometry":{"type":"LineString","coordinates":[[11.014229121908711,49.58184659893347],[11.013995778885933,49.58185803746214],[11.01390423596316,49.58186250954437],[11.013767435034879,49.58186992824157],[11.013271035166927,49.58189358988936],[11.013077758425554,49.581886877919146],[11.01287256611037,49.58187974323995]]},"properties":{"kind":"road","id":"-3998613#1","speed":50.0,"lanes":1,"priority":4}},{"type":"Feature","geometry":{"type":"LineString","coordinates":[[11.017421501046066,49.581737273477685],[11.01493358542882,49.58180239810015],[11.014632817642621,49.58182274834335],[11.014359566779879,49.581839380308274]]},"properties":{"kind":"road","id":"-3998613#2","speed":50.0,"lanes":1,"priority":4}},{"type":"Feature","geometry":{"type":"LineString","coordinates":[[11.006421071747361,49.5781252336137],[11.006171831556053,49.57821078587644],[11.005377615723038,49.57844026906877],[11.005296451582574,49.57846830280642],[11.005085003460184,49.578554547002696]]},"properties":{"kind":"road","id":"-3998615#0","speed":50.0,"lanes":1,"priority":4}},{"type":"Feature","geometry":{"type":"LineString","coordinates":[[11.007926584867336,49.57788807826313],[11.007504036657577,49.577950733824146],[11.006935870711164,49.578034984567424],[11.006550719006338,49.57809204034449]]},"properties":{"kind":"road","id":"-3998615#1","speed":50.0,"lanes":1,"priority":4}},{"type":"Feature","geometry":{"type":"LineString","coordinates":[[11.010545323451597,49.57765144316096],[11.009712252219755,49.577661779336744],[11.009534281665045,49.57767701474117],[11.009226031322317,49.57770323818526],[11.009057000570753,49.57772731318663],[11.0080583304097,49.57786896994888]]},"properties":{"kind":"road","id":"-3998615#2","speed":50.0,"lanes":1,"priority":4}},{"type":"Feature","geometry":{"type":"LineString","coordinates":[[11.012677032965835,49.57781704922119],[11.011768683689365,49.57773947349746],[11.011210642787,49.577689534951794],[11.011081780931217,49.577681160192576],[11.010679107940108,49.57765505525962]]},"properties":{"kind":"road","id":"-3998615#3","speed":50.0,"lanes":1,"priority":4}},{"type":"Feature","geometry":{"type":"LineString","coordinates":[[11.008455018770821,49.57978444079155],[11.008452457581104,49.579957920116264],[11.008452409613325,49.5801858690453],[11.008452416851025,49.5802972342456],[11.008443833645117,49.580586861120665],[11.008443773753022,49.580720176702016],[11.008436318034878,49.580959768545064]]},"properties":{"kind":"road","id":"-3998643#0","speed":50.0,"lanes":1,"priority":4}},{"type":"Feature","geometry":{"type":"LineString","coordinates":[[11.008027070637104,49.57790279617536],[11.008115544401358,49.57810680972053],[11.008248637141802,49.578413677854265],[11.008399301549398,49.57876099079975],[11.0084164319078,49.57905691805598],[11.008430976685794,49.57955268211906],[11.00844978868631,49.57969412596151]]},"properties":{"kind":"road","id":"-3998643#1","speed":50.0,"lanes":1,"priority":4}},{"type":"Feature","geometry":{"type":"LineString","coordinates":[[11.00764290564723,49.57692201762635],[11.007649427366069,49.57693935589452],[11.00799233373313,49.57781821086744]]},"properties":{"kind":"road","id":"-3998643#2","speed":50.0,"lanes":1,"priority":4}},{"type":"Feature","geometry":{"type":"LineString","coordinates":[[11.010972218615587,49.58002677506838],[11.010914941189656,49.58037670939825],[11.010897042824656,49.58051006519793],[11.0108168539727,49.581110384963594]]},"properties":{"kind":"road","id":"-3998645#0","speed":50.0,"lanes":1,"priority":4}},{"type":"Feature","geometry":{"type":"LineString","coordinates":[[11.01275557417589,49.57785652283678],[11.012703604752206,49.57799550925987],[11.012479574012195,49.57839764120323],[11.012449636024247,49.578439991453706],[11.012379947773397,49.578535027619374],[11.012226872076276,49.57874521833234],[11.012107959504336,49.578921620966874],[11.011755677853175,49.57937428810489],[11.011512065033802,49.579727822526046],[11.011407346388333,49.579886166349205],[11.011134432583509,49.58000497474527],[11.011018341011136,49.58000114556476]]},"properties":{"kind":"road","id":"-3998645#1","speed":50.0,"lanes":1,"priority":4}},{"type":"Feature","geometry":{"type":"LineString","coordinates":[[11.01300328822377,49.57644323349531],[11.013003199010347,49.57645115116929],[11.012998163407454,49.57672884277522],[11.012965139249358,49.57698192364445],[11.012920120245417,49.57714858563866],[11.01284962917592,49.57747284375797],[11.01284302183566,49.577503903546294],[11.012782395885305,49.577768709025925]]},"properties":{"kind":"road","id":"-3998645#2","speed":50.0,"lanes":1,"priority":4}},{"type":"Feature","geometry":{"type":"LineString","coordinates":[[11.013032912620933,49.58425628537791],[11.012923300900054,49.583455426655476],[11.012829552896383,49.58274073932726],[11.012772685166427,49.58225650683749],[11.012766041075238,49.58218582717169],[11.012782165123612,49.58190524423534]]},"properties":{"kind":"road","id":"-3998653","speed":50.0,"lanes":1,"priority":4}},{"type":"Feature","geometry":{"type":"LineString","coordinates":[[11.031438800407464,49.569296653004585],[11.031427522632818,49.56894836075516]]},"properties":{"kind":"road","id":"-4006668","speed":60.0,"lanes":1,"priority":6}},{"type":"Feature","geometry":{"type":"LineString","coordinates":[[11.024240648251096,49.581756158470014],[11.023105320744534,49.58181262877246],[11.0222880949178,49.581853183254864],[11.020424122512722,49.58193450508778]]},"properties":{"kind":"road","id":"-4006672","speed":30.0,"lanes":1,"priority":4}},{"type":"Feature","geometry":{"type":"LineString","coordinates":[[11.0242886522944,49.581274683891515],[11.024322642030386,49.58169481320269]]},"properties":{"kind":"road","id":"-4006674#0","speed":30.0,"lanes":1,"priority":4}},{"type":"Feature","geometry":{"type":"LineString","coordinates":[[11.024188337598416,49.5807328351186],[11.024276420142707,49.58118638124494]]},"properties":{"kind":"road","id":"-4006674#1","speed":30.0,"lanes":1,"priority":4}},{"type":"Feature","geometry":{"type":"LineString","coordinates":[[11.02402140829198,49.580195929775094],[11.024165329878146,49.58064490089275]]},"properties":{"kind":"road","id":"-4006674#2","speed":30.0,"lanes":1,"priority":4}},{"type":"Feature","geometry":{"type":"LineString","coordinates":[[11.023687676906128,49.57944928597245],[11.02398592176086,49.58010731425757]]},"properties":{"kind":"road","id":"-4006674#3","speed":30.0,"lanes":1,"priority":4}},{"type":"Feature","geometry":{"type":"LineString","coordinates":[[11.023653716114557,49.578862467413],[11.023664791055298,49.579357571354095]]},"properties":{"kind":"road","id":"-4006674#4","speed":30.0,"lanes":1,"priority":4}},{"type":"Feature","geometry":{"type":"LineString","coordinates":[[11.025496668952753,49.581654205320696],[11.025282442798657,49.58059359651111],[11.0252604499283,49.579925428626645],[11.025312351269582,49.579441456397596]]},"properties":{"kind":"road","id":"-4006675","speed":30.0,"lanes":1,"priority":4}},{"type":"Feature","geometry":{"type":"LineString","coordinates":[[11.018518279745006,49.57955308454278],[11.020079504150926,49.579553092241795]]},"properties":{"kind":"road","id":"-4006676","speed":50.0,"lanes":1,"priority":4}},{"type":"Feature","geometry":{"type":"LineString","coordinates":[[11.024194938607959,49.58125005638092],[11.022265827582657,49.58132130317446],[11.020397463361734,49.581399642944156]]},"properties":{"kind":"road","id":"-4006682","speed":30.0,"lanes":1,"priority":4}},{"type":"Feature","geometry":{"type":"LineString","coordinates":[[11.02408730838789,49.58071193375306],[11.022218125371754,49.58079661431682],[11.020359407166108,49.58085679378657]]},"properties":{"kind":"road","id":"-4006683","speed":30.0,"lanes":1,"priority":4}},{"type":"Feature","geometry":{"type":"LineString","coordinates":[[11.02029988132184,49.5802195059231],[11.022162780112545,49.58013721500987],[11.023040534432312,49.580125828091944],[11.023905230860416,49.58014659730644]]},"properties":{"kind":"road","id":"-4006684","speed":30.0,"lanes":1,"priority":4}},{"type":"Feature","geometry":{"type":"LineString","coordinates":[[11.021799570264902,49.57806746891192],[11.02178132507248,49.57816826858439],[11.021746388787347,49.578417517425954],[11.021726029264386,49.57861109864209],[11.022110178401189,49.57865727924034],[11.022607925902632,49.578703901473396],[11.023081877238308,49.57875381627072],[11.023566179115274,49.57880309831316]]},"properties":{"kind":"road","id":"-4006687","speed":50.0,"lanes":1,"priority":4}},{"type":"Feature","geometry":{"type":"LineString","coordinates":[[11.026463040407414,49.57822102405764],[11.027125545655569,49.57831421669733]]},"properties":{"kind":"road","id":"-4006688#0","speed":50.0,"lanes":1,"priority":4}},{"type":"Feature","geometry":{"type":"LineString","coordinates":[[11.026093456033221,49.57819250409894],[11.02633549090514,49.578207695712564]]},"properties":{"kind":"road","id":"-4006688#1","speed":50.0,"lanes":1,"priority":4}},{"type":"Feature","geometry":{"type":"LineString","coordinates":[[11.025578408503945,49.578169048595306],[11.025960084690352,49.57818557421659]]},"properties":{"kind":"road","id":"-4006688#2","speed":50.0,"lanes":1,"priority":4}},{"type":"Feature","geometry":{"type":"LineString","coordinates":[[11.024650010969244,49.578165958744485],[11.025447685661193,49.57816593986106]]},"properties":{"kind":"road","id":"-4006688#3","speed":50.0,"lanes":1,"priority":4}},{"type":"Feature","geometry":{"type":"LineString","coordinates":[[11.023801871292688,49.57816334661906],[11.024508478722185,49.57816573679301]]},"properties":{"kind":"road","id":"-4006688#4","speed":50.0,"lanes":1,"priority":4}},{"type":"Feature","geometry":{"type":"LineString","coordinates":[[11.023302629579913,49.57398642481797],[11.02331489990571,49.57397874387202],[11.023913107561446,49.57360260895641],[11.023989709825278,49.57355503142706]]},"properties":{"kind":"road","id":"-4006690","speed":50.0,"lanes":1,"priority":4}},{"type":"Feature","geometry":{"type":"LineString","coordinates":[[11.024119969145799,49.57575397705735],[11.023887455917592,49.57575462646758],[11.023539453762629,49.57575576619086],[11.022792818336413,49.57575802818937],[11.022338425279726,49.575755537089165],[11.021862783165066,49.575714194733834],[11.021446420419784,49.57567793168804]]},"properties":{"kind":"road","id":"-4006691","speed":30.0,"lanes":1,"priority":4}},{"type":"Feature","geometry":{"type":"LineString","coordinates":[[11.027677202346872,49.57553282373726],[11.027840979855865,49.5756560715922],[11.027892529159951,49.57569492861438],[11.028861367767908,49.57630403672939]]},"properties":{"kind":"road","id":"-4006693#0","speed":50.0,"lanes":1,"priority":4}},{"type":"Feature","geometry":{"type":"LineString","coordinates":[[11.026489359231505,49.574878965839034],[11.026746100751433,49.57500913264183],[11.027153440954656,49.57523498217575],[11.027568581457468,49.57546537129635]]},"properties":{"kind":"road","id":"-4006693#1","speed":50.0,"lanes":1,"priority":4}},{"type":"Feature","geometry":{"type":"LineString","coordinates":[[11.025670952118146,49.57437362217959],[11.025859535710236,49.574491490898986],[11.026388238015683,49.57482217565905]]},"properties":{"kind":"road","id":"-4006693#2","speed":50.0,"lanes":1,"priority":4}},{"type":"Feature","geometry":{"type":"LineString","coordinates":[[11.025153203251561,49.574080074194505],[11.025571122153323,49.57431455977962]]},"properties":{"kind":"road","id":"-4006693#3","speed":50.0,"lanes":1,"priority":4}},{"type":"Feature","geometry":{"type":"LineString","coordinates":[[11.024120663280918,49.57355732811318],[11.024312971536705,49.573658402342325],[11.024513821003186,49.573758607140654],[11.024945892744368,49.57397422639862],[11.025082645422055,49.574043077943045]]},"properties":{"kind":"road","id":"-4006693#4","speed":50.0,"lanes":1,"priority":4}},{"type":"Feature","geometry":{"type":"LineString","coordinates":[[11.008944804534057,49.570922206843825],[11.008384119604097,49.57094741413011],[11.006628215076743,49.57102681935817],[11.006127862234699,49.57110665195463],[11.00483514676446,49.5714416578845],[11.004015765395215,49.57152700938857],[11.003241180851695,49.571605192532566],[11.003027234126769,49.57165342509485],[11.002882921169173,49.57169631378395],[11.002413657914905,49.571883808946694],[11.002227415031642,49.57195332983538],[11.001599477962921,49.572201409299716],[11.001042248504614,49.57238934125079],[11.000599833196906,49.57246922714655]]},"properties":{"kind":"road","id":"-4006701","speed":50.0,"lanes":1,"priority":4}},{"type":"Feature","geometry":{"type":"LineString","coordinates":[[11.003943844247445,49.57666059807815],[11.004074893583354,49.576891313735125],[11.004169562106187,49.57705789126306],[11.004422111795547,49.577502215823],[11.004452661152149,49.57755566005208]]},"properties":{"kind":"road","id":"-4006702#0","speed":50.0,"lanes":1,"priority":6}},{"type":"Feature","geometry":{"type":"LineString","coordinates":[[11.002975170616702,49.57509522898136],[11.003238460801457,49.575511843720285],[11.00367427420604,49.57618553246163],[11.003796386009638,49.57640075090764],[11.00381740556558,49.57643771852876],[11.003885398184762,49.57655762145085]]},"properties":{"kind":"road","id":"-4006702#1","speed":50.0,"lanes":1,"priority":6}},{"type":"Feature","geometry":{"type":"LineString","coordinates":[[11.000575854920719,49.57250526431534],[11.001119840924995,49.57317718205214],[11.001978509560587,49.5740038636915],[11.002130767275984,49.574168456833405],[11.002911627233718,49.57501293999665]]},"properties":{"kind":"road","id":"-4006702#2","speed":50.0,"lanes":1,"priority":6}},{"type":"Feature","geometry":{"type":"LineString","coordinates":[[11.000052979493942,49.57035626318902],[11.000158004673747,49.56936241372235],[11.000861126878732,49.56782478262455],[11.00085831913653,49.56770536969425],[11.000917965031572,49.56685713296089],[11.000914930773998,49.566752476708565],[11.000897937029013,49.56615078534187]]},"properties":{"kind":"road","id":"-4006703#0","speed":50.0,"lanes":1,"priority":6}},{"type":"Feature","geometry":{"type":"LineString","coordinates":[[11.000072251612158,49.570810836978964],[11.000050713925967,49.57044634821075]]},"properties":{"kind":"road","id":"-4006703#1","speed":50.0,"lanes":1,"priority":6}},{"type":"Feature","geometry":{"type":"LineString","coordinates":[[11.000006435160318,49.570418867540525],[10.998280015553195,49.570454637376876]]},"properties":{"kind":"road","id":"-4006705#0","speed":50.0,"lanes":1,"priority":4}},{"type":"Feature","geometry":{"type":"LineString","coordinates":[[11.001827141820499,49.57038539852995],[11.00179265427442,49.570391032806015],[11.000141611906868,49.570416440624754]]},"properties":{"kind":"road","id":"-4006705#1","speed":50.0,"lanes":1,"priority":4}},{"type":"Feature","geometry":{"type":"LineString","coordinates":[[11.003754746559597,49.56997988073855],[11.001965475628529,49.57035871671178]]},"properties":{"kind":"road","id":"-4006705#2","speed":50.0,"lanes":1,"priority":4}},{"type":"Feature","geometry":{"type":"LineString","coordinates":[[11.007979987998473,49.58244125545822],[11.007294620863716,49.583490518391386]]},"properties":{"kind":"road","id":"-4006724#0","speed":50.0,"lanes":1,"priority":4}},{"type":"Feature","geometry":{"type":"LineString","coordinates":[[11.008073595159281,49.582298310264356],[11.008031409973434,49.582362641184915]]},"properties":{"kind":"road","id":"-4006724#1","speed":50.0,"lanes":1,"priority":4}},{"type":"Feature","geometry":{"type":"LineString","coordinates":[[11.008434607922213,49.58104615582484],[11.008432625450258,49.58133144015618],[11.008356265369983,49.5817393659945],[11.00814958567667,49.582181218209534],[11.008124878585141,49.58221969835102]]},"properties":{"kind":"road","id":"-4006724#2","speed":50.0,"lanes":1,"priority":4}},{"type":"Feature","geometry":{"type":"LineString","coordinates":[[11.009503902092922,49.58274322598763],[11.008552495621567,49.583863054433806]]},"properties":{"kind":"road","id":"-4006725#0","speed":50.0,"lanes":1,"priority":4}},{"type":"Feature","geometry":{"type":"LineString","coordinates":[[11.010766915038468,49.58123503213556],[11.010109666463526,49.58204759962623],[11.009567676708553,49.58266898422311]]},"properties":{"kind":"road","id":"-4006725#1","speed":50.0,"lanes":1,"priority":4}},{"type":"Feature","geometry":{"type":"LineString","coordinates":[[11.00836571900062,49.57975585577144],[11.008056388675213,49.57976284422146],[11.00754166367496,49.57977438551769],[11.00744712479904,49.57977656563837],[11.007190589791882,49.57978227588229],[11.007071191133445,49.57973154317246],[11.006902786610166,49.57965980115553],[11.006777868477279,49.57938346470372],[11.006754447068223,49.579331876480175],[11.006716117766587,49.57916981119285],[11.006593435551382,49.57864776634944],[11.006533096401522,49.57839090943761],[11.006474778168242,49.578142833112054]]},"properties":{"kind":"road","id":"-4006726#0","speed":50.0,"lanes":1,"priority":4}},{"type":"Feature","geometry":{"type":"LineString","coordinates":[[11.009798842776243,49.57982326402692],[11.009655354536859,49.57981595133718],[11.00849971552898,49.579757757575415]]},"properties":{"kind":"road","id":"-4006726#1","speed":50.0,"lanes":1,"priority":4}},{"type":"Feature","geometry":{"type":"LineString","coordinates":[[11.010897962456923,49.579983897400005],[11.01053822178303,49.57988193254455],[11.01040010430924,49.57987065934384],[11.009926327639171,49.579831664160785]]},"properties":{"kind":"road","id":"-4006726#2","speed":50.0,"lanes":1,"priority":4}},{"type":"Feature","geometry":{"type":"LineString","coordinates":[[11.01478600769539,49.585471028693014],[11.014781889525842,49.584339995822134],[11.01456793699301,49.58346881089814],[11.014428155295642,49.58267837386496],[11.014276311234807,49.581873753655834]]},"properties":{"kind":"road","id":"-4006740","speed":30.0,"lanes":1,"priority":4}},{"type":"Feature","geometry":{"type":"LineString","coordinates":[[11.015650290822432,49.57266109517275],[11.01557170331764,49.571915199794056]]},"properties":{"kind":"road","id":"-4047316","speed":30.0,"lanes":1,"priority":4}},{"type":"Feature","geometry":{"type":"LineString","coordinates":[[11.00791377869665,49.58239220918889],[11.006995733466512,49.58211731095139],[11.005895411887698,49.582117142336195]]},"properties":{"kind":"road","id":"-4047378","speed":50.0,"lanes":1,"priority":4}},{"type":"Feature","geometry":{"type":"LineString","coordinates":[[11.026531845186291,49.57957464639798],[11.026536142606933,49.58009244782152],[11.026780754848645,49.581591957177764],[11.02678339850648,49.5816056741307]]},"properties":{"kind":"road","id":"-4047532","speed":30.0,"lanes":1,"priority":4}},{"type":"Feature","geometry":{"type":"LineString","coordinates":[[11.010633551585887,49.57768094467731],[11.010612633444806,49.57809087736561],[11.010552152254458,49.57820131478192],[11.010432738204827,49.578473347499845],[11.010297465529456,49.5786826865224],[11.010229525570434,49.57877661151849],[11.010033423789183,49.579104849300705],[11.009997212705668,49.57922017213522],[11.009972287453484,49.57930714270326],[11.009945891541669,49.579398726562594],[11.009922765948128,49.57951939929922],[11.009893921405759,49.57977024754825]]},"properties":{"kind":"road","id":"-4099270#0","speed":50.0,"lanes":1,"priority":4}},{"type":"Feature","geometry":{"type":"LineString","coordinates":[[11.010641696954236,49.57673473694605],[11.010641248972439,49.576814715529686],[11.010639243707288,49.57711934105918],[11.010636057760472,49.57759382381992]]},"properties":{"kind":"road","id":"-4099270#1","speed":50.0,"lanes":1,"priority":4}},{"type":"Feature","geometry":{"type":"LineString","coordinates":[[11.019457321035157,49.57289317783471],[11.019483408166336,49.573169966955874],[11.019509939652904,49.573725611981],[11.018437563638727,49.57408310072463],[11.017044192216181,49.57446614652502],[11.016892880481164,49.574459968795864],[11.016803054110236,49.57440171399567],[11.016778976160168,49.57367331026344]]},"properties":{"kind":"road","id":"-4099309","speed":50.0,"lanes":1,"priority":4}},{"type":"Feature","geometry":{"type":"LineString","coordinates":[[11.017520754686453,49.58175875135866],[11.017552504398694,49.58192137769635]]},"properties":{"kind":"road","id":"-41973977","speed":50.0,"lanes":1,"priority":6}},{"type":"Feature","geometry":{"type":"LineString","coordinates":[[11.026810167122665,49.58183432306688],[11.026816858514213,49.581955736367334],[11.026821824004934,49.58204551539785]]},"properties":{"kind":"road","id":"-4392769","speed":80.0,"lanes":1,"priority":5}},{"type":"Feature","geometry":{"type":"LineString","coordinates":[[11.01699179320585,49.57269852505401],[11.016999600144628,49.57275704026666],[11.017042069336586,49.57306916684635],[11.017097493052512,49.57347741041704]]},"properties":{"kind":"road","id":"-4690348","speed":50.0,"lanes":1,"priority":4}},{"type":"Feature","geometry":{"type":"LineString","coordinates":[[11.009445322366972,49.582691349399184],[11.008130439184105,49.58228437001812]]},"properties":{"kind":"road","id":"-4872369","speed":50.0,"lanes":1,"priority":4}},{"type":"Feature","geometry":{"type":"LineString","coordinates":[[11.000841216163572,49.575740255488576],[11.001443650969453,49.575526984820186],[11.001970110240508,49.57535703507489],[11.0020543139686,49.57533236936629],[11.002855299690399,49.575066359406634]]},"properties":{"kind":"road","id":"-4900043","speed":50.0,"lanes":1,"priority":4}},{"type":"Feature","geometry":{"type":"LineString","coordinates":[[11.019460374588212,49.572809645333095],[11.019546072301619,49.57277792416396],[11.020453048108457,49.57244229433218]]},"properties":{"kind":"road","id":"-4900739#0","speed":50.0,"lanes":1,"priority":4}},{"type":"Feature","geometry":{"type":"LineString","coordinates":[[11.017149486281898,49.57349710382124],[11.018090788384905,49.573218286132935],[11.018344835216926,49.573143058933645],[11.018516614149583,49.57309220535256],[11.019341470810325,49.57284788314019]]},"properties":{"kind":"road","id":"-4900739#1","speed":50.0,"lanes":1,"priority":4}},{"type":"Feature","geometry":{"type":"LineString","coordinates":[[11.01683651127765,49.573589187931155],[11.017024848597451,49.573533909947116]]},"properties":{"kind":"road","id":"-4900739#2","speed":50.0,"lanes":1,"priority":4}},{"type":"Feature","geometry":{"type":"LineString","coordinates":[[11.01586636376849,49.57385986216809],[11.015885818303177,49.57385529525032],[11.016710588296515,49.57362502660591]]},"properties":{"kind":"road","id":"-4900741","speed":50.0,"lanes":1,"priority":4}},{"type":"Feature","geometry":{"type":"LineString","coordinates":[[11.010379895818883,49.57457188863097],[11.010634063556902,49.574889603889446],[11.011417900919962,49.5746250017863],[11.011518502665284,49.574760435499186]]},"properties":{"kind":"road","id":"-54105725","speed":80.0,"lanes":1,"priority":5}},{"type":"Feature","geometry":{"type":"LineString","coordinates":[[11.030863736687303,49.57287054262074],[11.031355114891843,49.57283160055978],[11.031417081078564,49.57282817364721]]},"properties":{"kind":"road","id":"-5445204#1","speed":50.0,"lanes":1,"priority":4}},{"type":"Feature","geometry":{"type":"LineString","coordinates":[[11.03018161581079,49.57310641555749],[11.030299657613691,49.57304092498677],[11.030513953024885,49.572908256898664],[11.03073408425599,49.57288289359184]]},"properties":{"kind":"road","id":"-5445204#2","speed":50.0,"lanes":1,"priority":4}},{"type":"Feature","geometry":{"type":"LineString","coordinates":[[11.02633110016475,49.571041152391615],[11.027714770761209,49.57185664918867],[11.028089225686072,49.57207722466176],[11.028564641330009,49.57235737875792],[11.028893876982265,49.57255139786952],[11.02910372847844,49.572675095322886],[11.029331444852717,49.57280927376546],[11.029835661853754,49.573106458907304],[11.029990331091764,49.57313693888328],[11.030095230471865,49.57312808161887]]},"properties":{"kind":"road","id":"-5445204#3","speed":50.0,"lanes":1,"priority":4}},{"type":"Feature","geometry":{"type":"LineString","coordinates":[[11.02489095386207,49.57301778549263],[11.024433046178043,49.57331419833677],[11.024187435644038,49.57347277057797]]},"properties":{"kind":"road","id":"-5558","speed":50.0,"lanes":1,"priority":4}},{"type":"Feature","geometry":{"type":"LineString","coordinates":[[11.009364854800621,49.57493639248774],[11.009339353348716,49.57490490104605]]},"properties":{"kind":"road","id":"-67076129","speed":80.0,"lanes":1,"priority":5}},{"type":"Feature","geometry":{"type":"LineString","coordinates":[[11.02211307413668,49.57690002831577],[11.021905373706568,49.57762834385535],[11.021817766919794,49.57798223246828]]},"properties":{"kind":"road","id":"-8402997","speed":50.0,"lanes":1,"priority":4}},{"type":"Feature","geometry":{"type":"LineString","coordinates":[[11.022032269972625,49.57686284947314],[11.020940270127328,49.57678000959377],[11.02051124327459,49.57674882198623]]},"properties":{"kind":"road","id":"-8402998#0","speed":30.0,"lanes":1,"priority":4}},{"type":"Feature","geometry":{"type":"LineString","coordinates":[[11.022694385913931,49.57689040631328],[11.0226381164791,49.5768878817861],[11.022162199920444,49.57687029379872]]},"properties":{"kind":"road","id":"-8402998#1","speed":30.0,"lanes":1,"priority":4}},{"type":"Feature","geometry":{"type":"LineString","coordinates":[[11.023935513531525,49.57692294422367],[11.022887483188093,49.576896565527235],[11.022825444927191,49.576895041518355]]},"properties":{"kind":"road","id":"-8402998#2","speed":30.0,"lanes":1,"priority":4}},{"type":"Feature","geometry":{"type":"LineString","coordinates":[[11.028044899007122,49.57723815262642],[11.027447839321512,49.577071493769566],[11.02687234405785,49.576911020843106],[11.025753623030171,49.57682788491169],[11.024087724315407,49.57692055122346]]},"properties":{"kind":"road","id":"-8402998#3","speed":30.0,"lanes":1,"priority":4}},{"type":"Feature","geometry":{"type":"LineString","coordinates":[[11.023746462804885,49.57822179773151],[11.023659515616135,49.57878194531728]]},"properties":{"kind":"road","id":"-8403001","speed":50.0,"lanes":1,"priority":4}},{"type":"Feature","geometry":{"type":"LineString","coordinates":[[11.025354864453236,49.57593737497342],[11.024293971811895,49.57593732154044]]},"properties":{"kind":"road","id":"-8403007","speed":50.0,"lanes":1,"priority":4}},{"type":"Feature","geometry":{"type":"LineString","coordinates":[[11.00917170887933,49.57492544391402],[11.009105081635564,49.57494684105333],[11.008815236430411,49.57503346411184],[11.00844899635783,49.57515631558206],[11.007571779784183,49.57543826010588],[11.006892231041677,49.57565946731219],[11.00513277280138,49.57621999457711],[11.004855166103166,49.576308554452396]]},"properties":{"kind":"road","id":"-94344940#0","speed":80.0,"lanes":1,"priority":5}},{"type":"Feature","geometry":{"type":"LineString","coordinates":[[11.010280997036435,49.5745720778941],[11.009513108648255,49.57481759445634],[11.009398803271331,49.574853583152795]]},"properties":{"kind":"road","id":"-94344940#2","speed":80.0,"lanes":1,"priority":5}},{"type":"Feature","geometry":{"type":"LineString","coordinates":[[11.013527041682988,49.57352944156744],[11.013071998173064,49.57367535281757],[11.012470723224176,49.57386797443723],[11.01229639226869,49.573924260733044],[11.011688070961203,49.574120599045074],[11.0112858835638,49.57425029160156],[11.010900489580804,49.5743746533212],[11.010398966863374,49.57453440543354]]},"properties":{"kind":"road","id":"-94344940#3","speed":80.0,"lanes":1,"priority":5}},{"type":"Feature","geometry":{"type":"LineString","coordinates":[[11.022776939385064,49.576926384682785],[11.02265204461406,49.57740542504018],[11.022424849177028,49.578040168257026]]},"properties":{"kind":"road","id":"-9643180","speed":30.0,"lanes":1,"priority":4}},{"type":"Feature","geometry":{"type":"LineString","coordinates":[[11.02496985716967,49.57298240105346],[11.025462952028533,49.5732721535454],[11.025523493379806,49.57330779568123],[11.02588630259794,49.5735210258282],[11.02600865672793,49.57359291705531],[11.026076001335129,49.57363248778727],[11.02651438271702,49.573890090162465],[11.026757253355177,49.57403282388805],[11.027060949176404,49.57421128342682],[11.027124690333965,49.574250646821056],[11.027152005092525,49.57429892441056],[11.027141305787861,49.57435452483003],[11.027092154076975,49.57439685580615],[11.026852193633367,49.57457152679281],[11.02648386162115,49.57483975133444]]},"properties":{"kind":"road","id":"10419402","speed":50.0,"lanes":1,"priority":4}},{"type":"Feature","geometry":{"type":"LineString","coordinates":[[11.025577706766565,49.57439675429543],[11.025319628309672,49.57457497770955],[11.02499849035648,49.57472030091473]]},"properties":{"kind":"road","id":"10425128#0","speed":30.0,"lanes":1,"priority":4}},{"type":"Feature","geometry":{"type":"LineString","coordinates":[[11.024888548051159,49.57476450456947],[11.024541098724095,49.57488914732508],[11.024178358419286,49.57496188205442],[11.02406592051809,49.57497923172506]]},"properties":{"kind":"road","id":"10425128#1","speed":30.0,"lanes":1,"priority":4}},{"type":"Feature","geometry":{"type":"LineString","coordinates":[[11.02603944758913,49.57825129162877],[11.025878056205991,49.5788538545418],[11.024495696982962,49.57883631257875],[11.024549768692951,49.5782241153573]]},"properties":{"kind":"road","id":"10425130","speed":50.0,"lanes":1,"priority":4}},{"type":"Feature","geometry":{"type":"LineString","coordinates":[[11.024565708992387,49.578131271684256],[11.02461535410604,49.577930250800236],[11.02492556655683,49.57737006299415]]},"properties":{"kind":"road","id":"10425131","speed":50.0,"lanes":1,"priority":4}},{"type":"Feature","geometry":{"type":"LineString","coordinates":[[11.004730628396993,49.5863668701756],[11.004852071027393,49.58589672625545],[11.004985696312122,49.58536942906745],[11.005122393236373,49.58487662144205],[11.00526829371777,49.58439237979971],[11.005439995004664,49.58383896451354],[11.005662844597204,49.58320361210014],[11.005726360758059,49.58303519327507],[11.005765569249974,49.58250008627579],[11.005804009397067,49.58214193557258]]},"properties":{"kind":"road","id":"10573414#0","speed":50.0,"lanes":1,"priority":6}},{"type":"Feature","geometry":{"type":"LineString","coordinates":[[11.005806229199468,49.58206111679098],[11.005773464648923,49.58143082483785],[11.005705280635894,49.580918539175855]]},"properties":{"kind":"road","id":"10573414#1","speed":50.0,"lanes":1,"priority":6}},{"type":"Feature","geometry":{"type":"LineString","coordinates":[[11.026387981548378,49.57817906989405],[11.02646089482438,49.578012273707635],[11.026814675109478,49.57751914446084]]},"properties":{"kind":"road","id":"10712011","speed":50.0,"lanes":1,"priority":4}},{"type":"Feature","geometry":{"type":"LineString","coordinates":[[11.025496377817143,49.5781324333683],[11.025544739919441,49.57796399860764],[11.025861366034956,49.57744201722217]]},"properties":{"kind":"road","id":"10712013","speed":50.0,"lanes":1,"priority":4}},{"type":"Feature","geometry":{"type":"LineString","coordinates":[[11.032106040839585,49.5765405273532],[11.032792389497283,49.578472870671256],[11.033424717757466,49.58041560445217],[11.033575766486944,49.58140327570577],[11.033607061392523,49.58160359747297]]},"properties":{"kind":"road","id":"113939241","speed":60.0,"lanes":1,"priority":6}},{"type":"Feature","geometry":{"type":"LineString","coordinates":[[11.031575149095614,49.57238083474405],[11.031546352462561,49.57280665307343]]},"properties":{"kind":"road","id":"113939242#0","speed":60.0,"lanes":1,"priority":6}},{"type":"Feature","geometry":{"type":"LineString","coordinates":[[11.03154699964364,49.572882204867064],[11.031600238505145,49.57392116287434],[11.031657954680647,49.574671462861815]]},"properties":{"kind":"road","id":"113939242#1","speed":60.0,"lanes":1,"priority":6}},{"type":"Feature","geometry":{"type":"LineString","coordinates":[[11.031667407629806,49.57475252723137],[11.031863076776709,49.57570010691444],[11.032044649833976,49.57636808034091]]},"properties":{"kind":"road","id":"113939242#2","speed":60.0,"lanes":1,"priority":6}},{"type":"Feature","geometry":{"type":"LineString","coordinates":[[11.031999943538247,49.57637750134596],[11.031773593983262,49.57561064285758],[11.03159683873733,49.574758714060486]]},"properties":{"kind":"road","id":"113939244#0","speed":60.0,"lanes":1,"priority":6}},{"type":"Feature","geometry":{"type":"LineString","coordinates":[[11.03158461394445,49.574674190071846],[11.03151797281827,49.57375223057214],[11.031466290834961,49.57288398192656]]},"properties":{"kind":"road","id":"113939244#1","speed":60.0,"lanes":1,"priority":6}},{"type":"Feature","geometry":{"type":"LineString","coordinates":[[11.031471400985964,49.57280050285281],[11.031551875184078,49.57237998405713]]},"properties":{"kind":"road","id":"113939244#2","speed":60.0,"lanes":1,"priority":6}},{"type":"Feature","geometry":{"type":"LineString","coordinates":[[11.016062574762165,49.57709400342303],[11.016042697466299,49.57703295486599]]},"properties":{"kind":"road","id":"122161381","speed":50.0,"lanes":2,"priority":6}},{"type":"Feature","geometry":{"type":"LineString","coordinates":[[11.016022406542715,49.57719684835656],[11.015932444710575,49.57725625762044],[11.015854867158948,49.57729727992936]]},"properties":{"kind":"road","id":"122161390","speed":50.0,"lanes":1,"priority":6}},{"type":"Feature","geometry":{"type":"LineString","coordinates":[[11.020907101462093,49.5851220230316],[11.020901865693142,49.585048890398355],[11.02083272131721,49.58470151907307],[11.020804270205215,49.58456546297283],[11.020762326334395,49.58432385440114],[11.020654962353339,49.58373786779173],[11.020649685118883,49.583727345162224],[11.020557493697371,49.5832473313543],[11.020523146995055,49.583042202033596],[11.020506081880468,49.58294058001434],[11.020381789883503,49.58225611708981],[11.020361765271787,49.58214312231932],[11.020337211381035,49.58200420937576]]},"properties":{"kind":"road","id":"125685391","speed":50.0,"lanes":1,"priority":6}},{"type":"Feature","geometry":{"type":"LineString","coordinates":[[11.03148627897486,49.56939414140239],[11.031521876458552,49.569638556954864],[11.031709723661212,49.57077815139146],[11.031610672093445,49.57219364188413]]},"properties":{"kind":"road","id":"126606716","speed":60.0,"lanes":1,"priority":6}},{"type":"Feature","geometry":{"type":"LineString","coordinates":[[11.033772690409654,49.560791841917684],[11.033729753861621,49.56111976790825],[11.032739300546346,49.564156738911436],[11.031926025844879,49.56665031051138],[11.031714875700864,49.56729774571099],[11.031563711473698,49.567761066160955],[11.031483685093097,49.5681688936085],[11.031480952413261,49.56839626091855],[11.03147006410695,49.56882698248107],[11.031471529439381,49.56889226494717]]},"properties":{"kind":"road","id":"15259223","speed":80.0,"lanes":1,"priority":6}},{"type":"Feature","geometry":{"type":"LineString","coordinates":[[11.01616757700697,49.57706388247877],[11.01615294635621,49.577084827310316],[11.016140601398986,49.57709745636114]]},"properties":{"kind":"road","id":"19796637","speed":50.0,"lanes":1,"priority":6}},{"type":"Feature","geometry":{"type":"LineString","coordinates":[[11.031429005768631,49.56929727477534],[11.031406886680987,49.569230915682446],[11.031346806869328,49.56916972094715],[11.03129525443671,49.569130685588924],[11.03120935731568,49.56909729077206],[11.031106403593233,49.569069502767114],[11.031020602695287,49.56905841525611],[11.028784249812913,49.56914686113073],[11.028353152114542,49.56919436088483],[11.027835473269262,49.569318759953205],[11.027318584035434,49.569529050974275]]},"properties":{"kind":"road","id":"23339459","speed":80.0,"lanes":1,"priority":10}},{"type":"Feature","geometry":{"type":"LineString","coordinates":[[11.024986924197208,49.57476170323502],[11.02523148413442,49.5750588651259],[11.025369499684414,49.575355283044615],[11.025456353402474,49.57564216160512],[11.025444499092945,49.57587373609402]]},"properties":{"kind":"road","id":"23341293","speed":30.0,"lanes":1,"priority":4}},{"type":"Feature","geometry":{"type":"LineString","coordinates":[[11.000831572966838,49.57624183604972],[11.000813375637588,49.57620616842557],[11.000640978346107,49.575968607858],[11.000651833896509,49.5759093191586]]},"properties":{"kind":"road","id":"23350929","speed":50.0,"lanes":1,"priority":4}},{"type":"Feature","geometry":{"type":"LineString","coordinates":[[11.000257305555047,49.57539169843985],[11.000377972172236,49.57555845923535],[11.000453145003204,49.57566474662364],[11.00053790841932,49.575704480723815]]},"properties":{"kind":"road","id":"23350930","speed":50.0,"lanes":1,"priority":4}},{"type":"Feature","geometry":{"type":"LineString","coordinates":[[11.031137388020717,49.57090226564829],[11.03119600347981,49.57231426780633],[11.030816410942315,49.57259349887741],[11.03081825067238,49.57284444420256]]},"properties":{"kind":"road","id":"23360299","speed":50.0,"lanes":1,"priority":4}},{"type":"Feature","geometry":{"type":"LineString","coordinates":[[11.02797351248482,49.56975595598403],[11.02702176105693,49.57047744223246],[11.026510199789637,49.57086017202141],[11.026326268250246,49.571001296506616]]},"properties":{"kind":"road","id":"23570844#1","speed":50.0,"lanes":1,"priority":4}},{"type":"Feature","geometry":{"type":"LineString","coordinates":[[11.026239960815913,49.57106487789076],[11.02571861712323,49.57143212305473],[11.025541595324064,49.57167009794975],[11.025557630127212,49.57231471248398],[11.025345503471337,49.572616990564654],[11.025258774751675,49.57274066922253],[11.024967921717188,49.572962374724156]]},"properties":{"kind":"road","id":"23570844#2","speed":50.0,"lanes":1,"priority":4}},{"type":"Feature","geometry":{"type":"LineString","coordinates":[[11.025489977726494,49.57589965683122],[11.026201499311258,49.57582107997724],[11.026629529747286,49.57575151312365],[11.02694637003889,49.575686051742736],[11.027529876526012,49.57552614026834]]},"properties":{"kind":"road","id":"23605595","speed":50.0,"lanes":1,"priority":4}},{"type":"Feature","geometry":{"type":"LineString","coordinates":[[11.02016715674818,49.5790559044684],[11.020860169840397,49.57914752081643],[11.021727680899737,49.57924687858391],[11.02220721481273,49.57929786885745],[11.022856218237141,49.579348772794134],[11.023574893396955,49.579384961118485]]},"properties":{"kind":"road","id":"23605600#0","speed":30.0,"lanes":1,"priority":4}},{"type":"Feature","geometry":{"type":"LineString","coordinates":[[11.023723471594979,49.57938820944234],[11.025270640870268,49.57938299551087]]},"properties":{"kind":"road","id":"23605600#1","speed":30.0,"lanes":1,"priority":4}},{"type":"Feature","geometry":{"type":"LineString","coordinates":[[11.025403041314847,49.57938310654357],[11.026461724808708,49.5793881364326]]},"properties":{"kind":"road","id":"23605600#2","speed":30.0,"lanes":1,"priority":4}},{"type":"Feature","geometry":{"type":"LineString","coordinates":[[10.9981898046991,49.57279108997454],[10.999131904000965,49.57264123007986],[10.999753254387223,49.57255645791578]]},"properties":{"kind":"road","id":"23805514#0","speed":50.0,"lanes":1,"priority":6}},{"type":"Feature","geometry":{"type":"LineString","coordinates":[[10.999882839927484,49.57253892543457],[11.000443698488425,49.57246329124053]]},"properties":{"kind":"road","id":"23805514#1","speed":50.0,"lanes":1,"priority":6}},{"type":"Feature","geometry":{"type":"LineString","coordinates":[[11.00270203440981,49.5676552963983],[11.002070237564551,49.569359382568614],[11.001983017621152,49.569878048544844],[11.00190521989932,49.57030587580072]]},"properties":{"kind":"road","id":"25210699","speed":50.0,"lanes":1,"priority":4}},{"type":"Feature","geometry":{"type":"LineString","coordinates":[[11.028921858979722,49.57630162656075],[11.029816516249392,49.575582386832316],[11.030794024115162,49.574903515278166],[11.03092634967272,49.57480880750484],[11.031422005275953,49.57469917462653],[11.031509378157555,49.574701238662975],[11.031541929562627,49.57470228627571]]},"properties":{"kind":"road","id":"25398494#0","speed":30.0,"lanes":1,"priority":4}},{"type":"Feature","geometry":{"type":"LineString","coordinates":[[11.015998523201176,49.57617585968096],[11.016036201443645,49.57632479987555]]},"properties":{"kind":"road","id":"25472079","speed":50.0,"lanes":2,"priority":6}},{"type":"Feature","geometry":{"type":"LineString","coordinates":[[11.01663820446425,49.57609072244991],[11.016628545343933,49.57609466896728],[11.016375878647695,49.57615682460763],[11.01618534767156,49.57623633784277],[11.016113037021082,49.576327913757986]]},"properties":{"kind":"road","id":"25472101","speed":50.0,"lanes":1,"priority":6}},{"type":"Feature","geometry":{"type":"LineString","coordinates":[[11.01599660364,49.575761690905985],[11.016166035052327,49.57586506632392],[11.016317586589404,49.57591387997145]]},"properties":{"kind":"road","id":"25472129","speed":80.0,"lanes":1,"priority":6}},{"type":"Feature","geometry":{"type":"LineString","coordinates":[[11.01538222023265,49.57602598098614],[11.015559078574588,49.57592349863687],[11.015627094878413,49.57586869991312],[11.015667614638865,49.57582139677597]]},"properties":{"kind":"road","id":"25472134","speed":80.0,"lanes":1,"priority":6}},{"type":"Feature","geometry":{"type":"LineString","coordinates":[[11.016097420953578,49.57737896134101],[11.016086786250835,49.577372669834034],[11.015969521338796,49.57733351341248],[11.015872751180824,49.577331781266075]]},"properties":{"kind":"road","id":"25472257","speed":50.0,"lanes":1,"priority":6}},{"type":"Feature","geometry":{"type":"LineString","coordinates":[[11.015723598056757,49.57732448488456],[11.015831330477829,49.57719945814129],[11.015942661445168,49.57707113017471],[11.01596626506085,49.57703293738678]]},"properties":{"kind":"road","id":"25472299","speed":50.0,"lanes":1,"priority":6}},{"type":"Feature","geometry":{"type":"LineString","coordinates":[[11.015755442838989,49.574175921154385],[11.015417886246198,49.574195295463184],[11.014631042383172,49.57442651357037],[11.014160513371804,49.57456937034871],[11.013915131506186,49.57464371778891],[11.013854470606578,49.574662135227726],[11.013512635222295,49.57476586716515],[11.013100794869075,49.57489294538496],[11.012758871163083,49.574994607624994],[11.012680177084203,49.57501855561746],[11.012504472494467,49.57507180759354]]},"properties":{"kind":"road","id":"26188722","speed":50.0,"lanes":1,"priority":4}},{"type":"Feature","geometry":{"type":"LineString","coordinates":[[11.000117824584121,49.570809059583894],[11.000203205342586,49.57170327422513],[11.000233017464417,49.571911456438315],[11.000423099891098,49.57225719867946],[11.000515729158414,49.572418417123934]]},"properties":{"kind":"road","id":"28269598","speed":50.0,"lanes":1,"priority":6}},{"type":"Feature","geometry":{"type":"LineString","coordinates":[[11.026830458375708,49.58178979921184],[11.030510835293668,49.58172526591166]]},"properties":{"kind":"road","id":"28269601","speed":80.0,"lanes":1,"priority":5}},{"type":"Feature","geometry":{"type":"LineString","coordinates":[[11.006729343223606,49.571617425156646],[11.007423589524794,49.572521132398],[11.007648918066694,49.57281434682778],[11.007879364011663,49.57311421869819]]},"properties":{"kind":"road","id":"28613727#0","speed":80.0,"lanes":1,"priority":5}},{"type":"Feature","geometry":{"type":"LineString","coordinates":[[11.007938108086666,49.573190651209664],[11.008258864857495,49.57360796655314],[11.008377244020002,49.57376225498745],[11.00845206587459,49.573859637729754],[11.008891643453234,49.57443159170905],[11.00921169603344,49.5748481969876]]},"properties":{"kind":"road","id":"28613727#1","speed":80.0,"lanes":1,"priority":5}},{"type":"Feature","geometry":{"type":"LineString","coordinates":[[11.002723903691633,49.572954760986036],[11.002864386818331,49.572835116494865],[11.003572484860882,49.57260561218415],[11.005055547953514,49.57211808497551],[11.006638212853092,49.57159777623312]]},"properties":{"kind":"road","id":"28613734","speed":80.0,"lanes":1,"priority":5}},{"type":"Feature","geometry":{"type":"LineString","coordinates":[[11.003941868753762,49.57657184587454],[11.004096860029426,49.57651914571001]]},"properties":{"kind":"road","id":"28613737","speed":80.0,"lanes":1,"priority":5}},{"type":"Feature","geometry":{"type":"LineString","coordinates":[[11.007839099618748,49.573191469992494],[11.007363626198018,49.57334212111877],[11.00629441387195,49.57367749273821],[11.00472800156366,49.574177544441696]]},"properties":{"kind":"road","id":"28631632","speed":80.0,"lanes":1,"priority":5}},{"type":"Feature","geometry":{"type":"LineString","coordinates":[[11.004839611947478,49.57629694981519],[11.004816948175533,49.576304269150576],[11.004286961186518,49.576475912152056],[11.00423966482166,49.57648977510418],[11.004117458929796,49.57652895389735]]},"properties":{"kind":"road","id":"28768072","speed":80.0,"lanes":1,"priority":5}},{"type":"Feature","geometry":{"type":"LineString","coordinates":[[11.023662758940304,49.578188179025496],[11.023191338400967,49.57815585374634],[11.022728956138128,49.57812462791237],[11.02245382866635,49.5781020011701]]},"properties":{"kind":"road","id":"29900561#0","speed":50.0,"lanes":1,"priority":4}},{"type":"Feature","geometry":{"type":"LineString","coordinates":[[11.022320776805724,49.578089394281164],[11.022278390313184,49.578084737824334],[11.021995399131645,49.57805927889906],[11.021847974917353,49.578043684237166]]},"properties":{"kind":"road","id":"29900561#1","speed":50.0,"lanes":1,"priority":4}},{"type":"Feature","geometry":{"type":"LineString","coordinates":[[11.023716519755922,49.57813002664216],[11.02385158840327,49.577428975656375],[11.023887941772402,49.57727109660639],[11.02392137450131,49.577126222299405],[11.023973037179976,49.57695386234304]]},"properties":{"kind":"road","id":"29900564#0","speed":30.0,"lanes":1,"priority":4}},{"type":"Feature","geometry":{"type":"LineString","coordinates":[[11.023996768511866,49.57685872349051],[11.024070009041226,49.57649572899526],[11.024126996762195,49.57627155106901],[11.024202841591872,49.57595816661494]]},"properties":{"kind":"road","id":"29900564#1","speed":30.0,"lanes":1,"priority":4}},{"type":"Feature","geometry":{"type":"LineString","coordinates":[[11.024203060392983,49.575886557783654],[11.024178153385657,49.57577940614534]]},"properties":{"kind":"road","id":"29900564#2","speed":30.0,"lanes":1,"priority":4}},{"type":"Feature","geometry":{"type":"LineString","coordinates":[[11.024159563712802,49.57569454302559],[11.02405489412942,49.57518416459083],[11.023990292475576,49.57502031540548]]},"properties":{"kind":"road","id":"29900564#3","speed":30.0,"lanes":1,"priority":4}},{"type":"Feature","geometry":{"type":"LineString","coordinates":[[11.023957681883772,49.57493758661322],[11.02386602335886,49.574704854582414]]},"properties":{"kind":"road","id":"29900564#4","speed":30.0,"lanes":1,"priority":4}},{"type":"Feature","geometry":{"type":"LineString","coordinates":[[11.023837559169841,49.57466550199013],[11.023764383531017,49.57458528187321],[11.02372120511421,49.574538000642654],[11.023301546163777,49.57407729937805]]},"properties":{"kind":"road","id":"29900564#5","speed":30.0,"lanes":1,"priority":4}},{"type":"Feature","geometry":{"type":"LineString","coordinates":[[11.023241659954383,49.57407420871929],[11.023008107438205,49.5742569456149],[11.022658248063694,49.57453077197387],[11.022231873273416,49.57486449609146],[11.02191563544849,49.575111915068206],[11.021759313004493,49.575272429820075],[11.021427292586084,49.5756134076127]]},"properties":{"kind":"road","id":"29900565#0","speed":30.0,"lanes":1,"priority":4}},{"type":"Feature","geometry":{"type":"LineString","coordinates":[[11.021352470626557,49.575690817693236],[11.0209058302782,49.57616063445089]]},"properties":{"kind":"road","id":"29900565#1","speed":30.0,"lanes":1,"priority":4}},{"type":"Feature","geometry":{"type":"LineString","coordinates":[[11.020858907398624,49.57621021023427],[11.020774747869725,49.57629938735176],[11.020583347979713,49.576528519860716],[11.020527244714183,49.57660704175604],[11.020484303512141,49.57668605340715]]},"properties":{"kind":"road","id":"29900565#2","speed":30.0,"lanes":1,"priority":4}},{"type":"Feature","geometry":{"type":"LineString","coordinates":[[11.02043842118861,49.57676754521537],[11.020166164179626,49.577232964106095],[11.020152633092106,49.57728384559265],[11.02005553226572,49.57764932301646],[11.020026224947534,49.577817332748516]]},"properties":{"kind":"road","id":"29900565#3","speed":30.0,"lanes":1,"priority":4}},{"type":"Feature","geometry":{"type":"LineString","coordinates":[[11.026523283976946,49.57936465912731],[11.026613436776323,49.57914979426867]]},"properties":{"kind":"road","id":"29900567","speed":30.0,"lanes":1,"priority":4}},{"type":"Feature","geometry":{"type":"LineString","coordinates":[[11.005689707025985,49.58081877830244],[11.00556722819693,49.58013282951852],[11.005550348055541,49.58005180207463],[11.005369178497887,49.579321082874706],[11.005231537460064,49.57899737867859]]},"properties":{"kind":"road","id":"3013106#0","speed":50.0,"lanes":1,"priority":6}},{"type":"Feature","geometry":{"type":"LineString","coordinates":[[11.005189558620575,49.578914897106806],[11.005008087055453,49.57860859410984]]},"properties":{"kind":"road","id":"3013106#1","speed":50.0,"lanes":1,"priority":6}},{"type":"Feature","geometry":{"type":"LineString","coordinates":[[11.004960623404587,49.57852728697535],[11.004514846364637,49.57775320514503],[11.00450860925703,49.577742788375275]]},"properties":{"kind":"road","id":"3013106#2","speed":50.0,"lanes":1,"priority":6}},{"type":"Feature","geometry":{"type":"LineString","coordinates":[[11.001639854993323,49.579531211916944],[11.001767506743018,49.579486274366865],[11.002196959562868,49.579416054063074],[11.002767352383271,49.579341683328444],[11.003648876561895,49.57921658421887],[11.004697339108363,49.579033173106694],[11.005162226009018,49.578950093770004]]},"properties":{"kind":"road","id":"3013107","speed":30.0,"lanes":1,"priority":4}},{"type":"Feature","geometry":{"type":"LineString","coordinates":[[11.005643376129395,49.58087652349675],[11.002384760493923,49.58068504858198],[11.002122051823681,49.58062455699568],[11.00194018499224,49.580517868035],[11.001666344492739,49.5797593312756],[11.001605852948028,49.57957929683052]]},"properties":{"kind":"road","id":"3013109","speed":30.0,"lanes":1,"priority":4}},{"type":"Feature","geometry":{"type":"LineString","coordinates":[[11.016244526636171,49.577064700414816],[11.016293623507629,49.57721542054556],[11.016332103413621,49.577341812692715],[11.016434819165676,49.577687477336895],[11.01646278967561,49.57785255374476]]},"properties":{"kind":"road","id":"30350445","speed":50.0,"lanes":2,"priority":6}},{"type":"Feature","geometry":{"type":"LineString","coordinates":[[11.016017848920345,49.57695701526628],[11.01587546590419,49.57647445378477]]},"properties":{"kind":"road","id":"30350448","speed":50.0,"lanes":2,"priority":6}},{"type":"Feature","geometry":{"type":"LineString","coordinates":[[11.015858638701213,49.57639509098826],[11.015814240972984,49.576195532659284]]},"properties":{"kind":"road","id":"30350449","speed":50.0,"lanes":2,"priority":6}},{"type":"Feature","geometry":{"type":"LineString","coordinates":[[11.015451632926991,49.57619478854703],[11.013451826426373,49.57636719674156],[11.0130421553903,49.5763926766595]]},"properties":{"kind":"road","id":"30350450#0","speed":60.0,"lanes":2,"priority":9}},{"type":"Feature","geometry":{"type":"LineString","coordinates":[[11.01291013990985,49.57640172031761],[11.010591493440081,49.57657179971807],[11.009932678557902,49.57661756526438],[11.009724598940485,49.57663219961],[11.009342553115737,49.57665169920709],[11.009112861223286,49.576670620885764],[11.0083984996038,49.576746667892145],[11.00766732174379,49.57687144353025]]},"properties":{"kind":"road","id":"30350450#1","speed":60.0,"lanes":2,"priority":9}},{"type":"Feature","geometry":{"type":"LineString","coordinates":[[11.007539091954882,49.576895258069555],[11.00698463731544,49.57700657280972],[11.006488175309688,49.57711696908132],[11.005913446611713,49.57727882563611],[11.005409612604646,49.577410304775796],[11.004714364889853,49.5776274082],[11.00458839177556,49.57766755230773]]},"properties":{"kind":"road","id":"30350450#2","speed":60.0,"lanes":2,"priority":9}},{"type":"Feature","geometry":{"type":"LineString","coordinates":[[11.01118012718547,49.581355227411905],[11.011351480586614,49.58115857367904],[11.011644424786052,49.580816865762664],[11.013128371198624,49.57914666099735],[11.014458927130978,49.57818166295692],[11.014726911877592,49.57798727949906],[11.01484729835582,49.57790404276045],[11.01516271629492,49.577685803480705],[11.015593347621905,49.577406635021376],[11.015668684104472,49.577364932287765]]},"properties":{"kind":"road","id":"30357194","speed":50.0,"lanes":1,"priority":6}},{"type":"Feature","geometry":{"type":"LineString","coordinates":[[11.016055141262058,49.57640003283828],[11.016220793622908,49.576992339654645]]},"properties":{"kind":"road","id":"30405352","speed":50.0,"lanes":2,"priority":6}},{"type":"Feature","geometry":{"type":"LineString","coordinates":[[11.016332363943219,49.57608278461863],[11.016163959663906,49.576105060021575],[11.01606692188788,49.576116916062574]]},"properties":{"kind":"road","id":"30405356","speed":60.0,"lanes":2,"priority":11}},{"type":"Feature","geometry":{"type":"LineString","coordinates":[[11.032311886971936,49.5611809830648],[11.031372291315803,49.56572529985123],[11.030993913609558,49.56659745716235],[11.030245489091962,49.567471699925555],[11.02940897714157,49.56811188762868],[11.02843709967646,49.56875700640262],[11.027292609493488,49.56952307428356]]},"properties":{"kind":"road","id":"30405358#0","speed":100.0,"lanes":2,"priority":11}},{"type":"Feature","geometry":{"type":"LineString","coordinates":[[11.027265264935924,49.56953911587282],[11.02606405317177,49.57041937505291],[11.024578903553273,49.57141019917361],[11.023220187700373,49.57236577886888],[11.022850987177936,49.57260639058713],[11.020271739809118,49.574340924202176]]},"properties":{"kind":"road","id":"30405358#1","speed":100.0,"lanes":2,"priority":11}},{"type":"Feature","geometry":{"type":"LineString","coordinates":[[11.015732718965845,49.57575468457907],[11.015731365797745,49.575283698721776],[11.015774649134437,49.5749878889976]]},"properties":{"kind":"road","id":"30751813","speed":50.0,"lanes":2,"priority":6}},{"type":"Feature","geometry":{"type":"LineString","coordinates":[[11.000015695723176,49.57713238255385],[11.000908906503334,49.57685750558696]]},"properties":{"kind":"road","id":"31241816#0","speed":80.0,"lanes":1,"priority":5}},{"type":"Feature","geometry":{"type":"LineString","coordinates":[[11.00102609294757,49.57682066591388],[11.001602832522083,49.576635005586816]]},"properties":{"kind":"road","id":"31241816#1","speed":80.0,"lanes":1,"priority":5}},{"type":"Feature","geometry":{"type":"LineString","coordinates":[[11.0017935795055,49.576573683846796],[11.003169601377675,49.57613085279132]]},"properties":{"kind":"road","id":"31241816#3","speed":80.0,"lanes":1,"priority":5}},{"type":"Feature","geometry":{"type":"LineString","coordinates":[[11.002877175452788,49.575688565168235],[11.0013999443841,49.57616624743631]]},"properties":{"kind":"road","id":"31241834#0","speed":80.0,"lanes":1,"priority":5}},{"type":"Feature","geometry":{"type":"LineString","coordinates":[[11.00128225464037,49.5762042656326],[10.999720069228387,49.576709392991674]]},"properties":{"kind":"road","id":"31241834#1","speed":80.0,"lanes":1,"priority":5}},{"type":"Feature","geometry":{"type":"LineString","coordinates":[[11.003496148284823,49.57660223422451],[11.003246259612713,49.5761718946794]]},"properties":{"kind":"road","id":"31241835#0","speed":80.0,"lanes":1,"priority":5}},{"type":"Feature","geometry":{"type":"LineString","coordinates":[[11.003194574897828,49.57609209919623],[11.002907056039376,49.5756953342984]]},"properties":{"kind":"road","id":"31241835#1","speed":80.0,"lanes":1,"priority":5}},{"type":"Feature","geometry":{"type":"LineString","coordinates":[[11.001817642041127,49.57783786642995],[11.001753119441572,49.5778229706815],[11.001644339908406,49.57774074404707],[11.001619805874764,49.5777091442397]]},"properties":{"kind":"road","id":"31241838#0","speed":80.0,"lanes":1,"priority":5}},{"type":"Feature","geometry":{"type":"LineString","coordinates":[[11.001559220986628,49.57763157101289],[11.000986513335446,49.576898082780254]]},"properties":{"kind":"road","id":"31241838#1","speed":80.0,"lanes":1,"priority":5}},{"type":"Feature","geometry":{"type":"LineString","coordinates":[[11.00138074227333,49.576204091195024],[11.001663289822023,49.576584393951144]]},"properties":{"kind":"road","id":"31241848","speed":80.0,"lanes":1,"priority":5}},{"type":"Feature","geometry":{"type":"LineString","coordinates":[[11.001795096207738,49.576637796109964],[11.002145305324884,49.57706901138492]]},"properties":{"kind":"road","id":"31241851#0","speed":80.0,"lanes":1,"priority":5}},{"type":"Feature","geometry":{"type":"LineString","coordinates":[[11.002206638910438,49.57714459232733],[11.002394422731795,49.57737585723091]]},"properties":{"kind":"road","id":"31241851#1","speed":80.0,"lanes":1,"priority":5}},{"type":"Feature","geometry":{"type":"LineString","coordinates":[[11.002455899017752,49.577451525527216],[11.002574629737394,49.57759771766073]]},"properties":{"kind":"road","id":"31241851#2","speed":80.0,"lanes":1,"priority":5}},{"type":"Feature","geometry":{"type":"LineString","coordinates":[[11.000151663567559,49.57810299393469],[11.000493968524589,49.57799596531277]]},"properties":{"kind":"road","id":"31241853#0","speed":80.0,"lanes":1,"priority":5}},{"type":"Feature","geometry":{"type":"LineString","coordinates":[[11.000612394826152,49.577958924729714],[11.00153985814901,49.577668877833176]]},"properties":{"kind":"road","id":"31241853#1","speed":80.0,"lanes":1,"priority":5}},{"type":"Feature","geometry":{"type":"LineString","coordinates":[[11.001661040316435,49.57763160857816],[11.002334824126207,49.57742717402684]]},"properties":{"kind":"road","id":"31241853#2","speed":80.0,"lanes":1,"priority":5}},{"type":"Feature","geometry":{"type":"LineString","coordinates":[[10.999709479538753,49.57672783705784],[10.99995909102177,49.577118248490656]]},"properties":{"kind":"road","id":"31241855#0","speed":80.0,"lanes":1,"priority":5}},{"type":"Feature","geometry":{"type":"LineString","coordinates":[[11.000012662900788,49.57719693329478],[11.000555134546612,49.57794570184906]]},"properties":{"kind":"road","id":"31241855#1","speed":80.0,"lanes":1,"priority":5}},{"type":"Feature","geometry":{"type":"LineString","coordinates":[[11.003845138528535,49.576655471077075],[11.003480432045231,49.57675893959399],[11.003461010603125,49.57682179522305],[11.003492454342004,49.57690724849538],[11.003770372410255,49.57727872069961],[11.00324457563409,49.577448307229574],[11.003232150317313,49.577452300516995],[11.002654323772669,49.577638527481945]]},"properties":{"kind":"road","id":"31255203#0","speed":80.0,"lanes":1,"priority":5}},{"type":"Feature","geometry":{"type":"LineString","coordinates":[[11.00253369902212,49.5776758780891],[11.001997247941725,49.577835478301004],[11.001885519276337,49.57785360365508],[11.001817642041127,49.57783786642995]]},"properties":{"kind":"road","id":"31255203#1","speed":80.0,"lanes":1,"priority":5}},{"type":"Feature","geometry":{"type":"LineString","coordinates":[[11.002206362113732,49.57708036865831],[11.002410609692122,49.57701764284167],[11.003294947697393,49.57674604938562]]},"properties":{"kind":"road","id":"31261347","speed":80.0,"lanes":1,"priority":5}},{"type":"Feature","geometry":{"type":"LineString","coordinates":[[11.015774024225683,49.57288104070797],[11.01588328434584,49.572813469052726],[11.015900877757833,49.5727469548723],[11.015843072539358,49.572696957051356],[11.01579580161879,49.57270119903578]]},"properties":{"kind":"road","id":"31270441","speed":50.0,"lanes":1,"priority":4}},{"type":"Feature","geometry":{"type":"LineString","coordinates":[[11.016513645409308,49.57792844475252],[11.016601662392546,49.57810709235912],[11.01664157470163,49.578222889603424],[11.016781304540705,49.5786290337816],[11.016918995000971,49.57902927623823]]},"properties":{"kind":"road","id":"31353573#0","speed":50.0,"lanes":1,"priority":6}},{"type":"Feature","geometry":{"type":"LineString","coordinates":[[11.016934643354656,49.57908333681884],[11.01694659471399,49.57913161471259],[11.01697864732406,49.579247998629874],[11.01699573386839,49.57930338346716],[11.017004461933293,49.57933723464392],[11.017135835558383,49.57991632935309],[11.01714961921867,49.57999561006697],[11.017261858344803,49.58050649179443],[11.017385298997008,49.58108428516957],[11.017503960096436,49.58167358612003]]},"properties":{"kind":"road","id":"31353573#1","speed":50.0,"lanes":1,"priority":6}},{"type":"Feature","geometry":{"type":"LineString","coordinates":[[11.026614333722433,49.57914806939275],[11.026770827308972,49.57884820328808],[11.027141637103531,49.57837870309063]]},"properties":{"kind":"road","id":"31401017#0","speed":30.0,"lanes":1,"priority":4}},{"type":"Feature","geometry":{"type":"LineString","coordinates":[[11.027204430508462,49.57830158999329],[11.027558330852095,49.57788491899477],[11.027850622618494,49.57754066187805],[11.028065253396555,49.57727530749574]]},"properties":{"kind":"road","id":"31401017#1","speed":30.0,"lanes":1,"priority":4}},{"type":"Feature","geometry":{"type":"LineString","coordinates":[[11.028127860658127,49.57720044603449],[11.02884848718849,49.57637038032146]]},"properties":{"kind":"road","id":"31401017#2","speed":30.0,"lanes":1,"priority":4}},{"type":"Feature","geometry":{"type":"LineString","coordinates":[[11.026486449176389,49.57957085379593],[11.026502341839056,49.57944688591579]]},"properties":{"kind":"road","id":"31401018","speed":30.0,"lanes":1,"priority":4}},{"type":"Feature","geometry":{"type":"LineString","coordinates":[[11.003755806643513,49.569938212779014],[11.003766354817259,49.569540514784244],[11.003756438517124,49.569328750331806]]},"properties":{"kind":"road","id":"31720632#0","speed":50.0,"lanes":1,"priority":4}},{"type":"Feature","geometry":{"type":"LineString","coordinates":[[11.003751806448733,49.569242652763386],[11.003733740316392,49.5689433224045],[11.003727459337568,49.56881695312298],[11.003844636724045,49.568618279840706],[11.003928501499193,49.5684910687615],[11.00397736762187,49.56837049092355]]},"properties":{"kind":"road","id":"31720632#1","speed":50.0,"lanes":1,"priority":4}},{"type":"Feature","geometry":{"type":"LineString","coordinates":[[11.00370936291252,49.569303928234035],[11.002970680836912,49.56938994378795]]},"properties":{"kind":"road","id":"31720633","speed":50.0,"lanes":1,"priority":4}},{"type":"Feature","geometry":{"type":"LineString","coordinates":[[11.01570809636175,49.572771543517675],[11.015720076096011,49.57286758771404]]},"properties":{"kind":"road","id":"31777493#0","speed":30.0,"lanes":1,"priority":4}},{"type":"Feature","geometry":{"type":"LineString","coordinates":[[11.015731881922473,49.57296948207805],[11.015815959034196,49.573838431346836]]},"properties":{"kind":"road","id":"31777493#1","speed":30.0,"lanes":1,"priority":4}},{"type":"Feature","geometry":{"type":"LineString","coordinates":[[11.01642903988254,49.575949718998395],[11.016767429080895,49.57589992216692],[11.01728211276231,49.57578273199481],[11.017918997278926,49.57559139838739],[11.018671867116364,49.57523238356019],[11.01940634695306,49.57480010074325],[11.022704509967866,49.5725028934458],[11.024505827922734,49.57127380016918]]},"properties":{"kind":"road","id":"31982182#0","speed":100.0,"lanes":2,"priority":11}},{"type":"Feature","geometry":{"type":"LineString","coordinates":[[11.024534135075466,49.571254234112715],[11.025957975094718,49.570254319160014],[11.029222511508026,49.56799299799303],[11.030117236285701,49.56730240414688],[11.030774125372561,49.566477086026886],[11.031160493512827,49.56565242096792],[11.032029998017784,49.56114819827588]]},"properties":{"kind":"road","id":"31982182#1","speed":100.0,"lanes":2,"priority":11}},{"type":"Feature","geometry":{"type":"LineString","coordinates":[[11.024819718145743,49.581707704312635],[11.025355281933297,49.581687805258085],[11.025457800871083,49.58168448128986]]},"properties":{"kind":"road","id":"32270592#0","speed":30.0,"lanes":1,"priority":4}},{"type":"Feature","geometry":{"type":"LineString","coordinates":[[11.025589573151171,49.58167929573373],[11.026682880218564,49.5816272252932],[11.026717812946199,49.58162553389105]]},"properties":{"kind":"road","id":"32270592#1","speed":30.0,"lanes":1,"priority":4}},{"type":"Feature","geometry":{"type":"LineString","coordinates":[[11.024367733157261,49.58172128089728],[11.024819994647897,49.581707699473526]]},"properties":{"kind":"road","id":"32270593","speed":30.0,"lanes":1,"priority":4}},{"type":"Feature","geometry":{"type":"LineString","coordinates":[[11.021717415403296,49.57803112305554],[11.02151998236591,49.57801388308473],[11.020808812279396,49.577947865522006],[11.020603698637546,49.57792886906934],[11.020437672983519,49.57791170841064],[11.02006694060291,49.577878691464434]]},"properties":{"kind":"road","id":"32270595","speed":50.0,"lanes":1,"priority":4}},{"type":"Feature","geometry":{"type":"LineString","coordinates":[[11.017579342736548,49.5825250534342],[11.01755069812317,49.582172745955994],[11.017507126917874,49.581924777711414]]},"properties":{"kind":"road","id":"32271499","speed":50.0,"lanes":1,"priority":6}},{"type":"Feature","geometry":{"type":"LineString","coordinates":[[11.008919982602524,49.58400141307397],[11.010173582848184,49.582535668905145],[11.010953832584237,49.581622191787595],[11.011110819945799,49.58143613304834]]},"properties":{"kind":"road","id":"32282774","speed":50.0,"lanes":1,"priority":6}},{"type":"Feature","geometry":{"type":"LineString","coordinates":[[11.020330518359625,49.58187901765805],[11.020326706846147,49.581780042748775],[11.020308784896843,49.58142988743284]]},"properties":{"kind":"road","id":"32302591#0","speed":50.0,"lanes":1,"priority":6}},{"type":"Feature","geometry":{"type":"LineString","coordinates":[[11.020303755445745,49.5813449669086],[11.020272952775699,49.58088726928447]]},"properties":{"kind":"road","id":"32302591#1","speed":50.0,"lanes":1,"priority":6}},{"type":"Feature","geometry":{"type":"LineString","coordinates":[[11.020266137373298,49.580802649806],[11.020217316988935,49.5802804984781]]},"properties":{"kind":"road","id":"32302591#2","speed":50.0,"lanes":1,"priority":6}},{"type":"Feature","geometry":{"type":"LineString","coordinates":[[11.020208031911991,49.58019637189304],[11.020131633543217,49.57960939401662]]},"properties":{"kind":"road","id":"32302591#3","speed":50.0,"lanes":1,"priority":6}},{"type":"Feature","geometry":{"type":"LineString","coordinates":[[11.020120499613947,49.57952404031638],[11.020067576180805,49.57911350586322]]},"properties":{"kind":"road","id":"32302591#4","speed":50.0,"lanes":1,"priority":6}},{"type":"Feature","geometry":{"type":"LineString","coordinates":[[11.020058091187277,49.579024525122485],[11.020021519787797,49.578527527299904],[11.020008491449534,49.578402985853316],[11.019976505423584,49.577906447649745]]},"properties":{"kind":"road","id":"32302591#5","speed":50.0,"lanes":1,"priority":6}},{"type":"Feature","geometry":{"type":"LineString","coordinates":[[11.033619489816354,49.581689556901225],[11.033635587899482,49.58181053467871],[11.034045253278185,49.583859997742415],[11.034095228943878,49.584110186350784],[11.034467389361234,49.58583250713745],[11.034711136076975,49.587158219995956],[11.03479769578708,49.587795295140594],[11.034791231762718,49.58781951702064],[11.03479168123649,49.58784694568506]]},"properties":{"kind":"road","id":"32320329","speed":60.0,"lanes":1,"priority":6}},{"type":"Feature","geometry":{"type":"LineString","coordinates":[[10.999531531256018,49.573633103782804],[10.99987104720632,49.573458568146705],[10.999876757660513,49.57334107704286],[10.999810749793708,49.57260943760229]]},"properties":{"kind":"road","id":"32611578","speed":50.0,"lanes":1,"priority":4}},{"type":"Feature","geometry":{"type":"LineString","coordinates":[[11.019932259785001,49.577870158293166],[11.019554505553662,49.577858042130984],[11.019310513619528,49.57785231587449],[11.018486858228668,49.57784950730814],[11.018136784461499,49.57785444499081]]},"properties":{"kind":"road","id":"33174302#0","speed":50.0,"lanes":1,"priority":6}},{"type":"Feature","geometry":{"type":"LineString","coordinates":[[11.0180491323983,49.577855794021524],[11.017785387508855,49.57786084398567],[11.017593743882033,49.57786652507171],[11.01678197368796,49.57788355726814],[11.016547297529339,49.57789574393266]]},"properties":{"kind":"road","id":"33174302#1","speed":50.0,"lanes":1,"priority":6}},{"type":"Feature","geometry":{"type":"LineString","coordinates":[[11.015823997179407,49.57392608833445],[11.015840345264346,49.57411471105496]]},"properties":{"kind":"road","id":"35842306#0","speed":50.0,"lanes":1,"priority":4}},{"type":"Feature","geometry":{"type":"LineString","coordinates":[[11.01584665807782,49.57420077889251],[11.015865181339977,49.57450261828182]]},"properties":{"kind":"road","id":"35842306#1","speed":50.0,"lanes":1,"priority":4}},{"type":"Feature","geometry":{"type":"LineString","coordinates":[[11.030510420541749,49.581725273190706],[11.032524020827799,49.581659511131846],[11.033455984194724,49.58163692788893],[11.03352139145692,49.58163613810733]]},"properties":{"kind":"road","id":"37591481","speed":80.0,"lanes":1,"priority":5}},{"type":"Feature","geometry":{"type":"LineString","coordinates":[[11.03019510894402,49.57317490525356],[11.030214396664942,49.57323969501562],[11.030315368018382,49.57331951326608],[11.03122264110977,49.57388551370111],[11.031362795908159,49.57391615673064]]},"properties":{"kind":"road","id":"39539626","speed":50.0,"lanes":1,"priority":4}},{"type":"Feature","geometry":{"type":"LineString","coordinates":[[11.011095305034859,49.58138854622721],[11.011042029656984,49.58136473441335],[11.010968464136557,49.58131851641815],[11.010826428800234,49.58122887031155]]},"properties":{"kind":"road","id":"3998612#0","speed":50.0,"lanes":1,"priority":4}},{"type":"Feature","geometry":{"type":"LineString","coordinates":[[11.01068649947297,49.58114332540039],[11.010623530975428,49.58110582865061],[11.01041801772269,49.581057135610024],[11.01032065651765,49.58104119603101],[11.010226640393174,49.58103932131681],[11.009962088637147,49.58102853513893],[11.009713911217718,49.58101557485419],[11.008478948118379,49.58101749978896]]},"properties":{"kind":"road","id":"3998612#1","speed":50.0,"lanes":1,"priority":4}},{"type":"Feature","geometry":{"type":"LineString","coordinates":[[11.008345888366962,49.58101828035844],[11.007618480014001,49.58102577743824],[11.007230302846477,49.58100291712438],[11.0071145021192,49.580996110427236],[11.006367681115254,49.58095194195112],[11.005795117784096,49.58088936530564]]},"properties":{"kind":"road","id":"3998612#2","speed":50.0,"lanes":1,"priority":4}},{"type":"Feature","geometry":{"type":"LineString","coordinates":[[11.011237368149343,49.581418280930514],[11.011315014355993,49.58145606192233],[11.01134768531937,49.58146664847998],[11.012767285119725,49.58183614713931]]},"properties":{"kind":"road","id":"3998613#0","speed":50.0,"lanes":1,"priority":4}},{"type":"Feature","geometry":{"type":"LineString","coordinates":[[11.012874943602322,49.5818501064012],[11.013080274045752,49.58185723867225],[11.013270647367532,49.58186400116075],[11.013763863429824,49.58184030497291],[11.013900664276045,49.58183288628092],[11.013992345396202,49.58182841179558],[11.014225688278849,49.58181697327555]]},"properties":{"kind":"road","id":"3998613#1","speed":50.0,"lanes":1,"priority":4}},{"type":"Feature","geometry":{"type":"LineString","coordinates":[[11.014355445512491,49.58180985658187],[11.014628419707899,49.581793229443434],[11.014930293331933,49.58177285995195],[11.017419586263676,49.581707621420605]]},"properties":{"kind":"road","id":"3998613#2","speed":50.0,"lanes":1,"priority":4}},{"type":"Feature","geometry":{"type":"LineString","coordinates":[[11.005060732087466,49.57852942018463],[11.005273678715911,49.57844261032446],[11.005357709089138,49.57841362736357],[11.006151924590753,49.57818414431117],[11.00639965876459,49.57809897803147]]},"properties":{"kind":"road","id":"3998615#0","speed":50.0,"lanes":1,"priority":4}},{"type":"Feature","geometry":{"type":"LineString","coordinates":[[11.006540538600731,49.578063071212014],[11.00692569009134,49.578006015471296],[11.007493997652542,49.57792185227477],[11.007916407386215,49.577859199152336]]},"properties":{"kind":"road","id":"3998615#1","speed":50.0,"lanes":1,"priority":4}},{"type":"Feature","geometry":{"type":"LineString","coordinates":[[11.008048563890261,49.577839993760556],[11.009047233493014,49.57769833708907],[11.009218192140144,49.577674048708765],[11.009528370291708,49.57764761188825],[11.009708821691232,49.577632153486334],[11.010544518994399,49.57762177169689]]},"properties":{"kind":"road","id":"3998615#2","speed":50.0,"lanes":1,"priority":4}},{"type":"Feature","geometry":{"type":"LineString","coordinates":[[11.0106837021803,49.57762546988274],[11.011086240384051,49.577651667097555],[11.011216069848203,49.57766002503072],[11.011774809015732,49.577710131318725],[11.012683015814721,49.57778761951484]]},"properties":{"kind":"road","id":"3998615#3","speed":50.0,"lanes":1,"priority":4}},{"type":"Feature","geometry":{"type":"LineString","coordinates":[[11.008390636360385,49.580959122252494],[11.008398245315847,49.58071988757666],[11.008398167082762,49.58058657439367],[11.008406750559196,49.580296947518576],[11.00840675818905,49.58018594188401],[11.008406798987862,49.579957813168775],[11.008409352957884,49.57978415405948]]},"properties":{"kind":"road","id":"3998643#0","speed":50.0,"lanes":1,"priority":4}},{"type":"Feature","geometry":{"type":"LineString","coordinates":[[11.008404379310699,49.579696713363205],[11.008385526841625,49.57955428070224],[11.008370814752789,49.579057799893285],[11.008353839675149,49.5787656480821],[11.008204698236149,49.578421726966496],[11.008071605746448,49.578114858779415],[11.00798327039068,49.57791084279947]]},"properties":{"kind":"road","id":"3998643#1","speed":50.0,"lanes":1,"priority":4}},{"type":"Feature","geometry":{"type":"LineString","coordinates":[[11.00794808931338,49.57782554554078],[11.00760503437593,49.576946423151625],[11.00759864353282,49.57692890269826]]},"properties":{"kind":"road","id":"3998643#2","speed":50.0,"lanes":1,"priority":4}},{"type":"Feature","geometry":{"type":"LineString","coordinates":[[11.0107713673575,49.58110775719207],[11.010851560460791,49.58050752734232],[11.010869444167543,49.580373811981566],[11.010926849077906,49.58002360559221]]},"properties":{"kind":"road","id":"3998645#0","speed":50.0,"lanes":1,"priority":4}},{"type":"Feature","geometry":{"type":"LineString","coordinates":[[11.011020581323157,49.579971511145],[11.011121570601569,49.5799747932413],[11.011370839584238,49.5798663810425],[11.01147021179076,49.57971595636547],[11.011714479118016,49.57936151109366],[11.012066768460613,49.57890902385971],[11.012185281212423,49.57873298804504],[11.012338749595273,49.57852225082186],[11.012408307062604,49.578427396867795],[11.012437332850917,49.578386411833634],[11.012660088730055,49.57798691087195],[11.012711295395164,49.57784955694463]]},"properties":{"kind":"road","id":"3998645#1","speed":50.0,"lanes":1,"priority":4}},{"type":"Feature","geometry":{"type":"LineString","coordinates":[[11.012737256751501,49.57776436683321],[11.01279788664086,49.57749965126559],[11.012804501406585,49.577468771262595],[11.012875105119306,49.57714388152078],[11.012919884783443,49.57697812326809],[11.012952732565319,49.57672747429146],[11.012957536336922,49.57645086619345],[11.012957760096192,49.57644285622264]]},"properties":{"kind":"road","id":"3998645#2","speed":50.0,"lanes":1,"priority":4}},{"type":"Feature","geometry":{"type":"LineString","coordinates":[[11.012827727931894,49.58190634064448],[11.01281154495708,49.58218548531996],[11.012818118827912,49.582254457044],[11.01287511046136,49.58273832753472],[11.012968713467625,49.58345283744046],[11.01307832592385,49.58425369611089]]},"properties":{"kind":"road","id":"3998653","speed":50.0,"lanes":1,"priority":4}},{"type":"Feature","geometry":{"type":"LineString","coordinates":[[11.03147314087226,49.56894773962205],[11.031484329406924,49.56929387448714]]},"properties":{"kind":"road","id":"4006668","speed":60.0,"lanes":1,"priority":6}},{"type":"Feature","geometry":{"type":"LineString","coordinates":[[11.02042096163193,49.581904874833285],[11.02228493291597,49.58182355306517],[11.023101881748744,49.58178300344616],[11.02423707404258,49.58172662549561]]},"properties":{"kind":"road","id":"4006672","speed":30.0,"lanes":1,"priority":4}},{"type":"Feature","geometry":{"type":"LineString","coordinates":[[11.016972098978496,49.57905227873895],[11.01742832508174,49.57902804219722],[11.01799484405354,49.57901132551208],[11.018423943348163,49.57900024197736],[11.018629890487054,49.57900582433306],[11.01920493224862,49.579011262085956],[11.019608340060996,49.57902796914953],[11.019771540314427,49.579033576020095],[11.020013658556875,49.57905408682191]]},"properties":{"kind":"road","id":"4006673","speed":30.0,"lanes":1,"priority":4}},{"type":"Feature","geometry":{"type":"LineString","coordinates":[[11.024277052653964,49.58169642046644],[11.02424306330767,49.58127629113701]]},"properties":{"kind":"road","id":"4006674#0","speed":30.0,"lanes":1,"priority":4}},{"type":"Feature","geometry":{"type":"LineString","coordinates":[[11.024231197019107,49.58119014102796],[11.024143114885334,49.58073659486221]]},"properties":{"kind":"road","id":"4006674#1","speed":30.0,"lanes":1,"priority":4}},{"type":"Feature","geometry":{"type":"LineString","coordinates":[[11.024120753232088,49.58065089822396],[11.02397669750675,49.58020201935568]]},"properties":{"kind":"road","id":"4006674#2","speed":30.0,"lanes":1,"priority":4}},{"type":"Feature","geometry":{"type":"LineString","coordinates":[[11.023942137236203,49.58011572647653],[11.02364389291245,49.579457698072595]]},"properties":{"kind":"road","id":"4006674#3","speed":30.0,"lanes":1,"priority":4}},{"type":"Feature","geometry":{"type":"LineString","coordinates":[[11.023619155482317,49.57935800974962],[11.02360808100316,49.578862905798324]]},"properties":{"kind":"road","id":"4006674#4","speed":30.0,"lanes":1,"priority":4}},{"type":"Feature","geometry":{"type":"LineString","coordinates":[[11.02535781460988,49.57944353911708],[11.025305996135033,49.57992616057806],[11.025327866801163,49.5805913620487],[11.025541888669668,49.58165035514826]]},"properties":{"kind":"road","id":"4006675","speed":30.0,"lanes":1,"priority":4}},{"type":"Feature","geometry":{"type":"LineString","coordinates":[[11.020079484984395,49.57958277803924],[11.018518259630891,49.57958277035197]]},"properties":{"kind":"road","id":"4006676","speed":50.0,"lanes":1,"priority":4}},{"type":"Feature","geometry":{"type":"LineString","coordinates":[[11.020394579042367,49.58137000785719],[11.02226308038873,49.581291665731555],[11.024192328501433,49.5812204165795]]},"properties":{"kind":"road","id":"4006682","speed":30.0,"lanes":1,"priority":4}},{"type":"Feature","geometry":{"type":"LineString","coordinates":[[11.020357075907537,49.58082714903859],[11.022215516494363,49.580766974453084],[11.02408414911182,49.58068239351083]]},"properties":{"kind":"road","id":"4006683","speed":30.0,"lanes":1,"priority":4}},{"type":"Feature","geometry":{"type":"LineString","coordinates":[[11.023903551345228,49.58017622220203],[11.023040102332688,49.58015552111638],[11.022164697678205,49.58016686696027],[11.020302903742474,49.580249138605474]]},"properties":{"kind":"road","id":"4006684","speed":30.0,"lanes":1,"priority":4}},{"type":"Feature","geometry":{"type":"LineString","coordinates":[[11.023559089344078,49.578832368057405],[11.023074652657348,49.57878317829745],[11.022601115771328,49.57873325622392],[11.02210281128898,49.57868655373924],[11.02167778824597,49.578635510093214],[11.02170091536799,49.57841516359959],[11.021735822163071,49.57816519564026],[11.02175418711393,49.57806394410268]]},"properties":{"kind":"road","id":"4006687","speed":50.0,"lanes":1,"priority":4}},{"type":"Feature","geometry":{"type":"LineString","coordinates":[[11.027115816596766,49.57834317309228],[11.02645345293656,49.57825006787149]]},"properties":{"kind":"road","id":"4006688#0","speed":50.0,"lanes":1,"priority":4}},{"type":"Feature","geometry":{"type":"LineString","coordinates":[[11.02633104434779,49.57823727916705],[11.026089009330308,49.578222087546045]]},"properties":{"kind":"road","id":"4006688#1","speed":50.0,"lanes":1,"priority":4}},{"type":"Feature","geometry":{"type":"LineString","coordinates":[[11.025957020318259,49.5782151334518],[11.025575347623787,49.57819869771426]]},"properties":{"kind":"road","id":"4006688#2","speed":50.0,"lanes":1,"priority":4}},{"type":"Feature","geometry":{"type":"LineString","coordinates":[[11.025447669728003,49.57819562562464],[11.024649994551927,49.57819564451411]]},"properties":{"kind":"road","id":"4006688#3","speed":50.0,"lanes":1,"priority":4}},{"type":"Feature","geometry":{"type":"LineString","coordinates":[[11.024508323977784,49.57819542498275],[11.023801574159195,49.57819294734059]]},"properties":{"kind":"road","id":"4006688#4","speed":50.0,"lanes":1,"priority":4}},{"type":"Feature","geometry":{"type":"LineString","coordinates":[[11.018099684025403,49.57779347232482],[11.018295064887056,49.57739218884924],[11.018325552499304,49.57732976728313],[11.018508865643698,49.576941197805894],[11.018648345571927,49.5767342043328],[11.018818518472568,49.5765837971455],[11.019010349768356,49.57644200733026],[11.019267739039318,49.576320032726656],[11.01955997542931,49.576217869259175],[11.019712836581824,49.576181017511274],[11.019948264177332,49.57614704190531],[11.020106259223365,49.576134028293616],[11.02021883225137,49.576129903668],[11.020537238422314,49.57613558775932],[11.020794562490149,49.57615951949885]]},"properties":{"kind":"road","id":"4006689","speed":30.0,"lanes":1,"priority":4}},{"type":"Feature","geometry":{"type":"LineString","coordinates":[[11.02402116932104,49.57357652028235],[11.02394470156516,49.573624005523165],[11.023346490183036,49.57400005071006],[11.02333435808651,49.574007729241835]]},"properties":{"kind":"road","id":"4006690","speed":50.0,"lanes":1,"priority":4}},{"type":"Feature","geometry":{"type":"LineString","coordinates":[[11.021452397756024,49.57564850158825],[11.02186876025394,49.57568476461583],[11.022341629966364,49.57572597549579],[11.022792835924456,49.57572834239392],[11.023539332663315,49.57572608281885],[11.023887334607142,49.57572494309862],[11.024119709460045,49.575724296108916]]},"properties":{"kind":"road","id":"4006691","speed":30.0,"lanes":1,"priority":4}},{"type":"Feature","geometry":{"type":"LineString","coordinates":[[11.02882960534069,49.57632537358287],[11.027859481598218,49.57571529821265],[11.02780650897489,49.575675476606435],[11.027642589525774,49.57555214123474]]},"properties":{"kind":"road","id":"4006693#0","speed":50.0,"lanes":1,"priority":4}},{"type":"Feature","geometry":{"type":"LineString","coordinates":[[11.027538944644093,49.57548792993033],[11.027123807807639,49.57525763059569],[11.026717311834073,49.575032125992784],[11.026461280041666,49.574902396475046]]},"properties":{"kind":"road","id":"4006693#1","speed":50.0,"lanes":1,"priority":4}},{"type":"Feature","geometry":{"type":"LineString","coordinates":[[11.026356613663571,49.574843509418955],[11.025827915054787,49.574512914406604],[11.025639331453192,49.57439504563615]]},"properties":{"kind":"road","id":"4006693#2","speed":50.0,"lanes":1,"priority":4}},{"type":"Feature","geometry":{"type":"LineString","coordinates":[[11.025541343132872,49.574337030438166],[11.025123427896204,49.574102634637896]]},"properties":{"kind":"road","id":"4006693#3","speed":50.0,"lanes":1,"priority":4}},{"type":"Feature","geometry":{"type":"LineString","coordinates":[[11.025054704245392,49.57406650582371],[11.024918093489251,49.573997741718415],[11.02448616360497,49.573782209830625],[11.02428474630472,49.573681655095704],[11.024092015890771,49.573580408293616]]},"properties":{"kind":"road","id":"4006693#4","speed":50.0,"lanes":1,"priority":4}},{"type":"Feature","geometry":{"type":"LineString","coordinates":[[11.023936291038444,49.57465792765557],[11.025054394964094,49.57410582203845]]},"properties":{"kind":"road","id":"4006694","speed":30.0,"lanes":1,"priority":4}},{"type":"Feature","geometry":{"type":"LineString","coordinates":[[11.00058759519104,49.57244056293599],[11.001025347317789,49.57236165729989],[11.001577117355186,49.57217552904375],[11.002204239574088,49.571927823624605],[11.00239034417021,49.57185830516617],[11.002861516662053,49.57167014735221],[11.003010339451702,49.57162592122596],[11.003230036291377,49.57157623979038],[11.00400861784911,49.57149771761422],[11.004822902882315,49.57141290425314],[11.006113977442341,49.5710783766892],[11.006621346184522,49.57099761285878],[11.008380966914828,49.570917783392716],[11.008941651507758,49.57089257612587]]},"properties":{"kind":"road","id":"4006701","speed":50.0,"lanes":1,"priority":4}},{"type":"Feature","geometry":{"type":"LineString","coordinates":[[11.004409924037654,49.5775660257543],[11.004379374720598,49.57751258151352],[11.004126821677724,49.577068166964764],[11.0040321569609,49.57690167929261],[11.003900965875113,49.576670876087725]]},"properties":{"kind":"road","id":"4006702#0","speed":50.0,"lanes":1,"priority":6}},{"type":"Feature","geometry":{"type":"LineString","coordinates":[[11.003842519889128,49.57656789943796],[11.003774527359262,49.57644799648974],[11.003753646068752,49.57641102646633],[11.003631836670658,49.57619643243009],[11.00319632229934,49.575523278089655],[11.002932886811534,49.575106485860736]]},"properties":{"kind":"road","id":"4006702#1","speed":50.0,"lanes":1,"priority":6}},{"type":"Feature","geometry":{"type":"LineString","coordinates":[[11.002872553915536,49.57502827924307],[11.002091690693236,49.57418370592057],[11.00194001540967,49.574019822296535],[11.001080764799587,49.57319243079429],[11.000535476299111,49.57251909610568]]},"properties":{"kind":"road","id":"4006702#2","speed":50.0,"lanes":1,"priority":6}},{"type":"Feature","geometry":{"type":"LineString","coordinates":[[11.000943557081218,49.56615026616866],[11.000960551386587,49.56675195752166],[11.000963622496489,49.566857512695385],[11.000903839179797,49.56770575183278],[11.000906797728893,49.56782885034778],[11.000203175481317,49.569367749757106],[11.000098568145543,49.570358263676155]]},"properties":{"kind":"road","id":"4006703#0","speed":50.0,"lanes":1,"priority":6}},{"type":"Feature","geometry":{"type":"LineString","coordinates":[[11.00009631595472,49.57044528996732],[11.000117839281904,49.57080941915338]]},"properties":{"kind":"road","id":"4006703#1","speed":50.0,"lanes":1,"priority":6}},{"type":"Feature","geometry":{"type":"LineString","coordinates":[[10.998278527673188,49.570424977635184],[11.000004946236135,49.57038920783402]]},"properties":{"kind":"road","id":"4006705#0","speed":50.0,"lanes":1,"priority":4}},{"type":"Feature","geometry":{"type":"LineString","coordinates":[[11.000140399343302,49.57038677614165],[11.001786599299468,49.57036136216782],[11.001816143968211,49.57035662302466]]},"properties":{"kind":"road","id":"4006705#1","speed":50.0,"lanes":1,"priority":4}},{"type":"Feature","geometry":{"type":"LineString","coordinates":[[11.001951317010176,49.57033044569405],[11.003740587030038,49.56995160994971]]},"properties":{"kind":"road","id":"4006705#2","speed":50.0,"lanes":1,"priority":4}},{"type":"Feature","geometry":{"type":"LineString","coordinates":[[11.007252638161145,49.583478922813924],[11.007937867794421,49.58242966251759]]},"properties":{"kind":"road","id":"4006724#0","speed":50.0,"lanes":1,"priority":4}},{"type":"Feature","geometry":{"type":"LineString","coordinates":[[11.007989428080341,49.58235104586267],[11.008031613312319,49.58228671495675]]},"properties":{"kind":"road","id":"4006724#1","speed":50.0,"lanes":1,"priority":4}},{"type":"Feature","geometry":{"type":"LineString","coordinates":[[11.008082762231254,49.58220819535249],[11.00810669887735,49.58217116788524],[11.008311744037853,49.58173330217644],[11.008387171948268,49.581329620474015],[11.008388948312804,49.58104604888315]]},"properties":{"kind":"road","id":"4006724#2","speed":50.0,"lanes":1,"priority":4}},{"type":"Feature","geometry":{"type":"LineString","coordinates":[[11.008512475442934,49.58384872656804],[11.009463882571552,49.58272889844035]]},"properties":{"kind":"road","id":"4006725#0","speed":50.0,"lanes":1,"priority":4}},{"type":"Feature","geometry":{"type":"LineString","coordinates":[[11.009528060915912,49.582654379818244],[11.010069651040439,49.58203336217357],[11.010726503826454,49.581221251568586]]},"properties":{"kind":"road","id":"4006725#1","speed":50.0,"lanes":1,"priority":4}},{"type":"Feature","geometry":{"type":"LineString","coordinates":[[11.006519828625816,49.57813827365731],[11.006578150768075,49.57838643984942],[11.00663849014762,49.578643296735045],[11.006761311075076,49.57916533912723],[11.006799006406421,49.579325436368535],[11.006821659183508,49.57937514884322],[11.006941856690279,49.57964095234824],[11.007096178319316,49.579706641711105],[11.007203470065042,49.57975227704361],[11.007445492665184,49.57974690853215],[11.007540169730934,49.57974472601468],[11.00805475617289,49.57973318712843],[11.008364086311222,49.5797261986851]]},"properties":{"kind":"road","id":"4006726#0","speed":50.0,"lanes":1,"priority":4}},{"type":"Feature","geometry":{"type":"LineString","coordinates":[[11.008503343521465,49.57972818907604],[11.009658843585951,49.57978638521198],[11.009802469985805,49.579793695496974]]},"properties":{"kind":"road","id":"4006726#1","speed":50.0,"lanes":1,"priority":4}},{"type":"Feature","geometry":{"type":"LineString","coordinates":[[11.009932174110666,49.57980223698409],[11.010405808557381,49.5798411446575],[11.010550453118364,49.579853024071255],[11.01091621584132,49.579956773292125]]},"properties":{"kind":"road","id":"4006726#2","speed":50.0,"lanes":1,"priority":4}},{"type":"Feature","geometry":{"type":"LineString","coordinates":[[11.01432154327452,49.581870177529986],[11.014473391767257,49.58267488756233],[11.014613151966191,49.583464785183935],[11.014827175643532,49.584337677950494],[11.014831663968307,49.58547095327469]]},"properties":{"kind":"road","id":"4006740","speed":30.0,"lanes":1,"priority":4}},{"type":"Feature","geometry":{"type":"LineString","coordinates":[[11.024533567311803,49.57125388422399],[11.025862026036561,49.570238682837015],[11.02617866994422,49.56978182764464],[11.02636727732461,49.569312821268944],[11.026702944438783,49.56900828690623],[11.0271955012166,49.56894523343457],[11.02767786245898,49.56891321151984]]},"properties":{"kind":"road","id":"4047241","speed":80.0,"lanes":1,"priority":10}},{"type":"Feature","geometry":{"type":"LineString","coordinates":[[11.015763505506781,49.57597476517142],[11.015757194263081,49.57593070675818],[11.015743538573302,49.57582758528614]]},"properties":{"kind":"road","id":"4047309","speed":80.0,"lanes":2,"priority":6}},{"type":"Feature","geometry":{"type":"LineString","coordinates":[[11.015617127237558,49.57191314902092],[11.015695853656041,49.57265904195194]]},"properties":{"kind":"road","id":"4047316","speed":30.0,"lanes":1,"priority":4}},{"type":"Feature","geometry":{"type":"LineString","coordinates":[[11.005895439618847,49.58208745644506],[11.007005722170833,49.58208763217601],[11.007932871515969,49.582365250917434]]},"properties":{"kind":"road","id":"4047378","speed":50.0,"lanes":1,"priority":4}},{"type":"Feature","geometry":{"type":"LineString","coordinates":[[11.01586685481962,49.57498974571566],[11.01588068634509,49.575264994873386],[11.015913070991038,49.575735350072044]]},"properties":{"kind":"road","id":"4047446#0","speed":50.0,"lanes":2,"priority":6}},{"type":"Feature","geometry":{"type":"LineString","coordinates":[[11.015924240945184,49.575779818574674],[11.015948027480363,49.5759088957057],[11.015955039494395,49.575963241856094]]},"properties":{"kind":"road","id":"4047446#1","speed":50.0,"lanes":2,"priority":6}},{"type":"Feature","geometry":{"type":"LineString","coordinates":[[11.02673817521837,49.581609434895974],[11.026735516673982,49.58159535837895],[11.02649055482154,49.580094055938076],[11.02648619829852,49.579574816254436]]},"properties":{"kind":"road","id":"4047532","speed":30.0,"lanes":1,"priority":4}},{"type":"Feature","geometry":{"type":"LineString","coordinates":[[11.009848450851738,49.57976797896369],[11.009877408018301,49.57951649907949],[11.009900881976773,49.57939420109499],[11.009927379280867,49.579301715926206],[11.009952431775215,49.579214473290016],[11.009989918294625,49.57909651959152],[11.010187680833479,49.57876492466125],[11.010255878875062,49.57867054542621],[11.010389727075331,49.57846357005802],[11.010508756172083,49.57819226372178],[11.010567165971896,49.578085280649084],[11.010587861888101,49.57768002953868]]},"properties":{"kind":"road","id":"4099270#0","speed":50.0,"lanes":1,"priority":4}},{"type":"Feature","geometry":{"type":"LineString","coordinates":[[11.01059040139515,49.57759371770643],[11.010593587784903,49.57711923494134],[11.010595593334424,49.57681460940905],[11.01059604139088,49.57673463082463]]},"properties":{"kind":"road","id":"4099270#1","speed":50.0,"lanes":1,"priority":4}},{"type":"Feature","geometry":{"type":"LineString","coordinates":[[11.016824599162538,49.573672694849506],[11.016848184941232,49.5743891430088],[11.016912851433878,49.57443101463015],[11.017036311901421,49.574436058701686],[11.018418197306742,49.57405627188652],[11.01946341781555,49.57370780315955],[11.019437819089621,49.573171392433494],[11.019411747055663,49.572894962863934]]},"properties":{"kind":"road","id":"4099309","speed":50.0,"lanes":1,"priority":4}},{"type":"Feature","geometry":{"type":"LineString","coordinates":[[11.017507134333542,49.5819249574939],[11.017475526728724,49.58176241862243]]},"properties":{"kind":"road","id":"41973977","speed":50.0,"lanes":1,"priority":6}},{"type":"Feature","geometry":{"type":"LineString","coordinates":[[10.999741543367755,49.57922629972858],[10.998918029346786,49.579488134010305]]},"properties":{"kind":"road","id":"4319349","speed":60.0,"lanes":2,"priority":9}},{"type":"Feature","geometry":{"type":"LineString","coordinates":[[10.998877919625246,49.57940543799675],[10.99970501700078,49.57914160800757]]},"properties":{"kind":"road","id":"4319351","speed":60.0,"lanes":2,"priority":9}},{"type":"Feature","geometry":{"type":"LineString","coordinates":[[10.99970501700078,49.57914160800757],[11.004373659183894,49.577631377261476]]},"properties":{"kind":"road","id":"4319352#0","speed":60.0,"lanes":2,"priority":9}},{"type":"Feature","geometry":{"type":"LineString","coordinates":[[11.0045199697793,49.577582829976365],[11.004669291043399,49.57753180153017],[11.005338019544665,49.57730899605403],[11.005738838889808,49.57720399606333],[11.006440895939752,49.57702837291028],[11.006948591407228,49.576918681528795],[11.007562935417008,49.57679701731791],[11.008368559837914,49.576662674075976],[11.009063266732124,49.57657459962527],[11.009592045635445,49.576533886452914],[11.009750781408592,49.576520289432075],[11.010003079704967,49.57650110866554],[11.01056468366606,49.57646980585277],[11.011253435327228,49.576423786133866],[11.013429804222918,49.576260667371095]]},"properties":{"kind":"road","id":"4319352#1","speed":60.0,"lanes":2,"priority":9}},{"type":"Feature","geometry":{"type":"LineString","coordinates":[[11.004441305938162,49.57771575328583],[11.004227366130602,49.57778841079204],[11.003112555075784,49.57815499215559],[11.002336693166637,49.578395516032614],[11.001645914154018,49.57862106930386],[10.999741543367755,49.57922629972858]]},"properties":{"kind":"road","id":"4319353","speed":60.0,"lanes":2,"priority":9}},{"type":"Feature","geometry":{"type":"LineString","coordinates":[[11.026776208339584,49.582046494414456],[11.026771246657248,49.58195680527167],[11.02676455537863,49.58183539196717]]},"properties":{"kind":"road","id":"4392769","speed":80.0,"lanes":1,"priority":5}},{"type":"Feature","geometry":{"type":"LineString","coordinates":[[11.016030700712799,49.57599997480551],[11.016135820080594,49.57598617884023],[11.016314393543352,49.575963951136586]]},"properties":{"kind":"road","id":"4400949","speed":100.0,"lanes":2,"priority":11}},{"type":"Feature","geometry":{"type":"LineString","coordinates":[[11.013429458631265,49.57626067338548],[11.015340806458672,49.576080136245615]]},"properties":{"kind":"road","id":"44069041#0","speed":60.0,"lanes":2,"priority":9}},{"type":"Feature","geometry":{"type":"LineString","coordinates":[[11.015408964787294,49.57607242712218],[11.015705805815617,49.576041573262536]]},"properties":{"kind":"road","id":"44069041#1","speed":60.0,"lanes":2,"priority":9}},{"type":"Feature","geometry":{"type":"LineString","coordinates":[[11.016447888158494,49.57785686148281],[11.016412534189342,49.57780800189802],[11.016194505153404,49.577428589366924]]},"properties":{"kind":"road","id":"4686970#0","speed":50.0,"lanes":2,"priority":6}},{"type":"Feature","geometry":{"type":"LineString","coordinates":[[11.016165526328862,49.57735649992915],[11.016120954882421,49.577251803308926],[11.016101514006698,49.57720302614417]]},"properties":{"kind":"road","id":"4686970#1","speed":50.0,"lanes":2,"priority":6}},{"type":"Feature","geometry":{"type":"LineString","coordinates":[[11.017052089996966,49.57348000113694],[11.016996532134073,49.57307184984122],[11.016954197750156,49.57275963094003],[11.01694625263878,49.57270111813349]]},"properties":{"kind":"road","id":"4690348","speed":50.0,"lanes":1,"priority":4}},{"type":"Feature","geometry":{"type":"LineString","coordinates":[[11.029083562493032,49.56891330303014],[11.031199260872315,49.56892403250703],[11.031383653826847,49.56892115468808]]},"properties":{"kind":"road","id":"4797871","speed":80.0,"lanes":1,"priority":10}},{"type":"Feature","geometry":{"type":"LineString","coordinates":[[11.02767786245898,49.56891321151984],[11.029083562493032,49.56891330303014]]},"properties":{"kind":"road","id":"4797872","speed":80.0,"lanes":1,"priority":10}},{"type":"Feature","geometry":{"type":"LineString","coordinates":[[11.00814995398612,49.582257584297004],[11.009464974853033,49.582664561063844]]},"properties":{"kind":"road","id":"4872369","speed":50.0,"lanes":1,"priority":4}},{"type":"Feature","geometry":{"type":"LineString","coordinates":[[11.000771560584328,49.575718161550846],[11.000782835632522,49.5757300206446]]},"properties":{"kind":"road","id":"4900041#0","speed":50.0,"lanes":1,"priority":4}},{"type":"Feature","geometry":{"type":"LineString","coordinates":[[11.000800965773204,49.57580464031211],[11.000780252257714,49.575856273351796],[11.000732588531463,49.57587131064759]]},"properties":{"kind":"road","id":"4900041#1","speed":50.0,"lanes":1,"priority":4}},{"type":"Feature","geometry":{"type":"LineString","coordinates":[[11.00061867563806,49.57587651893518],[11.00057363554651,49.575867762457655],[11.000515034746885,49.57580139885028],[11.000530836611857,49.575764963368634]]},"properties":{"kind":"road","id":"4900041#2","speed":50.0,"lanes":1,"priority":4}},{"type":"Feature","geometry":{"type":"LineString","coordinates":[[11.000599614667918,49.57570809140656],[11.000648961391247,49.57569023643045],[11.000759131108017,49.57571189968177]]},"properties":{"kind":"road","id":"4900041#3","speed":50.0,"lanes":1,"priority":4}},{"type":"Feature","geometry":{"type":"LineString","coordinates":[[11.002876025603198,49.57509280744836],[11.002074082959954,49.57535910397607],[11.001989606404814,49.575383864375695],[11.001464783681072,49.57555324616124],[11.000863032479309,49.57576632520356]]},"properties":{"kind":"road","id":"4900043","speed":50.0,"lanes":1,"priority":4}},{"type":"Feature","geometry":{"type":"LineString","coordinates":[[11.020475691456605,49.57246807609049],[11.019568577111398,49.57280370851545],[11.019482879368416,49.57283542970152]]},"properties":{"kind":"road","id":"4900739#0","speed":50.0,"lanes":1,"priority":4}},{"type":"Feature","geometry":{"type":"LineString","coordinates":[[11.019360429886094,49.57287489884938],[11.01853557287263,49.57311922120042],[11.018363793866506,49.5731700748104],[11.018109746925836,49.57324530205239],[11.017168306191682,49.573524122309074]]},"properties":{"kind":"road","id":"4900739#1","speed":50.0,"lanes":1,"priority":4}},{"type":"Feature","geometry":{"type":"LineString","coordinates":[[11.017043668453775,49.57356092845577],[11.016855331053058,49.57361620647125]]},"properties":{"kind":"road","id":"4900739#2","speed":50.0,"lanes":1,"priority":4}},{"type":"Feature","geometry":{"type":"LineString","coordinates":[[11.016728586053938,49.573652239407444],[11.015902582738107,49.57388279953584],[11.015881898941656,49.5738877476997]]},"properties":{"kind":"road","id":"4900741","speed":50.0,"lanes":1,"priority":4}},{"type":"Feature","geometry":{"type":"LineString","coordinates":[[11.011477397288107,49.57477338418845],[11.01139729010132,49.57466539051495],[11.010614681303197,49.574929611298295],[11.010339510995792,49.574585544041824]]},"properties":{"kind":"road","id":"54105725","speed":80.0,"lanes":1,"priority":5}},{"type":"Feature","geometry":{"type":"LineString","coordinates":[[11.03142079702863,49.57285770396841],[11.031359798383594,49.57286111389413],[11.030869249241745,49.57290004141977]]},"properties":{"kind":"road","id":"5445204#1","speed":50.0,"lanes":1,"priority":4}},{"type":"Feature","geometry":{"type":"LineString","coordinates":[[11.0307419391095,49.57291217136945],[11.03053543614869,49.57293594615351],[11.030330174289963,49.5730629684214],[11.030211183541942,49.57312892545631]]},"properties":{"kind":"road","id":"5445204#2","speed":50.0,"lanes":1,"priority":4}},{"type":"Feature","geometry":{"type":"LineString","coordinates":[[11.03010115354732,49.57315748329148],[11.029986469860283,49.573167231892405],[11.0298125537325,49.57313295162097],[11.02930082048888,49.57283131045772],[11.029073104092381,49.57269713195557],[11.028863114350829,49.57257343687136],[11.028534016891394,49.572379415249586],[11.028058597475164,49.57209917113826],[11.027684142514449,49.5718785955672],[11.02630047178579,49.57106309840809]]},"properties":{"kind":"road","id":"5445204#3","speed":50.0,"lanes":1,"priority":4}},{"type":"Feature","geometry":{"type":"LineString","coordinates":[[11.015738511742608,49.5761605099168],[11.015519468629963,49.576185960530154]]},"properties":{"kind":"road","id":"5931612","speed":60.0,"lanes":2,"priority":9}},{"type":"Feature","geometry":{"type":"LineString","coordinates":[[11.009379731338429,49.574891066194624],[11.009405232808582,49.574922557627254]]},"properties":{"kind":"road","id":"67076129","speed":80.0,"lanes":1,"priority":5}},{"type":"Feature","geometry":{"type":"LineString","coordinates":[[11.015786811897824,49.57641114024008],[11.015733158177284,49.576367996646695],[11.015609711882323,49.5762794717911],[11.01551180059055,49.57623655940659]]},"properties":{"kind":"road","id":"8364476","speed":50.0,"lanes":1,"priority":6}},{"type":"Feature","geometry":{"type":"LineString","coordinates":[[11.021772750272431,49.57797753183401],[11.021860342517462,49.577623283686606],[11.02206816697678,49.5768946062387]]},"properties":{"kind":"road","id":"8402997","speed":50.0,"lanes":1,"priority":4}},{"type":"Feature","geometry":{"type":"LineString","coordinates":[[11.020516388149654,49.576719316525356],[11.020945418459217,49.57675059400832],[11.022037552175648,49.57683334154061]]},"properties":{"kind":"road","id":"8402998#0","speed":30.0,"lanes":1,"priority":4}},{"type":"Feature","geometry":{"type":"LineString","coordinates":[[11.022164713578753,49.57684074429433],[11.022641044562874,49.57685832502477],[11.022697590438899,49.5768608447173]]},"properties":{"kind":"road","id":"8402998#1","speed":30.0,"lanes":1,"priority":4}},{"type":"Feature","geometry":{"type":"LineString","coordinates":[[11.022827125042872,49.57686541661572],[11.022889297786708,49.576866848316094],[11.023937192974865,49.57689331931357]]},"properties":{"kind":"road","id":"8402998#2","speed":30.0,"lanes":1,"priority":4}},{"type":"Feature","geometry":{"type":"LineString","coordinates":[[11.024083870445887,49.57689093316145],[11.025754188028413,49.57679809957101],[11.026884146561104,49.57688202813606],[11.027465802210523,49.577044282122635],[11.02806299613109,49.577210848576996]]},"properties":{"kind":"road","id":"8402998#3","speed":30.0,"lanes":1,"priority":4}},{"type":"Feature","geometry":{"type":"LineString","coordinates":[[11.023614154000416,49.57877896059395],[11.023700963464083,49.57821881545353]]},"properties":{"kind":"road","id":"8403001","speed":50.0,"lanes":1,"priority":4}},{"type":"Feature","geometry":{"type":"LineString","coordinates":[[11.024293988485729,49.57590763575721],[11.025354880483244,49.575907689198225]]},"properties":{"kind":"road","id":"8403007","speed":50.0,"lanes":1,"priority":4}},{"type":"Feature","geometry":{"type":"LineString","coordinates":[[11.01799115691905,49.57568742714972],[11.017364681098373,49.57589301758293],[11.016740046199,49.57603600812486]]},"properties":{"kind":"road","id":"85355911#0","speed":60.0,"lanes":2,"priority":11}},{"type":"Feature","geometry":{"type":"LineString","coordinates":[[11.016614690039274,49.57604547967286],[11.016332363943219,49.57608278461863]]},"properties":{"kind":"road","id":"85355911#1","speed":60.0,"lanes":2,"priority":11}},{"type":"Feature","geometry":{"type":"LineString","coordinates":[[11.0202717360972,49.57434083431097],[11.019503422643579,49.57487302475623],[11.018751541621752,49.57531942006833],[11.017997757478009,49.575684793250765]]},"properties":{"kind":"road","id":"85355912","speed":80.0,"lanes":2,"priority":11}},{"type":"Feature","geometry":{"type":"LineString","coordinates":[[11.004843724543768,49.57627915724434],[11.00511272900198,49.57619335520287],[11.006871910061085,49.57563283304537],[11.007551462221334,49.57541171585286],[11.008428540211353,49.575129773886154],[11.008795191150128,49.575006825389686],[11.009085443552678,49.57492001539742],[11.009151525219615,49.57489880765565]]},"properties":{"kind":"road","id":"94344940#0","speed":80.0,"lanes":1,"priority":5}},{"type":"Feature","geometry":{"type":"LineString","coordinates":[[11.00937889598587,49.57482694213319],[11.009493201316362,49.57479095345685],[11.010260812930037,49.574545441833536]]},"properties":{"kind":"road","id":"94344940#2","speed":80.0,"lanes":1,"priority":5}},{"type":"Feature","geometry":{"type":"LineString","coordinates":[[11.010378782709513,49.574507769394],[11.010880308919667,49.57434810726282],[11.011265702748858,49.57422374561186],[11.011667748058944,49.57409396563895],[11.012276072820374,49.57389771732775],[11.01245054193639,49.5738414286587],[11.013051812946166,49.57364871725463],[11.01350685627329,49.57350280608563]]},"properties":{"kind":"road","id":"94344940#3","speed":80.0,"lanes":1,"priority":5}},{"type":"Feature","geometry":{"type":"LineString","coordinates":[[11.00411659635777,49.57652815923666],[11.00415005283087,49.57650401124779],[11.004229258703212,49.57647889080554],[11.004812639155231,49.57629363907266],[11.004838974269461,49.57629489188063]]},"properties":{"kind":"road","id":"94344941","speed":80.0,"lanes":1,"priority":5}},{"type":"Feature","geometry":{"type":"LineString","coordinates":[[11.022380441871436,49.57803347817533],[11.022607394830176,49.57739954889081],[11.022731912481179,49.57692141473672]]},"properties":{"kind":"road","id":"9643180","speed":30.0,"lanes":1,"priority":4}},{"type":"Feature","geometry":{"type":"Point","coordinates":[11.02409007473236,49.5735134249866]},"properties":{"kind":"junction","id":"cluster_269721025_411050745","type":"priority"}},{"type":"Feature","geometry":{"type":"Point","coordinates":[11.024874749614353,49.573007274378526]},"properties":{"kind":"junction","id":"255265426","type":"priority"}},{"type":"Feature","geometry":{"type":"Point","coordinates":[11.026421060254632,49.57486316046394]},"properties":{"kind":"junction","id":"399712519","type":"priority"}},{"type":"Feature","geometry":{"type":"Point","coordinates":[11.024922219145964,49.57297441917012]},"properties":{"kind":"junction","id":"39537829","type":"priority"}},{"type":"Feature","geometry":{"type":"Point","coordinates":[11.024935563623021,49.57473066780123]},"properties":{"kind":"junction","id":"89119479","type":"right_before_left"}},{"type":"Feature","geometry":{"type":"Point","coordinates":[11.025607496408657,49.57435449310695]},"properties":{"kind":"junction","id":"399712523","type":"priority"}},{"type":"Feature","geometry":{"type":"Point","coordinates":[11.0239958790005,49.57497478986858]},"properties":{"kind":"junction","id":"349116359","type":"right_before_left"}},{"type":"Feature","geometry":{"type":"Point","coordinates":[11.02457647551365,49.578180828949094]},"properties":{"kind":"junction","id":"89119501","type":"priority"}},{"type":"Feature","geometry":{"type":"Point","coordinates":[11.02602916503224,49.57820343518273]},"properties":{"kind":"junction","id":"89119484","type":"priority"}},{"type":"Feature","geometry":{"type":"Point","coordinates":[11.02494694034937,49.57737508625923]},"properties":{"kind":"junction","id":"89119510","type":"priority"}},{"type":"Feature","geometry":{"type":"Point","coordinates":[11.005831162623696,49.58210233405742]},"properties":{"kind":"junction","id":"21968155","type":"priority"}},{"type":"Feature","geometry":{"type":"Point","coordinates":[11.004753141715133,49.586369268715266]},"properties":{"kind":"junction","id":"12247705","type":"priority"}},{"type":"Feature","geometry":{"type":"Point","coordinates":[11.005721257225312,49.58086617779646]},"properties":{"kind":"junction","id":"12247702","type":"priority"}},{"type":"Feature","geometry":{"type":"Point","coordinates":[11.026835271858069,49.577525440375325]},"properties":{"kind":"junction","id":"95087512","type":"priority"}},{"type":"Feature","geometry":{"type":"Point","coordinates":[11.026391173192604,49.57822606099177]},"properties":{"kind":"junction","id":"95087508","type":"priority"}},{"type":"Feature","geometry":{"type":"Point","coordinates":[11.025882620324262,49.57744749218756]},"properties":{"kind":"junction","id":"95087518","type":"priority"}},{"type":"Feature","geometry":{"type":"Point","coordinates":[11.025505710759955,49.57818075626503]},"properties":{"kind":"junction","id":"95087515","type":"priority"}},{"type":"Feature","geometry":{"type":"Point","coordinates":[11.033591424631037,49.58165010972548]},"properties":{"kind":"junction","id":"26841333","type":"priority"}},{"type":"Feature","geometry":{"type":"Point","coordinates":[11.0321204335136,49.576647232346176]},"properties":{"kind":"junction","id":"411797695","type":"priority"}},{"type":"Feature","geometry":{"type":"Point","coordinates":[11.020361317046232,49.58198489768997]},"properties":{"kind":"junction","id":"cluster_17574058_411035708_411035715","type":"priority"}},{"type":"Feature","geometry":{"type":"Point","coordinates":[11.020929899678414,49.585121264990974]},"properties":{"kind":"junction","id":"1395333452","type":"priority"}},{"type":"Feature","geometry":{"type":"Point","coordinates":[11.03158793250306,49.57219233204099]},"properties":{"kind":"junction","id":"335145965","type":"priority"}},{"type":"Feature","geometry":{"type":"Point","coordinates":[11.031465060510456,49.56940611834544]},"properties":{"kind":"junction","id":"411797709","type":"priority"}},{"type":"Feature","geometry":{"type":"Point","coordinates":[11.031449447612005,49.56892008934]},"properties":{"kind":"junction","id":"12452103","type":"priority"}},{"type":"Feature","geometry":{"type":"Point","coordinates":[11.033749959816287,49.5607906223208]},"properties":{"kind":"junction","id":"411732364","type":"priority"}},{"type":"Feature","geometry":{"type":"Point","coordinates":[11.025419127138262,49.57592248667703]},"properties":{"kind":"junction","id":"26841364","type":"priority"}},{"type":"Feature","geometry":{"type":"Point","coordinates":[11.000678635734637,49.57588816584054]},"properties":{"kind":"junction","id":"25504680","type":"priority"}},{"type":"Feature","geometry":{"type":"Point","coordinates":[11.000853241723457,49.57623723338105]},"properties":{"kind":"junction","id":"252847876","type":"priority"}},{"type":"Feature","geometry":{"type":"Point","coordinates":[11.00054713258507,49.57572708004724]},"properties":{"kind":"junction","id":"25504695","type":"priority"}},{"type":"Feature","geometry":{"type":"Point","coordinates":[11.000236536353139,49.575397994607265]},"properties":{"kind":"junction","id":"252847877","type":"priority"}},{"type":"Feature","geometry":{"type":"Point","coordinates":[11.030795695051157,49.57289089768008]},"properties":{"kind":"junction","id":"252726232","type":"priority"}},{"type":"Feature","geometry":{"type":"Point","coordinates":[11.031114581717635,49.5709026660531]},"properties":{"kind":"junction","id":"252939637","type":"priority"}},{"type":"Feature","geometry":{"type":"Point","coordinates":[11.02626743541043,49.571023556606406]},"properties":{"kind":"junction","id":"39537846","type":"priority"}},{"type":"Feature","geometry":{"type":"Point","coordinates":[11.027956236481938,49.56974627369141]},"properties":{"kind":"junction","id":"411050728","type":"priority"}},{"type":"Feature","geometry":{"type":"Point","coordinates":[11.027625053036546,49.575516196284724]},"properties":{"kind":"junction","id":"26841358","type":"priority"}},{"type":"Feature","geometry":{"type":"Point","coordinates":[11.023643025498991,49.579403289876126]},"properties":{"kind":"junction","id":"17574088","type":"right_before_left"}},{"type":"Feature","geometry":{"type":"Point","coordinates":[11.02008348854479,49.57905997410288]},"properties":{"kind":"junction","id":"17574061","type":"priority"}},{"type":"Feature","geometry":{"type":"Point","coordinates":[11.025339865178106,49.57939761595645]},"properties":{"kind":"junction","id":"17574090","type":"right_before_left"}},{"type":"Feature","geometry":{"type":"Point","coordinates":[11.026530833558507,49.57940329792696]},"properties":{"kind":"junction","id":"17574091","type":"right_before_left"}},{"type":"Feature","geometry":{"type":"Point","coordinates":[10.999829252817102,49.572561261242235]},"properties":{"kind":"junction","id":"366720044","type":"priority"}},{"type":"Feature","geometry":{"type":"Point","coordinates":[10.998195233743031,49.57280547909769]},"properties":{"kind":"junction","id":"257950220","type":"priority"}},{"type":"Feature","geometry":{"type":"Point","coordinates":[11.000519976957095,49.572468179226355]},"properties":{"kind":"junction","id":"14319161","type":"priority"}},{"type":"Feature","geometry":{"type":"Point","coordinates":[11.001871868461885,49.570362945225135]},"properties":{"kind":"junction","id":"274874760","type":"priority"}},{"type":"Feature","geometry":{"type":"Point","coordinates":[11.00267976210083,49.56765181385003]},"properties":{"kind":"junction","id":"25300251","type":"priority"}},{"type":"Feature","geometry":{"type":"Point","coordinates":[11.031624661866982,49.574719184516425]},"properties":{"kind":"junction","id":"cluster_1291385696_21971288","type":"priority"}},{"type":"Feature","geometry":{"type":"Point","coordinates":[11.028895769601222,49.576346342477486]},"properties":{"kind":"junction","id":"276807441","type":"priority"}},{"type":"Feature","geometry":{"type":"Point","coordinates":[11.01249479073408,49.57505839266236]},"properties":{"kind":"junction","id":"286769264","type":"priority"}},{"type":"Feature","geometry":{"type":"Point","coordinates":[11.01582107499051,49.57415732613543]},"properties":{"kind":"junction","id":"286769261","type":"priority"}},{"type":"Feature","geometry":{"type":"Point","coordinates":[11.000095039935822,49.570809993229865]},"properties":{"kind":"junction","id":"25300234","type":"priority"}},{"type":"Feature","geometry":{"type":"Point","coordinates":[11.030511451023647,49.58174009784707]},"properties":{"kind":"junction","id":"267497324","type":"priority"}},{"type":"Feature","geometry":{"type":"Point","coordinates":[11.026785864854828,49.58180542315117]},"properties":{"kind":"junction","id":"26841332","type":"priority"}},{"type":"Feature","geometry":{"type":"Point","coordinates":[11.007888545683928,49.57315930717836]},"properties":{"kind":"junction","id":"314448358","type":"priority"}},{"type":"Feature","geometry":{"type":"Point","coordinates":[11.00668883972651,49.571597797665994]},"properties":{"kind":"junction","id":"314448307","type":"priority"}},{"type":"Feature","geometry":{"type":"Point","coordinates":[11.009274544101377,49.574876251218846]},"properties":{"kind":"junction","id":"cluster_314448309_824235741","type":"priority"}},{"type":"Feature","geometry":{"type":"Point","coordinates":[11.002741979577394,49.57296380348789]},"properties":{"kind":"junction","id":"314448301","type":"priority"}},{"type":"Feature","geometry":{"type":"Point","coordinates":[11.004113636132848,49.576530189543945]},"properties":{"kind":"junction","id":"314448409","type":"priority"}},{"type":"Feature","geometry":{"type":"Point","coordinates":[11.003809064600755,49.5766393640912]},"properties":{"kind":"junction","id":"cluster_314448347_347349359","type":"priority"}},{"type":"Feature","geometry":{"type":"Point","coordinates":[11.004718049321085,49.57416422351127]},"properties":{"kind":"junction","id":"314448320","type":"priority"}},{"type":"Feature","geometry":{"type":"Point","coordinates":[11.02238671555352,49.57808149496277]},"properties":{"kind":"junction","id":"75321428","type":"priority"}},{"type":"Feature","geometry":{"type":"Point","coordinates":[11.023730259787419,49.57817791276121]},"properties":{"kind":"junction","id":"26841354","type":"priority"}},{"type":"Feature","geometry":{"type":"Point","coordinates":[11.02178482653346,49.57802202892327]},"properties":{"kind":"junction","id":"17574082","type":"priority"}},{"type":"Feature","geometry":{"type":"Point","coordinates":[11.02400954012895,49.57690995489985]},"properties":{"kind":"junction","id":"26841355","type":"right_before_left"}},{"type":"Feature","geometry":{"type":"Point","coordinates":[11.024234567395714,49.57592252867121]},"properties":{"kind":"junction","id":"26841361","type":"priority"}},{"type":"Feature","geometry":{"type":"Point","coordinates":[11.024191692919363,49.57573886895044]},"properties":{"kind":"junction","id":"17574075","type":"right_before_left"}},{"type":"Feature","geometry":{"type":"Point","coordinates":[11.023881658520319,49.57468488069202]},"properties":{"kind":"junction","id":"17574077","type":"right_before_left"}},{"type":"Feature","geometry":{"type":"Point","coordinates":[11.023278114541043,49.5740224761499]},"properties":{"kind":"junction","id":"17574078","type":"priority"}},{"type":"Feature","geometry":{"type":"Point","coordinates":[11.021359308765323,49.575655435462046]},"properties":{"kind":"junction","id":"17574073","type":"right_before_left"}},{"type":"Feature","geometry":{"type":"Point","coordinates":[11.02087316039342,49.57616678238998]},"properties":{"kind":"junction","id":"17574071","type":"right_before_left"}},{"type":"Feature","geometry":{"type":"Point","coordinates":[11.020436948184518,49.57672853003999]},"properties":{"kind":"junction","id":"26841360","type":"right_before_left"}},{"type":"Feature","geometry":{"type":"Point","coordinates":[11.019996201095616,49.57785743758954]},"properties":{"kind":"junction","id":"17574066","type":"priority"}},{"type":"Feature","geometry":{"type":"Point","coordinates":[11.026635458043733,49.57915372641092]},"properties":{"kind":"junction","id":"349918192","type":"priority"}},{"type":"Feature","geometry":{"type":"Point","coordinates":[11.005236054279992,49.57895232248018]},"properties":{"kind":"junction","id":"13493753","type":"priority"}},{"type":"Feature","geometry":{"type":"Point","coordinates":[11.005008644646077,49.57856819427936]},"properties":{"kind":"junction","id":"19755460","type":"priority"}},{"type":"Feature","geometry":{"type":"Point","coordinates":[11.004480302436875,49.57764954482831]},"properties":{"kind":"junction","id":"cluster_12247700_12529558","type":"priority"}},{"type":"Feature","geometry":{"type":"Point","coordinates":[11.001621031019944,49.57955465622282]},"properties":{"kind":"junction","id":"14319137","type":"priority"}},{"type":"Feature","geometry":{"type":"Point","coordinates":[11.015733596126324,49.57735561535625]},"properties":{"kind":"junction","id":"cluster_277566500_277567477","type":"priority"}},{"type":"Feature","geometry":{"type":"Point","coordinates":[11.011165720731613,49.581401895056764]},"properties":{"kind":"junction","id":"20967403","type":"priority"}},{"type":"Feature","geometry":{"type":"Point","coordinates":[11.00097692248625,49.57685300088134]},"properties":{"kind":"junction","id":"347349368","type":"priority"}},{"type":"Feature","geometry":{"type":"Point","coordinates":[10.999964032272619,49.577164670224896]},"properties":{"kind":"junction","id":"347349637","type":"priority"}},{"type":"Feature","geometry":{"type":"Point","coordinates":[11.001707545139938,49.57661790143788]},"properties":{"kind":"junction","id":"cluster_347349857_347349858","type":"priority"}},{"type":"Feature","geometry":{"type":"Point","coordinates":[11.003242773413177,49.57612391862048]},"properties":{"kind":"junction","id":"347349445","type":"priority"}},{"type":"Feature","geometry":{"type":"Point","coordinates":[11.00133142057927,49.576171840650446]},"properties":{"kind":"junction","id":"347349856","type":"priority"}},{"type":"Feature","geometry":{"type":"Point","coordinates":[11.002908044375493,49.57566203352327]},"properties":{"kind":"junction","id":"347349707","type":"priority"}},{"type":"Feature","geometry":{"type":"Point","coordinates":[10.999672299579794,49.576708329584015]},"properties":{"kind":"junction","id":"347349708","type":"priority"}},{"type":"Feature","geometry":{"type":"Point","coordinates":[11.003517514687518,49.57659700660136]},"properties":{"kind":"junction","id":"347349709","type":"priority"}},{"type":"Feature","geometry":{"type":"Point","coordinates":[11.00160977746888,49.57766353023059]},"properties":{"kind":"junction","id":"347349874","type":"priority"}},{"type":"Feature","geometry":{"type":"Point","coordinates":[11.001825231836985,49.577823881911996]},"properties":{"kind":"junction","id":"347349816","type":"priority"}},{"type":"Feature","geometry":{"type":"Point","coordinates":[11.002154834753215,49.57711256500462]},"properties":{"kind":"junction","id":"347595810","type":"priority"}},{"type":"Feature","geometry":{"type":"Point","coordinates":[11.002405990847528,49.57742189430752]},"properties":{"kind":"junction","id":"347349875","type":"priority"}},{"type":"Feature","geometry":{"type":"Point","coordinates":[11.002586343682095,49.57764393210627]},"properties":{"kind":"junction","id":"347349864","type":"priority"}},{"type":"Feature","geometry":{"type":"Point","coordinates":[11.000562655288938,49.57799090952601]},"properties":{"kind":"junction","id":"347349917","type":"priority"}},{"type":"Feature","geometry":{"type":"Point","coordinates":[11.000161480843978,49.57811640753718]},"properties":{"kind":"junction","id":"347349872","type":"priority"}},{"type":"Feature","geometry":{"type":"Point","coordinates":[11.003304765544431,49.57675946271693]},"properties":{"kind":"junction","id":"347595866","type":"priority"}},{"type":"Feature","geometry":{"type":"Point","coordinates":[11.015682350208076,49.57274761401832]},"properties":{"kind":"junction","id":"347788451","type":"priority"}},{"type":"Feature","geometry":{"type":"Point","coordinates":[11.015706457747791,49.57294329807428]},"properties":{"kind":"junction","id":"347788385","type":"priority"}},{"type":"Feature","geometry":{"type":"Point","coordinates":[11.01690473585646,49.5790558819043]},"properties":{"kind":"junction","id":"17574105","type":"priority"}},{"type":"Feature","geometry":{"type":"Point","coordinates":[11.016468276402023,49.577884977187416]},"properties":{"kind":"junction","id":"348243041","type":"priority"}},{"type":"Feature","geometry":{"type":"Point","coordinates":[11.017490403957321,49.5817205995749]},"properties":{"kind":"junction","id":"19755421","type":"priority"}},{"type":"Feature","geometry":{"type":"Point","coordinates":[11.027198257291056,49.578339569648406]},"properties":{"kind":"junction","id":"26841336","type":"priority"}},{"type":"Feature","geometry":{"type":"Point","coordinates":[11.028117697649115,49.577242273845]},"properties":{"kind":"junction","id":"26841359","type":"right_before_left"}},{"type":"Feature","geometry":{"type":"Point","coordinates":[11.026508967743629,49.57957342791223]},"properties":{"kind":"junction","id":"349918194","type":"priority"}},{"type":"Feature","geometry":{"type":"Point","coordinates":[11.003777028163327,49.56928098693074]},"properties":{"kind":"junction","id":"354910587","type":"priority"}},{"type":"Feature","geometry":{"type":"Point","coordinates":[11.003778110457104,49.569959325942094]},"properties":{"kind":"junction","id":"19769116","type":"priority"}},{"type":"Feature","geometry":{"type":"Point","coordinates":[11.003999378639072,49.56837433757346]},"properties":{"kind":"junction","id":"354910582","type":"priority"}},{"type":"Feature","geometry":{"type":"Point","coordinates":[11.002966621946634,49.569375261287]},"properties":{"kind":"junction","id":"354910591","type":"priority"}},{"type":"Feature","geometry":{"type":"Point","coordinates":[11.015798239115577,49.57389181413086]},"properties":{"kind":"junction","id":"21970042","type":"priority"}},{"type":"Feature","geometry":{"type":"Point","coordinates":[11.025528329123839,49.58169709977439]},"properties":{"kind":"junction","id":"17574093","type":"right_before_left"}},{"type":"Feature","geometry":{"type":"Point","coordinates":[11.024821161657005,49.58172252178298]},"properties":{"kind":"junction","id":"362740744","type":"priority"}},{"type":"Feature","geometry":{"type":"Point","coordinates":[11.026766755680011,49.58163807996482]},"properties":{"kind":"junction","id":"17574092","type":"priority"}},{"type":"Feature","geometry":{"type":"Point","coordinates":[11.024303271632794,49.58173824102417]},"properties":{"kind":"junction","id":"17574094","type":"right_before_left"}},{"type":"Feature","geometry":{"type":"Point","coordinates":[11.017529748386924,49.581923123857145]},"properties":{"kind":"junction","id":"332234285","type":"priority"}},{"type":"Feature","geometry":{"type":"Point","coordinates":[11.017602139814636,49.58252429606374]},"properties":{"kind":"junction","id":"21968161","type":"priority"}},{"type":"Feature","geometry":{"type":"Point","coordinates":[11.008939925526398,49.584008623082575]},"properties":{"kind":"junction","id":"16933967","type":"priority"}},{"type":"Feature","geometry":{"type":"Point","coordinates":[11.020329451270864,49.5813876070912]},"properties":{"kind":"junction","id":"21113162","type":"priority"}},{"type":"Feature","geometry":{"type":"Point","coordinates":[11.020292890592454,49.580844102107584]},"properties":{"kind":"junction","id":"17574059","type":"priority"}},{"type":"Feature","geometry":{"type":"Point","coordinates":[11.020236141220035,49.58023717083899]},"properties":{"kind":"junction","id":"17574060","type":"priority"}},{"type":"Feature","geometry":{"type":"Point","coordinates":[11.02014914940348,49.57956788835054]},"properties":{"kind":"junction","id":"17574064","type":"priority"}},{"type":"Feature","geometry":{"type":"Point","coordinates":[11.034768855865853,49.58784707723926]},"properties":{"kind":"junction","id":"12452110","type":"priority"}},{"type":"Feature","geometry":{"type":"Point","coordinates":[10.999545701003491,49.573644733056]},"properties":{"kind":"junction","id":"366720034","type":"priority"}},{"type":"Feature","geometry":{"type":"Point","coordinates":[11.018076856170852,49.57784037774585]},"properties":{"kind":"junction","id":"17574067","type":"priority"}},{"type":"Feature","geometry":{"type":"Point","coordinates":[11.015843297773353,49.5745187418838]},"properties":{"kind":"junction","id":"21317522","type":"priority"}},{"type":"Feature","geometry":{"type":"Point","coordinates":[11.031355495376992,49.57393022811611]},"properties":{"kind":"junction","id":"1316826203","type":"priority"}},{"type":"Feature","geometry":{"type":"Point","coordinates":[11.030160633274535,49.57313745880342]},"properties":{"kind":"junction","id":"1154372516","type":"priority"}},{"type":"Feature","geometry":{"type":"Point","coordinates":[11.010784362695283,49.58118156499712]},"properties":{"kind":"junction","id":"16933971","type":"priority"}},{"type":"Feature","geometry":{"type":"Point","coordinates":[11.008412076501306,49.58100282842438]},"properties":{"kind":"junction","id":"17573721","type":"priority"}},{"type":"Feature","geometry":{"type":"Point","coordinates":[11.012807389469458,49.58186261611064]},"properties":{"kind":"junction","id":"15420062","type":"priority"}},{"type":"Feature","geometry":{"type":"Point","coordinates":[11.014290781468834,49.581828703708474]},"properties":{"kind":"junction","id":"21968159","type":"priority"}},{"type":"Feature","geometry":{"type":"Point","coordinates":[11.006484646456949,49.57808661947425]},"properties":{"kind":"junction","id":"19755463","type":"priority"}},{"type":"Feature","geometry":{"type":"Point","coordinates":[11.007986604872618,49.57786400787683]},"properties":{"kind":"junction","id":"19755457","type":"priority"}},{"type":"Feature","geometry":{"type":"Point","coordinates":[11.010613019588712,49.57763578381616]},"properties":{"kind":"junction","id":"21969082","type":"priority"}},{"type":"Feature","geometry":{"type":"Point","coordinates":[11.012750132017747,49.577808311192385]},"properties":{"kind":"junction","id":"16933976","type":"priority"}},{"type":"Feature","geometry":{"type":"Point","coordinates":[11.00843283625147,49.57973948812742]},"properties":{"kind":"junction","id":"19755454","type":"priority"}},{"type":"Feature","geometry":{"type":"Point","coordinates":[11.007604746811628,49.576882109690985]},"properties":{"kind":"junction","id":"15159498","type":"priority"}},{"type":"Feature","geometry":{"type":"Point","coordinates":[11.010956361983547,49.57998432164493]},"properties":{"kind":"junction","id":"16933972","type":"priority"}},{"type":"Feature","geometry":{"type":"Point","coordinates":[11.012981305655797,49.576396479070645]},"properties":{"kind":"junction","id":"1391319738","type":"priority"}},{"type":"Feature","geometry":{"type":"Point","coordinates":[11.01305555014342,49.58425499194942]},"properties":{"kind":"junction","id":"15420060","type":"priority"}},{"type":"Feature","geometry":{"type":"Point","coordinates":[11.024262426148095,49.58123268354226]},"properties":{"kind":"junction","id":"21113161","type":"right_before_left"}},{"type":"Feature","geometry":{"type":"Point","coordinates":[11.024157810654096,49.58069387853654]},"properties":{"kind":"junction","id":"17574097","type":"right_before_left"}},{"type":"Feature","geometry":{"type":"Point","coordinates":[11.023987551496239,49.58016341827491]},"properties":{"kind":"junction","id":"17574098","type":"right_before_left"}},{"type":"Feature","geometry":{"type":"Point","coordinates":[11.023630013055236,49.578824560757035]},"properties":{"kind":"junction","id":"17574086","type":"priority"}},{"type":"Feature","geometry":{"type":"Point","coordinates":[11.01851833881067,49.579567926241424]},"properties":{"kind":"junction","id":"17574062","type":"priority"}},{"type":"Feature","geometry":{"type":"Point","coordinates":[11.025112683963421,49.57407700531343]},"properties":{"kind":"junction","id":"17574080","type":"priority"}},{"type":"Feature","geometry":{"type":"Point","coordinates":[11.008943228020364,49.57090739148489]},"properties":{"kind":"junction","id":"19769141","type":"priority"}},{"type":"Feature","geometry":{"type":"Point","coordinates":[11.002927622382854,49.575058990351124]},"properties":{"kind":"junction","id":"14319163","type":"priority"}},{"type":"Feature","geometry":{"type":"Point","coordinates":[11.000071062001606,49.570402727644726]},"properties":{"kind":"junction","id":"19769114","type":"priority"}},{"type":"Feature","geometry":{"type":"Point","coordinates":[11.000920745217648,49.566150480811324]},"properties":{"kind":"junction","id":"19769126","type":"priority"}},{"type":"Feature","geometry":{"type":"Point","coordinates":[10.998279271612898,49.570439807506055]},"properties":{"kind":"junction","id":"19769153","type":"priority"}},{"type":"Feature","geometry":{"type":"Point","coordinates":[11.007984117266496,49.582396925538156]},"properties":{"kind":"junction","id":"21968156","type":"priority"}},{"type":"Feature","geometry":{"type":"Point","coordinates":[11.00727362766537,49.5834846756587]},"properties":{"kind":"junction","id":"18233559","type":"priority"}},{"type":"Feature","geometry":{"type":"Point","coordinates":[11.00807916762697,49.58225206621907]},"properties":{"kind":"junction","id":"21262676","type":"priority"}},{"type":"Feature","geometry":{"type":"Point","coordinates":[11.009516950103434,49.58269712189799]},"properties":{"kind":"junction","id":"21262677","type":"priority"}},{"type":"Feature","geometry":{"type":"Point","coordinates":[11.008532556504418,49.58385593424845]},"properties":{"kind":"junction","id":"16933968","type":"priority"}},{"type":"Feature","geometry":{"type":"Point","coordinates":[11.009866301005093,49.579811837197894]},"properties":{"kind":"junction","id":"19755477","type":"priority"}},{"type":"Feature","geometry":{"type":"Point","coordinates":[11.014808835831936,49.5854709909861]},"properties":{"kind":"junction","id":"21968753","type":"priority"}},{"type":"Feature","geometry":{"type":"Point","coordinates":[11.01559434616604,49.57191417561382]},"properties":{"kind":"junction","id":"21317525","type":"priority"}},{"type":"Feature","geometry":{"type":"Point","coordinates":[11.010618869172601,49.5767346838876]},"properties":{"kind":"junction","id":"21969086","type":"priority"}},{"type":"Feature","geometry":{"type":"Point","coordinates":[11.019429321699558,49.57283816370401]},"properties":{"kind":"junction","id":"21970024","type":"priority"}},{"type":"Feature","geometry":{"type":"Point","coordinates":[11.01679986050273,49.57361618396189]},"properties":{"kind":"junction","id":"21970003","type":"priority"}},{"type":"Feature","geometry":{"type":"Point","coordinates":[11.026799016172555,49.582046004908406]},"properties":{"kind":"junction","id":"26841331","type":"priority"}},{"type":"Feature","geometry":{"type":"Point","coordinates":[11.016969022922984,49.57269982159599]},"properties":{"kind":"junction","id":"29812698","type":"priority"}},{"type":"Feature","geometry":{"type":"Point","coordinates":[11.017082228310757,49.57353326936981]},"properties":{"kind":"junction","id":"29812699","type":"priority"}},{"type":"Feature","geometry":{"type":"Point","coordinates":[11.000816533603013,49.57576586998619]},"properties":{"kind":"junction","id":"25504677","type":"priority"}},{"type":"Feature","geometry":{"type":"Point","coordinates":[11.020431995788977,49.572418193948494]},"properties":{"kind":"junction","id":"cluster_21970028_21970039","type":"priority"}},{"type":"Feature","geometry":{"type":"Point","coordinates":[11.010328933361713,49.57454021014322]},"properties":{"kind":"junction","id":"682240998","type":"priority"}},{"type":"Feature","geometry":{"type":"Point","coordinates":[11.011497880863155,49.57476691104731]},"properties":{"kind":"junction","id":"682241030","type":"priority"}},{"type":"Feature","geometry":{"type":"Point","coordinates":[11.031504058076768,49.5728374411148]},"properties":{"kind":"junction","id":"cluster_1291385694_36814051","type":"priority"}},{"type":"Feature","geometry":{"type":"Point","coordinates":[11.009385043807494,49.57492947505922]},"properties":{"kind":"junction","id":"810367029","type":"priority"}},{"type":"Feature","geometry":{"type":"Point","coordinates":[11.022103258750297,49.57685333279324]},"properties":{"kind":"junction","id":"26841356","type":"priority"}},{"type":"Feature","geometry":{"type":"Point","coordinates":[11.02276625676658,49.576878804816225]},"properties":{"kind":"junction","id":"75321434","type":"right_before_left"}},{"type":"Feature","geometry":{"type":"Point","coordinates":[11.004845075137963,49.57629523593893]},"properties":{"kind":"junction","id":"1096168863","type":"priority"}},{"type":"Feature","geometry":{"type":"Point","coordinates":[11.01351694897535,49.57351612382702]},"properties":{"kind":"junction","id":"314448349","type":"priority"}},{"type":"Feature","geometry":{"type":"Point","coordinates":[11.01608301003805,49.577156841371874]},"properties":{"kind":"junction","id":"21113261","type":"priority"}},{"type":"Feature","geometry":{"type":"Point","coordinates":[11.016016317093259,49.57695173455812]},"properties":{"kind":"junction","id":"277567479","type":"priority"}},{"type":"Feature","geometry":{"type":"Point","coordinates":[11.016219965352004,49.57698902571896]},"properties":{"kind":"junction","id":"18038478","type":"priority"}},{"type":"Feature","geometry":{"type":"Point","coordinates":[11.027229762443937,49.569565240563115]},"properties":{"kind":"junction","id":"252726522","type":"priority"}},{"type":"Feature","geometry":{"type":"Point","coordinates":[11.015880302041127,49.57608153185827]},"properties":{"kind":"junction","id":"cluster_15159499_18038479_21113262_347787163_8851291","type":"priority"}},{"type":"Feature","geometry":{"type":"Point","coordinates":[11.016055456632378,49.57640097188023]},"properties":{"kind":"junction","id":"277565357","type":"priority"}},{"type":"Feature","geometry":{"type":"Point","coordinates":[11.01681398142591,49.57601911191715]},"properties":{"kind":"junction","id":"21113204","type":"priority"}},{"type":"Feature","geometry":{"type":"Point","coordinates":[11.015911316742029,49.575709563277584]},"properties":{"kind":"junction","id":"277565492","type":"priority"}},{"type":"Feature","geometry":{"type":"Point","coordinates":[11.01642903988254,49.575949718998395]},"properties":{"kind":"junction","id":"277565528","type":"priority"}},{"type":"Feature","geometry":{"type":"Point","coordinates":[11.015278589166021,49.57608598770007]},"properties":{"kind":"junction","id":"277565534","type":"priority"}},{"type":"Feature","geometry":{"type":"Point","coordinates":[11.015732683065522,49.57574541974048]},"properties":{"kind":"junction","id":"277565553","type":"priority"}},{"type":"Feature","geometry":{"type":"Point","coordinates":[11.016200757655646,49.57743932009595]},"properties":{"kind":"junction","id":"277566183","type":"priority"}},{"type":"Feature","geometry":{"type":"Point","coordinates":[11.015878667732517,49.5764850127977]},"properties":{"kind":"junction","id":"25504665","type":"priority"}},{"type":"Feature","geometry":{"type":"Point","coordinates":[11.015422200947654,49.57619728029794]},"properties":{"kind":"junction","id":"25504668","type":"priority"}},{"type":"Feature","geometry":{"type":"Point","coordinates":[11.01633243491363,49.576082828359716]},"properties":{"kind":"junction","id":"277565239","type":"priority"}},{"type":"Feature","geometry":{"type":"Point","coordinates":[11.032311888838084,49.56118102801016]},"properties":{"kind":"junction","id":"31662007","type":"unregulated"}},{"type":"Feature","geometry":{"type":"Point","coordinates":[11.02027167069379,49.574340925409096]},"properties":{"kind":"junction","id":"989509537","type":"priority"}},{"type":"Feature","geometry":{"type":"Point","coordinates":[11.024520157998248,49.571264104009266]},"properties":{"kind":"junction","id":"8851293","type":"priority"}},{"type":"Feature","geometry":{"type":"Point","coordinates":[11.032030067113988,49.56114819706215]},"properties":{"kind":"junction","id":"252890301","type":"unregulated"}},{"type":"Feature","geometry":{"type":"Point","coordinates":[11.02767786245898,49.56891321151984]},"properties":{"kind":"junction","id":"12452102","type":"priority"}},{"type":"Feature","geometry":{"type":"Point","coordinates":[10.999741614328277,49.57922634347997]},"properties":{"kind":"junction","id":"26212819","type":"priority"}},{"type":"Feature","geometry":{"type":"Point","coordinates":[10.998917960223284,49.57948813520457]},"properties":{"kind":"junction","id":"26212817","type":"unregulated"}},{"type":"Feature","geometry":{"type":"Point","coordinates":[10.998877919625246,49.57940543799675]},"properties":{"kind":"junction","id":"26212818","type":"unregulated"}},{"type":"Feature","geometry":{"type":"Point","coordinates":[10.9997049478778,49.579141609202296]},"properties":{"kind":"junction","id":"26212820","type":"priority"}},{"type":"Feature","geometry":{"type":"Point","coordinates":[11.013429596867926,49.57626067097971]},"properties":{"kind":"junction","id":"31921735","type":"priority"}},{"type":"Feature","geometry":{"type":"Point","coordinates":[11.029083562493032,49.56891330303014]},"properties":{"kind":"junction","id":"15160692","type":"priority"}},{"type":"Feature","geometry":{"type":"Point","coordinates":[11.000767218655783,49.575713468979615]},"properties":{"kind":"junction","id":"25504689","type":"priority"}},{"type":"Feature","geometry":{"type":"Point","coordinates":[11.017994637407753,49.57568628696892]},"properties":{"kind":"junction","id":"15159501","type":"priority"}},{"type":"Feature","geometry":{"type":"Polygon","coordinates":[[[11.02567090278515,49.57335675957093],[11.02585655842817,49.57322361213124],[11.026176820585189,49.57341149913882],[11.025991161409332,49.573544557195525],[11.02567090278515,49.57335675957093]]]},"properties":{"kind":"polygon","id":"112552150","poly_type":"building","color":"1.00,0.00,0.00"}},{"type":"Feature","geometry":{"type":"Polygon","coordinates":[[[11.03021126700318,49.57357096837561],[11.029830618227047,49.57383177361559],[11.029781365455605,49.57386493200179],[11.029427298397726,49.57364283489969],[11.029903055936261,49.57332386980767],[11.030252725799308,49.57354334394544],[11.03021126700318,49.57357096837561]]]},"properties":{"kind":"polygon","id":"116904831","poly_type":"building","color":"1.00,0.00,0.00"}},{"type":"Feature","geometry":{"type":"Polygon","coordinates":[[[11.030427229163648,49.573968382632316],[11.030401266355307,49.573939422637494],[11.030360594780497,49.57391935656135],[11.030296625402684,49.57391121371586],[11.03025003821462,49.5739185980746],[11.030208661811107,49.57393821496067],[11.030180872171472,49.57396856805408],[11.030174459261227,49.57400070496567],[11.030183558256946,49.57402663256687],[11.030217078605405,49.574057708888766],[11.030264150019285,49.5740753238458],[11.030310930915846,49.574079270553035],[11.030365304040702,49.574069500625946],[11.030409762962986,49.5740441623503],[11.03043279715911,49.574005886567804],[11.030427229163648,49.573968382632316]]]},"properties":{"kind":"polygon","id":"133641469","poly_type":"building","color":"1.00,0.00,0.00"}},{"type":"Feature","geometry":{"type":"Polygon","coordinates":[[[11.030698849572305,49.57387698752213],[11.030739359398737,49.573849829356305],[11.031149680162084,49.57410727712892],[11.030665838578164,49.57443142675231],[11.03025977632618,49.57417660122549],[11.030317917192919,49.574137619421144],[11.030698849572305,49.57387698752213]]]},"properties":{"kind":"polygon","id":"133641470","poly_type":"building","color":"1.00,0.00,0.00"}},{"type":"Feature","geometry":{"type":"Polygon","coordinates":[[[11.03021126700318,49.57357096837561],[11.030485806493202,49.57374327387254],[11.030698849572305,49.57387698752213],[11.030317917192919,49.574137619421144],[11.030089534970418,49.57399427906652],[11.03003125585619,49.57403326318263],[11.029868777053117,49.57393131521132],[11.02992705618029,49.573892331176324],[11.029830618227047,49.57383177361559],[11.03021126700318,49.57357096837561]]]},"properties":{"kind":"polygon","id":"133641471","poly_type":"building","color":"1.00,0.00,0.00"}},{"type":"Feature","geometry":{"type":"Polygon","coordinates":[[[11.030211203427093,49.58001623230888],[11.030202763894806,49.57993955795408],[11.029936244512067,49.57995134101897],[11.029945090906525,49.58002782834038],[11.030211203427093,49.58001623230888]]]},"properties":{"kind":"polygon","id":"136977170","poly_type":"building","color":"1.00,0.00,0.00"}},{"type":"Feature","geometry":{"type":"Polygon","coordinates":[[[11.030927650854498,49.57907872987763],[11.03078803730386,49.5790648085996],[11.030562868266417,49.57901613648807],[11.030152384536457,49.579309040578174],[11.030154771594773,49.579496557032215],[11.030162015665391,49.57956776505415],[11.030202763894806,49.57993955795408],[11.030211203427093,49.58001623230888],[11.030369735517855,49.58005258116423],[11.030412615113491,49.57996906909934],[11.030616400256669,49.57996909079779],[11.030605740242258,49.57940570331211],[11.03077734454122,49.579280441023],[11.03087393504685,49.5792943978912],[11.030927650854498,49.57907872987763]]]},"properties":{"kind":"polygon","id":"136977173","poly_type":"building","color":"1.00,0.00,0.00"}},{"type":"Feature","geometry":{"type":"Polygon","coordinates":[[[11.030154771594773,49.579496557032215],[11.029885011346655,49.57951019598104],[11.029892994968803,49.57957923209744],[11.030162015665391,49.57956776505415],[11.030154771594773,49.579496557032215]]]},"properties":{"kind":"polygon","id":"136977175","poly_type":"building","color":"1.00,0.00,0.00"}},{"type":"Feature","geometry":{"type":"Polygon","coordinates":[[[11.025091936238733,49.57182117998333],[11.025062238881272,49.571832224679355],[11.025040112882566,49.57184907394115],[11.025028248301833,49.57186988156454],[11.025028061437004,49.57189210399125],[11.025046925939305,49.57192010995756],[11.025072035115011,49.57193523284677],[11.025103645662481,49.57194367513209],[11.02513785382968,49.57194469553797],[11.025154769743684,49.57194233043593],[11.025185053524984,49.5719320850559],[11.02520816567664,49.57191566828396],[11.025221427306821,49.57189519601017],[11.025223678318005,49.57188274266335],[11.025218481829485,49.57186079438679],[11.025202044062137,49.57184129179625],[11.025176266104072,49.571826720378866],[11.02514439405675,49.571818642515474],[11.02511020830053,49.57181816145622],[11.025091936238733,49.57182117998333]]]},"properties":{"kind":"polygon","id":"138227075","poly_type":"building","color":"1.00,0.00,0.00"}},{"type":"Feature","geometry":{"type":"Polygon","coordinates":[[[11.029713810294597,49.57127286195709],[11.029589634538702,49.57138046909384],[11.029673445127044,49.57143018378487],[11.029805600117724,49.57132486537682],[11.029713810294597,49.57127286195709]]]},"properties":{"kind":"polygon","id":"138701361","poly_type":"building","color":"1.00,0.00,0.00"}},{"type":"Feature","geometry":{"type":"Polygon","coordinates":[[[11.029308150498224,49.571580611767324],[11.029207130495488,49.571649580945945],[11.02928417200199,49.57169950460365],[11.029384015654887,49.57162551844956],[11.029308150498224,49.571580611767324]]]},"properties":{"kind":"polygon","id":"138701362","poly_type":"building","color":"1.00,0.00,0.00"}},{"type":"Feature","geometry":{"type":"Polygon","coordinates":[[[11.028548657135122,49.57435063658996],[11.028185352264954,49.5741358941751],[11.02802357426405,49.57425099539326],[11.027874143807953,49.57435697429612],[11.02823691472294,49.57457217682442],[11.028371568270575,49.574476801484124],[11.028548657135122,49.57435063658996]]]},"properties":{"kind":"polygon","id":"23347603","poly_type":"building","color":"1.00,0.00,0.00"}},{"type":"Feature","geometry":{"type":"Polygon","coordinates":[[[11.02757276598731,49.57514577399212],[11.027680086566335,49.57520857150306],[11.02853981947449,49.57570885855613],[11.028635632465303,49.57576430064861],[11.029209042190814,49.57534773310302],[11.029119669544565,49.575300814310495],[11.028909855608116,49.57517162890135],[11.028396395822567,49.574862097896165],[11.028199305611226,49.57474276320597],[11.028163935814739,49.574720444468724],[11.02757276598731,49.57514577399212]]]},"properties":{"kind":"polygon","id":"23347604","poly_type":"building","color":"1.00,0.00,0.00"}},{"type":"Feature","geometry":{"type":"Polygon","coordinates":[[[11.0282611627845,49.573051583609406],[11.028399156686099,49.573130304661845],[11.028470025285847,49.5731714314323],[11.029003043275303,49.57348268808501],[11.029028699918939,49.57349762060724],[11.029116963022922,49.5735478873032],[11.029587418964335,49.57320113009935],[11.029344155595105,49.573062367239295],[11.029219998376202,49.573153871454195],[11.028847524261083,49.57294136092894],[11.028983764113214,49.572841009419484],[11.028737668915575,49.57270058579101],[11.0282611627845,49.573051583609406]]]},"properties":{"kind":"polygon","id":"23347605","poly_type":"building","color":"1.00,0.00,0.00"}},{"type":"Feature","geometry":{"type":"Polygon","coordinates":[[[11.02716024111537,49.57243111165382],[11.02750854771752,49.57218419548307],[11.02792745334415,49.572432598500015],[11.028017364266166,49.57248598560846],[11.027669058175478,49.57273290329377],[11.02716024111537,49.57243111165382]]]},"properties":{"kind":"polygon","id":"23347607","poly_type":"building","color":"1.00,0.00,0.00"}},{"type":"Feature","geometry":{"type":"Polygon","coordinates":[[[11.028054883469535,49.580091742711836],[11.028097769618023,49.58009171058917],[11.028149327322957,49.58009728362255],[11.02819226091201,49.58010840517872],[11.028235241966978,49.580130680432376],[11.02826946068784,49.580158506644736],[11.02829528269115,49.58019736473044],[11.028303865988834,49.58026423148177],[11.02828675635308,49.58030869983748],[11.028252358363016,49.58035329136075],[11.028200755322137,49.58038667011857],[11.028132138341569,49.580403435377484],[11.028089337297425,49.58040886338015],[11.02803773384742,49.580408868393],[11.027994896573492,49.58040341231899],[11.027951959039308,49.58039220080216],[11.027917649458024,49.58037553063423],[11.027890478365673,49.5803408340891],[11.027854444968586,49.58030260467583],[11.027796698776086,49.58030460632461],[11.027795607191075,49.58041176305871],[11.027707585106707,49.580410966931545],[11.027707257255656,49.58056992493372],[11.027821647653495,49.58056935934269],[11.0278851108879,49.581122375946606],[11.027610534201493,49.581150217051125],[11.027545369666404,49.58056943372466],[11.027643857867403,49.580569057035476],[11.027643110133036,49.58040750916073],[11.027453812879244,49.58040659863563],[11.0274515696577,49.58009880850244],[11.027799661888718,49.5800990948698],[11.0277995901985,49.580207493115694],[11.027849082474505,49.5802066256516],[11.02786613621667,49.58016413737356],[11.027917597287113,49.580130671296374],[11.027960485245138,49.58011399733131],[11.028003373173613,49.580097323350664],[11.028054883469535,49.580091742711836]]]},"properties":{"kind":"polygon","id":"24668356","poly_type":"building","color":"1.00,0.00,0.00"}},{"type":"Feature","geometry":{"type":"Polygon","coordinates":[[[11.028564038253217,49.58142037233795],[11.028546961916195,49.58110870434016],[11.029061760847535,49.581092030746035],[11.029070399754717,49.58140366674757],[11.028564038253217,49.58142037233795]]]},"properties":{"kind":"polygon","id":"24669114","poly_type":"building","color":"1.00,0.00,0.00"}},{"type":"Feature","geometry":{"type":"Polygon","coordinates":[[[11.030824601714503,49.581301733169646],[11.030807382156947,49.581106920817795],[11.030910452205335,49.58110691070613],[11.030927533923576,49.58130172546423],[11.030824601714503,49.581301733169646]]]},"properties":{"kind":"polygon","id":"24669678","poly_type":"building","color":"1.00,0.00,0.00"}},{"type":"Feature","geometry":{"type":"Polygon","coordinates":[[[11.0274927683478,49.579797723416924],[11.027491302484245,49.57945528656663],[11.028065894157395,49.5794530419051],[11.028067225797736,49.57979548112037],[11.0274927683478,49.579797723416924]]]},"properties":{"kind":"polygon","id":"24669681","poly_type":"building","color":"1.00,0.00,0.00"}},{"type":"Feature","geometry":{"type":"Polygon","coordinates":[[[11.028904952119403,49.58101723865543],[11.028908357847483,49.58103930810811],[11.02910573297291,49.581028110443086],[11.029105267395325,49.58101021736302],[11.02918297837092,49.581005885873175],[11.02917439166519,49.5808722718889],[11.029092653329327,49.580872895854284],[11.029062779079055,49.58053293628683],[11.02886540220799,49.58054404396352],[11.028895256164274,49.580886882522954],[11.028453414150501,49.580894630022144],[11.028461949794458,49.581033732261425],[11.028904952119403,49.58101723865543]]]},"properties":{"kind":"polygon","id":"24750082","poly_type":"building","color":"1.00,0.00,0.00"}},{"type":"Feature","geometry":{"type":"Polygon","coordinates":[[[11.026270743944536,49.57444353946521],[11.026581609847767,49.57421734220439],[11.026921740507587,49.57441378477621],[11.026768742482906,49.57452387276121],[11.026611013214582,49.574639980518256],[11.026270743944536,49.57444353946521]]]},"properties":{"kind":"polygon","id":"25319149","poly_type":"building","color":"1.00,0.00,0.00"}},{"type":"Feature","geometry":{"type":"Polygon","coordinates":[[[11.02472255255627,49.573571264008095],[11.024868632872565,49.57365830359724],[11.025324258798554,49.57333683124539],[11.025254461150542,49.5732947842507],[11.025178174945275,49.57324970233422],[11.02472255255627,49.573571264008095]]]},"properties":{"kind":"polygon","id":"25326619","poly_type":"building","color":"1.00,0.00,0.00"}},{"type":"Feature","geometry":{"type":"Polygon","coordinates":[[[11.025129069970975,49.573831228372185],[11.02536205673557,49.57396253368853],[11.025999554793394,49.574321810627254],[11.026436051923165,49.57399608114427],[11.026374571235701,49.573961175584195],[11.026302066785078,49.573920615925196],[11.026032091085133,49.57412207809851],[11.025803633063143,49.573993303549464],[11.02607495036382,49.57379082889477],[11.026001243302183,49.573751279626386],[11.025932744371538,49.57371055963606],[11.025654316632412,49.573918375908896],[11.025543840822104,49.573856081553984],[11.02543081763516,49.57379239239454],[11.025710725207716,49.57358356122883],[11.025637086267155,49.57354230137167],[11.025568385906022,49.573503383815456],[11.025129069970975,49.573831228372185]]]},"properties":{"kind":"polygon","id":"25326621","poly_type":"building","color":"1.00,0.00,0.00"}},{"type":"Feature","geometry":{"type":"Polygon","coordinates":[[[11.026730470267438,49.57378699333118],[11.02689836630093,49.57366593958854],[11.027083444434744,49.57353226055599],[11.027275660063179,49.57364430615267],[11.027395065286541,49.57371507816742],[11.027334213432432,49.5737587837189],[11.027405941253615,49.573800615729745],[11.027314097544581,49.57386420493476],[11.027114753455797,49.57401081810025],[11.026730470267438,49.57378699333118]]]},"properties":{"kind":"polygon","id":"25358913","poly_type":"building","color":"1.00,0.00,0.00"}},{"type":"Feature","geometry":{"type":"Polygon","coordinates":[[[11.027275660063179,49.57364430615267],[11.027584636177497,49.57342614532877],[11.027857508166075,49.57358850111983],[11.02810004468002,49.57373312697746],[11.027791864850395,49.573950465608476],[11.027572328368493,49.57382009886143],[11.027550351609095,49.573807170516325],[11.027395065286541,49.57371507816742],[11.027275660063179,49.57364430615267]]]},"properties":{"kind":"polygon","id":"25358914","poly_type":"building","color":"1.00,0.00,0.00"}},{"type":"Feature","geometry":{"type":"Polygon","coordinates":[[[11.029433319824463,49.574164834521774],[11.029253450424816,49.57429392815514],[11.02931943865445,49.5743340605386],[11.02937011410609,49.574365196012145],[11.029298824608569,49.57441403327188],[11.029760443085943,49.57469766292235],[11.03003143288779,49.574507598633296],[11.030163497144034,49.574416584514736],[11.030178015153131,49.574126401210684],[11.03003125585619,49.57403326318263],[11.029868777053117,49.57393131521132],[11.029481462555873,49.57419160652612],[11.029461861134461,49.57417926656591],[11.029433319824463,49.574164834521774]]]},"properties":{"kind":"polygon","id":"25359010","poly_type":"building","color":"1.00,0.00,0.00"}},{"type":"Feature","geometry":{"type":"Polygon","coordinates":[[[11.029467142404826,49.5749035004326],[11.029987057467077,49.57521507239431],[11.030327948795287,49.57497601419752],[11.030171757048384,49.574882322231424],[11.030395159258598,49.574725566309574],[11.03003143288779,49.574507598633296],[11.029760443085943,49.57469766292235],[11.029706945027783,49.57473521364242],[11.029467142404826,49.5749035004326]]]},"properties":{"kind":"polygon","id":"25359011","poly_type":"building","color":"1.00,0.00,0.00"}},{"type":"Feature","geometry":{"type":"Polygon","coordinates":[[[11.029433319824463,49.574164834521774],[11.029253450424816,49.57429392815514],[11.029091536240541,49.574409033263095],[11.029050121742321,49.57438439199709],[11.028705717086899,49.57418182362182],[11.028941764364427,49.57401306451108],[11.029046137430102,49.57393809970391],[11.029433319824463,49.574164834521774]]]},"properties":{"kind":"polygon","id":"25359012","poly_type":"building","color":"1.00,0.00,0.00"}},{"type":"Feature","geometry":{"type":"Polygon","coordinates":[[[11.024225413892278,49.573136929769305],[11.024045965515903,49.57302231691177],[11.024109120337995,49.572980731749155],[11.024162824033482,49.57301496496975],[11.024212643909504,49.57298206893262],[11.024239639589174,49.57299931793963],[11.024342522185544,49.572931669912094],[11.024441271161304,49.57299480030411],[11.024330830119885,49.57306698852262],[11.024225413892278,49.573136929769305]]]},"properties":{"kind":"polygon","id":"25843734","poly_type":"building","color":"1.00,0.00,0.00"}},{"type":"Feature","geometry":{"type":"Polygon","coordinates":[[[11.025644400472203,49.572719974691246],[11.025919204250572,49.572885809488284],[11.026356149596221,49.57258121201133],[11.026419563185701,49.572619412099364],[11.026494048856744,49.57266443478482],[11.026243170982482,49.57283920586245],[11.026763555108666,49.573153122857306],[11.02701899828913,49.572975032249325],[11.027060851320018,49.573000296246555],[11.027106249436148,49.57302765705898],[11.026683155099926,49.57332265927755],[11.026943068287911,49.57347948703483],[11.027588135044736,49.57302991734077],[11.027312047349414,49.57286329937711],[11.027167921331628,49.572963697127626],[11.027129075307975,49.572940899251044],[11.027088189876684,49.572915618324465],[11.027164956802105,49.572862098678605],[11.026643721615866,49.57254765865115],[11.026563730269048,49.57260348333824],[11.026503133216398,49.572566493378034],[11.026441437901182,49.57252970253574],[11.026560957856832,49.57244637859405],[11.026280054463557,49.57227687398949],[11.025644400472203,49.572719974691246]]]},"properties":{"kind":"polygon","id":"26719084","poly_type":"building","color":"1.00,0.00,0.00"}},{"type":"Feature","geometry":{"type":"Polygon","coordinates":[[[11.015119395290528,49.576566966435365],[11.01509343848836,49.576863733417696],[11.01497151856231,49.57685929010604],[11.01488104907408,49.57685600810387],[11.014907045437322,49.576556811675516],[11.014977840235815,49.57655935684939],[11.014978853606234,49.57654701523565],[11.015022632870561,49.57654859160002],[11.01506558271319,49.57655018239412],[11.015119395290528,49.576566966435365]]]},"properties":{"kind":"polygon","id":"27930333","poly_type":"building","color":"1.00,0.00,0.00"}},{"type":"Feature","geometry":{"type":"Polygon","coordinates":[[[11.028642866435947,49.57218895857635],[11.028543601573217,49.57213015868673],[11.028639949990525,49.57206190171201],[11.028651724429114,49.5720689816912],[11.028722137172108,49.572019080700905],[11.028489596159467,49.57188183719789],[11.028359544020136,49.57180441631208],[11.028257710299796,49.57174368218323],[11.028709067134788,49.571423620394114],[11.028759050663426,49.57138811076986],[11.029207130495488,49.571649580945945],[11.029226312140269,49.57166516673284],[11.02928417200199,49.57169950460365],[11.028783501154587,49.5720545268026],[11.028765350102416,49.57204378050129],[11.028694668376502,49.572093866146794],[11.028739483818566,49.57212051689058],[11.028642866435947,49.57218895857635]]]},"properties":{"kind":"polygon","id":"30372668","poly_type":"building","color":"1.00,0.00,0.00"}},{"type":"Feature","geometry":{"type":"Polygon","coordinates":[[[11.029308150498224,49.571580611767324],[11.029384015654887,49.57162551844956],[11.030097567354817,49.57204757751658],[11.030378916244402,49.57184752526081],[11.029673445127044,49.57143018378487],[11.029589634538702,49.57138046909384],[11.029308150498224,49.571580611767324]]]},"properties":{"kind":"polygon","id":"30372669","poly_type":"building","color":"1.00,0.00,0.00"}},{"type":"Feature","geometry":{"type":"Polygon","coordinates":[[[11.029165058988902,49.57096197448658],[11.029713810294597,49.57127286195709],[11.029805600117724,49.57132486537682],[11.030173548094558,49.571051779002445],[11.030461671538019,49.57121512042872],[11.030700261786942,49.571038126911915],[11.030413558125895,49.57087566072057],[11.030332243640865,49.570936099048694],[11.029855449220843,49.57066596150313],[11.029926434230557,49.57061326107143],[11.029761131230012,49.5705196384723],[11.029165058988902,49.57096197448658]]]},"properties":{"kind":"polygon","id":"30372670","poly_type":"building","color":"1.00,0.00,0.00"}},{"type":"Feature","geometry":{"type":"Polygon","coordinates":[[[11.02697265682719,49.57103504107445],[11.027973138466859,49.57159250707357],[11.028801360172789,49.57096736359784],[11.029103275678427,49.57073960706851],[11.029165646685584,49.57069263547327],[11.028509657099216,49.57032713334539],[11.028361848934843,49.570438571883585],[11.02888063504062,49.570727589572364],[11.028741953444216,49.57083230173339],[11.028357250321108,49.570617935106185],[11.02818141370993,49.570750644685695],[11.028558474357602,49.57096082800783],[11.028441646894676,49.57104887453344],[11.028113438175184,49.57086599070494],[11.027952088222131,49.57098783113738],[11.02826273671881,49.57116085824483],[11.02804236835294,49.571327182299086],[11.027947044332665,49.57132669434669],[11.027846598665715,49.57132611617757],[11.02762005787846,49.57120001028052],[11.027881732454238,49.57100237791074],[11.02771706305052,49.57091063037971],[11.027445992164052,49.57111517375816],[11.027272828817042,49.571018716822465],[11.027567773019381,49.570796124044755],[11.027407493997174,49.570706817901915],[11.02697265682719,49.57103504107445]]]},"properties":{"kind":"polygon","id":"30372671","poly_type":"building","color":"1.00,0.00,0.00"}},{"type":"Feature","geometry":{"type":"Polygon","coordinates":[[[11.027842485421623,49.57054599872365],[11.02842025130207,49.570119013185085],[11.028122335816795,49.569949361528366],[11.027544434756281,49.57037643791158],[11.027842485421623,49.57054599872365]]]},"properties":{"kind":"polygon","id":"30372672","poly_type":"building","color":"1.00,0.00,0.00"}},{"type":"Feature","geometry":{"type":"Polygon","coordinates":[[[11.030444554028874,49.57226592873127],[11.030730449515277,49.57205877925038],[11.030530458620227,49.57194273784759],[11.030244555475525,49.5721497070589],[11.030444554028874,49.57226592873127]]]},"properties":{"kind":"polygon","id":"30372844","poly_type":"building","color":"1.00,0.00,0.00"}},{"type":"Feature","geometry":{"type":"Polygon","coordinates":[[[11.0307623716825,49.57247129751214],[11.031068156603416,49.572256781492186],[11.03078147860046,49.57208514022603],[11.030475827943404,49.57229956317987],[11.0307623716825,49.57247129751214]]]},"properties":{"kind":"polygon","id":"30372845","poly_type":"building","color":"1.00,0.00,0.00"}},{"type":"Feature","geometry":{"type":"Polygon","coordinates":[[[11.004202456812397,49.57452461416439],[11.004425564408175,49.57446335709594],[11.003861139147435,49.573655255748825],[11.00376474280703,49.57351722386011],[11.003541496714512,49.57357839212134],[11.004202456812397,49.57452461416439]]]},"properties":{"kind":"polygon","id":"30835051","poly_type":"building","color":"1.00,0.00,0.00"}},{"type":"Feature","geometry":{"type":"Polygon","coordinates":[[[11.005627132174215,49.575365030785676],[11.005697046028937,49.57534276908117],[11.005786767975403,49.575314406744205],[11.006854624080653,49.57497537542289],[11.00675157234906,49.574847356595306],[11.005515604557019,49.575225913325866],[11.005627132174215,49.575365030785676]]]},"properties":{"kind":"polygon","id":"30835061","poly_type":"building","color":"1.00,0.00,0.00"}},{"type":"Feature","geometry":{"type":"Polygon","coordinates":[[[11.024670642847541,49.582053585131284],[11.02471504763197,49.58238096736237],[11.026062864664262,49.58230034042806],[11.026036789554055,49.58197479663009],[11.0253067893305,49.582016903454885],[11.024670642847541,49.582053585131284]]]},"properties":{"kind":"polygon","id":"31026112","poly_type":"building","color":"1.00,0.00,0.00"}},{"type":"Feature","geometry":{"type":"Polygon","coordinates":[[[11.004393113645357,49.5822403307178],[11.004729495468728,49.582238100857],[11.004729022648966,49.58220293634081],[11.004722774650737,49.58181758408422],[11.004386399401959,49.58181990378121],[11.004393113645357,49.5822403307178]]]},"properties":{"kind":"polygon","id":"31173258","poly_type":"building","color":"1.00,0.00,0.00"}},{"type":"Feature","geometry":{"type":"Polygon","coordinates":[[[11.002326228027126,49.57590239152751],[11.002532196106149,49.576202877378314],[11.003090095691029,49.57603039933761],[11.002865220678666,49.57571755799966],[11.002326228027126,49.57590239152751]]]},"properties":{"kind":"polygon","id":"31241860","poly_type":"building","color":"1.00,0.00,0.00"}},{"type":"Feature","geometry":{"type":"Polygon","coordinates":[[[11.001285914615613,49.57624639160611],[10.99976667430455,49.576736113914826],[10.999998338541326,49.5770868051452],[11.001560646521718,49.57660811899147],[11.001285914615613,49.57624639160611]]]},"properties":{"kind":"polygon","id":"31241866","poly_type":"building","color":"1.00,0.00,0.00"}},{"type":"Feature","geometry":{"type":"Polygon","coordinates":[[[11.001045667972415,49.576869713091426],[11.00162062507442,49.577620973370514],[11.002332997042103,49.577409574307104],[11.001723632916155,49.576652705863744],[11.001045667972415,49.576869713091426]]]},"properties":{"kind":"polygon","id":"31241869","poly_type":"building","color":"1.00,0.00,0.00"}},{"type":"Feature","geometry":{"type":"Polygon","coordinates":[[[11.003568983555809,49.57676946019478],[11.003654836708145,49.57688635526445],[11.003826539489308,49.57683633459408],[11.003737156415175,49.57671770166824],[11.003568983555809,49.57676946019478]]]},"properties":{"kind":"polygon","id":"31241873","poly_type":"building","color":"1.00,0.00,0.00"}},{"type":"Feature","geometry":{"type":"Polygon","coordinates":[[[11.001594867355731,49.57776570812036],[11.000092796620656,49.5782331881346],[10.999861054351564,49.57793827106707],[10.999663656579761,49.5779995246096],[11.000015599570391,49.578500431970284],[11.000358878177883,49.578400223578136],[11.00048772398128,49.5785672026253],[11.00188676722778,49.57812749750445],[11.001594867355731,49.57776570812036]]]},"properties":{"kind":"polygon","id":"31241880","poly_type":"building","color":"1.00,0.00,0.00"}},{"type":"Feature","geometry":{"type":"Polygon","coordinates":[[[11.000951173260493,49.576886370049685],[11.00139403661464,49.57746908985319],[11.001127964130461,49.577552493597864],[11.000693685023958,49.57696989421538],[11.000951173260493,49.576886370049685]]]},"properties":{"kind":"polygon","id":"31241903","poly_type":"building","color":"1.00,0.00,0.00"}},{"type":"Feature","geometry":{"type":"Polygon","coordinates":[[[11.002518430728705,49.57621130162211],[11.001672163308278,49.57648007157829],[11.001448994630953,49.5761850992289],[11.00230732061763,49.575906856727514],[11.002518430728705,49.57621130162211]]]},"properties":{"kind":"polygon","id":"31241926","poly_type":"building","color":"1.00,0.00,0.00"}},{"type":"Feature","geometry":{"type":"Polygon","coordinates":[[[11.002942370367702,49.577615459977835],[11.00304545996277,49.57775463599345],[11.004041092606126,49.57745412323832],[11.003929518949146,49.577303760609524],[11.002942370367702,49.577615459977835]]]},"properties":{"kind":"polygon","id":"31241933","poly_type":"building","color":"1.00,0.00,0.00"}},{"type":"Feature","geometry":{"type":"Polygon","coordinates":[[[11.00200695538344,49.57791042342618],[11.002126961108704,49.57806073191254],[11.002641942978732,49.57789367658434],[11.002521939791738,49.57774345853498],[11.00200695538344,49.57791042342618]]]},"properties":{"kind":"polygon","id":"31241937","poly_type":"building","color":"1.00,0.00,0.00"}},{"type":"Feature","geometry":{"type":"Polygon","coordinates":[[[11.002770757543656,49.57767114497161],[11.002827456365468,49.577758500074026],[11.002641935670264,49.57781577497168],[11.002581942978765,49.57773243485052],[11.002770757543656,49.57767114497161]]]},"properties":{"kind":"polygon","id":"31241939","poly_type":"building","color":"1.00,0.00,0.00"}},{"type":"Feature","geometry":{"type":"Polygon","coordinates":[[[11.001946777168959,49.5766359811605],[11.002247139870418,49.57702550954517],[11.003414468372084,49.576658161901044],[11.003122766861786,49.57627424370847],[11.001946777168959,49.5766359811605]]]},"properties":{"kind":"polygon","id":"31241962","poly_type":"building","color":"1.00,0.00,0.00"}},{"type":"Feature","geometry":{"type":"Polygon","coordinates":[[[11.006435700752728,49.57586789733553],[11.006825015739118,49.57641860149921],[11.00685335878196,49.576465426648],[11.006907845786843,49.57653581649989],[11.007148068878127,49.576463372664485],[11.006667442748416,49.57578435707841],[11.006435700752728,49.57586789733553]]]},"properties":{"kind":"polygon","id":"31241968","poly_type":"building","color":"1.00,0.00,0.00"}},{"type":"Feature","geometry":{"type":"Polygon","coordinates":[[[11.005551702135875,49.576173962221866],[11.005926612981163,49.57667382411292],[11.005968605884298,49.57672967826274],[11.00601514599642,49.57679184041983],[11.00580917895405,49.576852983237565],[11.005354270814488,49.57624080340886],[11.005551702135875,49.576173962221866]]]},"properties":{"kind":"polygon","id":"31241976","poly_type":"building","color":"1.00,0.00,0.00"}},{"type":"Feature","geometry":{"type":"Polygon","coordinates":[[[11.00600662218875,49.576546858482686],[11.006067363796967,49.57662811489204],[11.006112727986816,49.57668858823931],[11.0061525332587,49.57674169162449],[11.006770518418126,49.576546924313156],[11.00673744401073,49.57650278993178],[11.006700561619805,49.57645350414945],[11.006624605514057,49.576352091968346],[11.00600662218875,49.576546858482686]]]},"properties":{"kind":"polygon","id":"31241984","poly_type":"building","color":"1.00,0.00,0.00"}},{"type":"Feature","geometry":{"type":"Polygon","coordinates":[[[11.011733422773077,49.57310411774288],[11.010805288241926,49.57339785721063],[11.01126004210807,49.57400192270261],[11.012188039528155,49.57370800212563],[11.011733422773077,49.57310411774288]]]},"properties":{"kind":"polygon","id":"31242081","poly_type":"building","color":"1.00,0.00,0.00"}},{"type":"Feature","geometry":{"type":"Polygon","coordinates":[[[11.006062475365411,49.57549682463634],[11.005934646425484,49.57552359900811],[11.005839048332613,49.57554360748302],[11.005770748921918,49.57555801512079],[11.0053844560758,49.575708281188625],[11.00554751444893,49.57590308773756],[11.005985353575221,49.57577513601204],[11.006208433168801,49.575669257900636],[11.006062475365411,49.57549682463634]]]},"properties":{"kind":"polygon","id":"31243595","poly_type":"building","color":"1.00,0.00,0.00"}},{"type":"Feature","geometry":{"type":"Polygon","coordinates":[[[11.003651400801637,49.57689028287036],[11.003908920878896,49.577229813861585],[11.004003369590537,49.57720191080215],[11.003745849016612,49.57686238002604],[11.003651400801637,49.57689028287036]]]},"properties":{"kind":"polygon","id":"31253072","poly_type":"building","color":"1.00,0.00,0.00"}},{"type":"Feature","geometry":{"type":"Polygon","coordinates":[[[11.002312356326888,49.57713511649234],[11.002441150119418,49.57732440335534],[11.002621336714562,49.57726866039201],[11.002492639639751,49.577085129224464],[11.002312356326888,49.57713511649234]]]},"properties":{"kind":"polygon","id":"31253100","poly_type":"building","color":"1.00,0.00,0.00"}},{"type":"Feature","geometry":{"type":"Polygon","coordinates":[[[11.00139403661464,49.57746908985319],[11.001543416925806,49.57765442333586],[11.000633596771497,49.57793274078719],[11.000497977685145,49.57775571400421],[11.000702248720236,49.577693440608975],[11.001127964130461,49.577552493597864],[11.00139403661464,49.57746908985319]]]},"properties":{"kind":"polygon","id":"31261361","poly_type":"building","color":"1.00,0.00,0.00"}},{"type":"Feature","geometry":{"type":"Polygon","coordinates":[[[11.000497977685145,49.57775571400421],[11.000127183455197,49.57723696288522],[11.000324532659356,49.57718137658254],[11.000702248720236,49.577693440608975],[11.000497977685145,49.57775571400421]]]},"properties":{"kind":"polygon","id":"31261368","poly_type":"building","color":"1.00,0.00,0.00"}},{"type":"Feature","geometry":{"type":"Polygon","coordinates":[[[11.003746655014199,49.57263309078488],[11.003855893273384,49.57277737709372],[11.004201905416826,49.57266739439273],[11.004341426372905,49.57285190566182],[11.004669221117052,49.57274970351368],[11.00453625458705,49.57257326505489],[11.0049865832965,49.572430077877975],[11.004869876786197,49.572275757020456],[11.003746655014199,49.57263309078488]]]},"properties":{"kind":"polygon","id":"31270329","poly_type":"building","color":"1.00,0.00,0.00"}},{"type":"Feature","geometry":{"type":"Polygon","coordinates":[[[11.011981882118882,49.57291970522643],[11.012277616703518,49.57330631998514],[11.012866156155878,49.57311697940733],[11.0125704181545,49.57273036618563],[11.011981882118882,49.57291970522643]]]},"properties":{"kind":"polygon","id":"31270442","poly_type":"building","color":"1.00,0.00,0.00"}},{"type":"Feature","geometry":{"type":"Polygon","coordinates":[[[11.012489431015036,49.57231509892435],[11.01224364498583,49.57197916068835],[11.011022384545893,49.5723594102627],[11.011268125113713,49.5726910339487],[11.012489431015036,49.57231509892435]]]},"properties":{"kind":"polygon","id":"31270443","poly_type":"building","color":"1.00,0.00,0.00"}},{"type":"Feature","geometry":{"type":"Polygon","coordinates":[[[11.011268125113713,49.5726910339487],[11.011363752827414,49.57281998750225],[11.012584839300139,49.572438657945376],[11.012489431015036,49.57231509892435],[11.011268125113713,49.5726910339487]]]},"properties":{"kind":"polygon","id":"31270444","poly_type":"building","color":"1.00,0.00,0.00"}},{"type":"Feature","geometry":{"type":"Polygon","coordinates":[[[11.004148635317367,49.57646265611175],[11.004294557301305,49.57641820881088],[11.004225839901846,49.57633466084369],[11.004088638127767,49.57637922687293],[11.004148635317367,49.57646265611175]]]},"properties":{"kind":"polygon","id":"31279046","poly_type":"building","color":"1.00,0.00,0.00"}},{"type":"Feature","geometry":{"type":"Polygon","coordinates":[[[11.005968605884298,49.57672967826274],[11.006112727986816,49.57668858823931],[11.006067363796967,49.57662811489204],[11.005926612981163,49.57667382411292],[11.005968605884298,49.57672967826274]]]},"properties":{"kind":"polygon","id":"31279069","poly_type":"building","color":"1.00,0.00,0.00"}},{"type":"Feature","geometry":{"type":"Polygon","coordinates":[[[11.00673744401073,49.57650278993178],[11.00685335878196,49.576465426648],[11.006825015739118,49.57641860149921],[11.006700561619805,49.57645350414945],[11.00673744401073,49.57650278993178]]]},"properties":{"kind":"polygon","id":"31279088","poly_type":"building","color":"1.00,0.00,0.00"}},{"type":"Feature","geometry":{"type":"Polygon","coordinates":[[[11.005697046028937,49.57534276908117],[11.005839048332613,49.57554360748302],[11.005934646425484,49.57552359900811],[11.005786767975403,49.575314406744205],[11.005697046028937,49.57534276908117]]]},"properties":{"kind":"polygon","id":"31279097","poly_type":"building","color":"1.00,0.00,0.00"}},{"type":"Feature","geometry":{"type":"Polygon","coordinates":[[[11.007085051965268,49.5757028994174],[11.007291009196692,49.57599231254881],[11.007788845299705,49.57583650615465],[11.007574260109102,49.57555264096337],[11.007085051965268,49.5757028994174]]]},"properties":{"kind":"polygon","id":"31279117","poly_type":"building","color":"1.00,0.00,0.00"}},{"type":"Feature","geometry":{"type":"Polygon","coordinates":[[[11.009084955737462,49.57451738117943],[11.009170766556457,49.57463976028346],[11.010552563796598,49.574205735953015],[11.010458263840688,49.57407208097094],[11.009084955737462,49.57451738117943]]]},"properties":{"kind":"polygon","id":"31279120","poly_type":"building","color":"1.00,0.00,0.00"}},{"type":"Feature","geometry":{"type":"Polygon","coordinates":[[[11.008029162748171,49.57575299424586],[11.008492728738744,49.57560830443653],[11.008278092855326,49.57533001867303],[11.007814619311542,49.57548028329866],[11.008029162748171,49.57575299424586]]]},"properties":{"kind":"polygon","id":"31279132","poly_type":"building","color":"1.00,0.00,0.00"}},{"type":"Feature","geometry":{"type":"Polygon","coordinates":[[[11.009007759972642,49.57363796324087],[11.009393851471476,49.574116660272594],[11.01013206126657,49.573866172779326],[11.009754356489038,49.57339308965917],[11.009007759972642,49.57363796324087]]]},"properties":{"kind":"polygon","id":"31279133","poly_type":"building","color":"1.00,0.00,0.00"}},{"type":"Feature","geometry":{"type":"Polygon","coordinates":[[[11.007058919676712,49.57437128585711],[11.007425123666534,49.574834232250154],[11.007681132723976,49.57474891950964],[11.007314930686425,49.57428606383502],[11.007058919676712,49.57437128585711]]]},"properties":{"kind":"polygon","id":"31279135","poly_type":"building","color":"1.00,0.00,0.00"}},{"type":"Feature","geometry":{"type":"Polygon","coordinates":[[[11.007830795286948,49.57413516177613],[11.008168372772262,49.57456783774174],[11.008363554177462,49.57450372941701],[11.008214038214652,49.57431211002047],[11.0083113575178,49.57428019550244],[11.008264046649675,49.57421948691728],[11.008166727434064,49.5742514013947],[11.008025982820927,49.57407123381641],[11.007830795286948,49.57413516177613]]]},"properties":{"kind":"polygon","id":"31279137","poly_type":"building","color":"1.00,0.00,0.00"}},{"type":"Feature","geometry":{"type":"Polygon","coordinates":[[[11.006484185113031,49.5736602584667],[11.006939085988087,49.57427252412593],[11.007651481189678,49.57404993690979],[11.007179556690398,49.57343760952657],[11.006484185113031,49.5736602584667]]]},"properties":{"kind":"polygon","id":"31279140","poly_type":"building","color":"1.00,0.00,0.00"}},{"type":"Feature","geometry":{"type":"Polygon","coordinates":[[[11.005059343945836,49.574111082217435],[11.005668832248743,49.5749515003334],[11.005917679026721,49.57487360210951],[11.005308325729267,49.57403318293965],[11.005059343945836,49.574111082217435]]]},"properties":{"kind":"polygon","id":"31279144","poly_type":"building","color":"1.00,0.00,0.00"}},{"type":"Feature","geometry":{"type":"Polygon","coordinates":[[[11.005823336902445,49.57390524339564],[11.006372609925863,49.57463983424102],[11.006818967161568,49.57450066697083],[11.006269685437498,49.57376598840098],[11.005823336902445,49.57390524339564]]]},"properties":{"kind":"polygon","id":"31279156","poly_type":"building","color":"1.00,0.00,0.00"}},{"type":"Feature","geometry":{"type":"Polygon","coordinates":[[[11.004827735477381,49.57421125882267],[11.004990867010587,49.5744282840032],[11.005128114245375,49.574378228763166],[11.004964982282589,49.57416120378001],[11.004827735477381,49.57421125882267]]]},"properties":{"kind":"polygon","id":"31279158","poly_type":"building","color":"1.00,0.00,0.00"}},{"type":"Feature","geometry":{"type":"Polygon","coordinates":[[[11.002681916223782,49.57412221556103],[11.002982279020781,49.57449510030284],[11.003291268002643,49.57438935963158],[11.002990951841378,49.57401089760676],[11.002681916223782,49.57412221556103]]]},"properties":{"kind":"polygon","id":"31279163","poly_type":"building","color":"1.00,0.00,0.00"}},{"type":"Feature","geometry":{"type":"Polygon","coordinates":[[[11.007265302786761,49.576164844158846],[11.007617246237078,49.576593404292396],[11.009290934133288,49.57607022122128],[11.009462579121546,49.576281694944015],[11.009668444616393,49.576214880121825],[11.0094969372266,49.57600340430947],[11.009925719996891,49.57584716885301],[11.009582631265387,49.57541900155696],[11.009402499101572,49.575485819086104],[11.009599903412452,49.57574182317089],[11.009368163107437,49.575825279345615],[11.008844626295799,49.57516303004888],[11.00865563965458,49.575229820249945],[11.009162160574261,49.5758920960228],[11.00892175383056,49.575970034575455],[11.008698631179632,49.575680562510875],[11.00853565753103,49.57573070879101],[11.008758728142276,49.5760256693777],[11.008518367739129,49.576098029013835],[11.008295341086997,49.57581422174003],[11.008123551221905,49.5758754051356],[11.008346766781719,49.576153722146024],[11.008106353725129,49.576231569141584],[11.007874655317291,49.57595888620552],[11.007711632119948,49.576014609438644],[11.007934842329117,49.576292837367255],[11.007685943987612,49.57637631805634],[11.007462731096094,49.576097999746295],[11.007265302786761,49.576164844158846]]]},"properties":{"kind":"polygon","id":"31279422","poly_type":"building","color":"1.00,0.00,0.00"}},{"type":"Feature","geometry":{"type":"Polygon","coordinates":[[[11.009309946946962,49.57301336868451],[11.009506043045887,49.573271464683806],[11.010997364210153,49.57278722596669],[11.010797795594925,49.57252892293665],[11.010314164730344,49.572686024984726],[11.010262699545663,49.572702661552405],[11.009508651812816,49.572947667929],[11.009309946946962,49.57301336868451]]]},"properties":{"kind":"polygon","id":"31279483","poly_type":"building","color":"1.00,0.00,0.00"}},{"type":"Feature","geometry":{"type":"Polygon","coordinates":[[[11.008398323419039,49.57329852606696],[11.008535570448371,49.57347101772103],[11.00826944163612,49.573548861821955],[11.008355351407737,49.573660265190824],[11.009110616172716,49.57342091253093],[11.009024799446891,49.57331517532127],[11.008690152312088,49.57341543982216],[11.008561289186021,49.573248380060846],[11.008398323419039,49.57329852606696]]]},"properties":{"kind":"polygon","id":"31279495","poly_type":"building","color":"1.00,0.00,0.00"}},{"type":"Feature","geometry":{"type":"Polygon","coordinates":[[[11.00806348446343,49.57327618214875],[11.008140772883838,49.573376400870714],[11.008398323419039,49.57329852606696],[11.008561289186021,49.573248380060846],[11.008990566620211,49.57311480821512],[11.008913138677292,49.57301459247365],[11.00806348446343,49.57327618214875]]]},"properties":{"kind":"polygon","id":"31279497","poly_type":"building","color":"1.00,0.00,0.00"}},{"type":"Feature","geometry":{"type":"Polygon","coordinates":[[[11.01044955828373,49.57322061932453],[11.010543987346164,49.57335409216756],[11.011264977112013,49.57312593579587],[11.011170535306004,49.57300901564793],[11.01044955828373,49.57322061932453]]]},"properties":{"kind":"polygon","id":"31279509","poly_type":"building","color":"1.00,0.00,0.00"}},{"type":"Feature","geometry":{"type":"Polygon","coordinates":[[[11.009853659348531,49.571315001160116],[11.010396933448654,49.57204760855588],[11.01059946841295,49.57198435810066],[11.010056199424579,49.5712519314616],[11.009853659348531,49.571315001160116]]]},"properties":{"kind":"polygon","id":"31279526","poly_type":"building","color":"1.00,0.00,0.00"}},{"type":"Feature","geometry":{"type":"Polygon","coordinates":[[[11.00911920318565,49.570153562993134],[11.00918794089418,49.57057111432329],[11.010501081427206,49.570482003978384],[11.010423901298877,49.57006460008127],[11.00911920318565,49.570153562993134]]]},"properties":{"kind":"polygon","id":"31279553","poly_type":"building","color":"1.00,0.00,0.00"}},{"type":"Feature","geometry":{"type":"Polygon","coordinates":[[[11.00400790933983,49.57295627497959],[11.004200573327036,49.57321569867917],[11.005107191073764,49.5729327302433],[11.005139839462501,49.57297669256849],[11.004971164813888,49.573029361487926],[11.005035296774544,49.57311586709682],[11.005413348109544,49.5729978591637],[11.005350540753744,49.5729133098304],[11.005225841794699,49.57295217325309],[11.005191730018735,49.572906257285474],[11.005315337804943,49.57286777263613],[11.005122662019119,49.572608171051556],[11.004669221117052,49.57274970351368],[11.004341426372905,49.57285190566182],[11.00400790933983,49.57295627497959]]]},"properties":{"kind":"polygon","id":"31279576","poly_type":"building","color":"1.00,0.00,0.00"}},{"type":"Feature","geometry":{"type":"Polygon","coordinates":[[[11.004424255485457,49.57354340091459],[11.004621673964618,49.5737938359034],[11.005342695185181,49.57356562613847],[11.00515393807221,49.573320709463786],[11.004424255485457,49.57354340091459]]]},"properties":{"kind":"polygon","id":"31279766","poly_type":"building","color":"1.00,0.00,0.00"}},{"type":"Feature","geometry":{"type":"Polygon","coordinates":[[[11.005268589052406,49.5720983803876],[11.005530502542209,49.572437471974595],[11.005545246776357,49.572432718583755],[11.005597535941034,49.572500268577066],[11.005581566075033,49.572505493001145],[11.005822892006464,49.5728180440021],[11.006027926237707,49.57275142990516],[11.00547253369986,49.572032235922876],[11.005268589052406,49.5720983803876]]]},"properties":{"kind":"polygon","id":"31279770","poly_type":"building","color":"1.00,0.00,0.00"}},{"type":"Feature","geometry":{"type":"Polygon","coordinates":[[[11.005634533847104,49.57202942758201],[11.005771809799533,49.572213076520306],[11.006140959883874,49.57209072267727],[11.006226668669495,49.57220752845835],[11.006535726411142,49.572107355053305],[11.006304020039105,49.57180678273105],[11.005634533847104,49.57202942758201]]]},"properties":{"kind":"polygon","id":"31279774","poly_type":"building","color":"1.00,0.00,0.00"}},{"type":"Feature","geometry":{"type":"Polygon","coordinates":[[[11.006707388637746,49.572218711621545],[11.006776143046896,49.57231332209655],[11.007007819943832,49.57223535942646],[11.006939155582252,49.57214632479236],[11.006707388637746,49.572218711621545]]]},"properties":{"kind":"polygon","id":"31279790","poly_type":"building","color":"1.00,0.00,0.00"}},{"type":"Feature","geometry":{"type":"Polygon","coordinates":[[[11.006063705893956,49.57257485572053],[11.006338272592144,49.57294233206921],[11.00681897033045,49.57278079981357],[11.006544270144841,49.57241350681162],[11.006063705893956,49.57257485572053]]]},"properties":{"kind":"polygon","id":"31279797","poly_type":"building","color":"1.00,0.00,0.00"}},{"type":"Feature","geometry":{"type":"Polygon","coordinates":[[[11.006381252390014,49.57302569548403],[11.006467057463901,49.573148166633615],[11.006982066796123,49.57298675828094],[11.00688763908751,49.572869924393295],[11.006381252390014,49.57302569548403]]]},"properties":{"kind":"polygon","id":"31279804","poly_type":"building","color":"1.00,0.00,0.00"}},{"type":"Feature","geometry":{"type":"Polygon","coordinates":[[[11.007273838655912,49.572997888413134],[11.007436842190803,49.573215002391656],[11.007694393051253,49.57313712914968],[11.007531436432693,49.57291443744575],[11.007273838655912,49.572997888413134]]]},"properties":{"kind":"polygon","id":"31279808","poly_type":"building","color":"1.00,0.00,0.00"}},{"type":"Feature","geometry":{"type":"Polygon","coordinates":[[[11.007153653035362,49.57283652367871],[11.007205220519255,49.57290327587057],[11.007445524740467,49.572819765303414],[11.007394047455785,49.572758588919356],[11.007153653035362,49.57283652367871]]]},"properties":{"kind":"polygon","id":"31279813","poly_type":"building","color":"1.00,0.00,0.00"}},{"type":"Feature","geometry":{"type":"Polygon","coordinates":[[[11.007016451539894,49.572675094188305],[11.007067928266439,49.5727362707483],[11.007299610351645,49.57265839737176],[11.007248133423303,49.572597220916705],[11.007016451539894,49.572675094188305]]]},"properties":{"kind":"polygon","id":"31279816","poly_type":"building","color":"1.00,0.00,0.00"}},{"type":"Feature","geometry":{"type":"Polygon","coordinates":[[[11.006844697258058,49.57244688692097],[11.006947653606458,49.57256933007667],[11.007170848092267,49.57249700154703],[11.007067887661384,49.57237446870169],[11.006844697258058,49.57244688692097]]]},"properties":{"kind":"polygon","id":"31279824","poly_type":"building","color":"1.00,0.00,0.00"}},{"type":"Feature","geometry":{"type":"Polygon","coordinates":[[[11.006870467024847,49.573142608806236],[11.007042137256947,49.573365330170276],[11.007196669042715,49.5733152424537],[11.007016372932775,49.573098068312035],[11.006870467024847,49.573142608806236]]]},"properties":{"kind":"polygon","id":"31279827","poly_type":"building","color":"1.00,0.00,0.00"}},{"type":"Feature","geometry":{"type":"Polygon","coordinates":[[[11.006828997376326,49.571625681658595],[11.00694946815421,49.571783983292406],[11.007290112240415,49.57167498394835],[11.007169640649824,49.57151668267699],[11.006828997376326,49.571625681658595]]]},"properties":{"kind":"polygon","id":"31279873","poly_type":"building","color":"1.00,0.00,0.00"}},{"type":"Feature","geometry":{"type":"Polygon","coordinates":[[[11.007107519988837,49.57203563677316],[11.007193337781318,49.572148301984846],[11.007900020896045,49.57192212392174],[11.007814198215375,49.57180936935373],[11.007107519988837,49.57203563677316]]]},"properties":{"kind":"polygon","id":"31279909","poly_type":"building","color":"1.00,0.00,0.00"}},{"type":"Feature","geometry":{"type":"Polygon","coordinates":[[[11.007344824113432,49.572337639628245],[11.007426256480228,49.5724445336221],[11.008116420317311,49.57222358847341],[11.00803498683921,49.57211669497591],[11.007344824113432,49.572337639628245]]]},"properties":{"kind":"polygon","id":"31279943","poly_type":"building","color":"1.00,0.00,0.00"}},{"type":"Feature","geometry":{"type":"Polygon","coordinates":[[[11.007539908106569,49.57259161851474],[11.007642956952502,49.572719636721054],[11.008784455991426,49.57236338692615],[11.008647155239595,49.57221311560106],[11.007539908106569,49.57259161851474]]]},"properties":{"kind":"polygon","id":"31279951","poly_type":"building","color":"1.00,0.00,0.00"}},{"type":"Feature","geometry":{"type":"Polygon","coordinates":[[[11.007857500557552,49.57295897438623],[11.007926162786804,49.573064740317356],[11.008930346941398,49.57273632980066],[11.008853148567711,49.572641687298855],[11.007857500557552,49.57295897438623]]]},"properties":{"kind":"polygon","id":"31279953","poly_type":"building","color":"1.00,0.00,0.00"}},{"type":"Feature","geometry":{"type":"Polygon","coordinates":[[[11.009170694683778,49.5723912229727],[11.009316557771745,49.572591630348136],[11.009591344810929,49.57250247885914],[11.009436859628929,49.57230770889417],[11.009170694683778,49.5723912229727]]]},"properties":{"kind":"polygon","id":"31279956","poly_type":"building","color":"1.00,0.00,0.00"}},{"type":"Feature","geometry":{"type":"Polygon","coordinates":[[[11.00790034793647,49.571717738333014],[11.008243780594732,49.57215193174797],[11.008604252210084,49.57202387351722],[11.008441203681988,49.57181242914547],[11.008243786500337,49.571879095255774],[11.008149358026156,49.571762262388006],[11.00870723078362,49.57158409003285],[11.008630038411932,49.57148953722787],[11.00790034793647,49.571717738333014]]]},"properties":{"kind":"polygon","id":"31279959","poly_type":"building","color":"1.00,0.00,0.00"}},{"type":"Feature","geometry":{"type":"Polygon","coordinates":[[[11.008655668516779,49.57175671120423],[11.00870714155334,49.57183461891971],[11.008939045531951,49.57176231563135],[11.009024760337395,49.57187911926844],[11.009308124951975,49.57179008934032],[11.009282318850653,49.57175113682533],[11.009617004674364,49.57164538253935],[11.009539854323503,49.57154516237813],[11.00926506882029,49.57163422380015],[11.009222254776326,49.57157856497996],[11.008655668516779,49.57175671120423]]]},"properties":{"kind":"polygon","id":"31279963","poly_type":"building","color":"1.00,0.00,0.00"}},{"type":"Feature","geometry":{"type":"Polygon","coordinates":[[[11.008981888616463,49.57211851689506],[11.009084940163861,49.572246533791635],[11.009557051762338,49.572085139165864],[11.00946261607988,49.57196821752684],[11.008981888616463,49.57211851689506]]]},"properties":{"kind":"polygon","id":"31279987","poly_type":"building","color":"1.00,0.00,0.00"}},{"type":"Feature","geometry":{"type":"Polygon","coordinates":[[[11.009780134282103,49.57218534304127],[11.009822989001263,49.57225206553152],[11.009943251790363,49.572213094280166],[11.0098916338512,49.572151921434305],[11.009780134282103,49.57218534304127]]]},"properties":{"kind":"polygon","id":"31279990","poly_type":"building","color":"1.00,0.00,0.00"}},{"type":"Feature","geometry":{"type":"Polygon","coordinates":[[[11.01002056868363,49.5721018248139],[11.010071949827593,49.572174066300654],[11.010149194084498,49.57215194436754],[11.010089089896487,49.57207949465078],[11.01002056868363,49.5721018248139]]]},"properties":{"kind":"polygon","id":"31280000","poly_type":"building","color":"1.00,0.00,0.00"}},{"type":"Feature","geometry":{"type":"Polygon","coordinates":[[[11.009658219175918,49.57490853808481],[11.009726892465128,49.57499757095338],[11.009958667803689,49.574925177997464],[11.009889859662293,49.57483623756273],[11.009658219175918,49.57490853808481]]]},"properties":{"kind":"polygon","id":"31280161","poly_type":"building","color":"1.00,0.00,0.00"}},{"type":"Feature","geometry":{"type":"Polygon","coordinates":[[[11.010310561488627,49.574719271813144],[11.010353332161758,49.574780508243826],[11.010422137091533,49.5747582629354],[11.010370650318063,49.574696998076305],[11.010310561488627,49.574719271813144]]]},"properties":{"kind":"polygon","id":"31280164","poly_type":"building","color":"1.00,0.00,0.00"}},{"type":"Feature","geometry":{"type":"Polygon","coordinates":[[[11.010559446835765,49.5746357856175],[11.010636644016234,49.574747068849874],[11.011383339722146,49.574507760376825],[11.011306184794108,49.574407631434866],[11.010559446835765,49.5746357856175]]]},"properties":{"kind":"polygon","id":"31280180","poly_type":"building","color":"1.00,0.00,0.00"}},{"type":"Feature","geometry":{"type":"Polygon","coordinates":[[[11.013726669056041,49.5730829338388],[11.014373877118768,49.573888736886964],[11.014473309383659,49.57401240420546],[11.014782360870916,49.573912208866965],[11.014035578090029,49.57298274294117],[11.013726669056041,49.5730829338388]]]},"properties":{"kind":"polygon","id":"31280189","poly_type":"building","color":"1.00,0.00,0.00"}},{"type":"Feature","geometry":{"type":"Polygon","coordinates":[[[11.013074269409204,49.57274885672575],[11.013160141419164,49.57286583451109],[11.013348880196435,49.57281019570573],[11.013408939283568,49.57288813184674],[11.014181506651177,49.57264322728824],[11.014293146570264,49.57277118003456],[11.014473309893992,49.572715598735535],[11.014567700698366,49.5724985105077],[11.01438756055362,49.57227576770487],[11.01418144171949,49.57234259548981],[11.014104231069199,49.5722646884721],[11.013632231180056,49.57241503519327],[11.013589317327627,49.57237053424993],[11.013117257040033,49.57254300907707],[11.013074269409204,49.57274885672575]]]},"properties":{"kind":"polygon","id":"31280219","poly_type":"building","color":"1.00,0.00,0.00"}},{"type":"Feature","geometry":{"type":"Polygon","coordinates":[[[11.011743899329506,49.57474158367744],[11.011829724466617,49.574847318739415],[11.014473309383659,49.57401240420546],[11.014373877118768,49.573888736886964],[11.01406137022891,49.57399573798308],[11.013992731039588,49.573917771635564],[11.01391541741231,49.57386766268811],[11.013821037631809,49.57385662178081],[11.013726600441936,49.573867710964635],[11.013640737851947,49.57389556255102],[11.013589135025773,49.57392902475742],[11.013546284678666,49.573973489149154],[11.013554158386091,49.57402363749748],[11.013563454770734,49.574084825667796],[11.013606363432354,49.57414596856014],[11.011743899329506,49.57474158367744]]]},"properties":{"kind":"polygon","id":"31280230","poly_type":"building","color":"1.00,0.00,0.00"}},{"type":"Feature","geometry":{"type":"Polygon","coordinates":[[[11.011692461932606,49.57467483122803],[11.011958543745251,49.57458573558891],[11.011786752319649,49.57437417808442],[11.012241719781308,49.574229532663324],[11.012413370698518,49.574441001991545],[11.012576339649362,49.57439094023405],[11.01240473173953,49.57417380317044],[11.012851070604366,49.57403470277692],[11.013031341375108,49.57425726572673],[11.013202937601191,49.57420174556301],[11.012936930781647,49.573862202635205],[11.011434902328897,49.574335317935436],[11.011692461932606,49.57467483122803]]]},"properties":{"kind":"polygon","id":"31280245","poly_type":"building","color":"1.00,0.00,0.00"}},{"type":"Feature","geometry":{"type":"Polygon","coordinates":[[[11.013398325692009,49.581416497822936],[11.013406663636582,49.58157872305536],[11.013621203279715,49.581567612969856],[11.013612864626973,49.581405387761585],[11.013398325692009,49.581416497822936]]]},"properties":{"kind":"polygon","id":"31301136","poly_type":"building","color":"1.00,0.00,0.00"}},{"type":"Feature","geometry":{"type":"Polygon","coordinates":[[[11.01383588142101,49.58148930304295],[11.01409334398469,49.58147231746459],[11.014651239982902,49.58143363827507],[11.014744291672665,49.58142886945573],[11.014934446245165,49.58141692218524],[11.014900153103083,49.581155387985994],[11.014703072204503,49.58116709599474],[11.014325160722477,49.581188698830005],[11.01435085849922,49.58133901746433],[11.013818754647561,49.5813723886572],[11.01383588142101,49.58148930304295]]]},"properties":{"kind":"polygon","id":"31301141","poly_type":"building","color":"1.00,0.00,0.00"}},{"type":"Feature","geometry":{"type":"Polygon","coordinates":[[[11.015157645261935,49.58142796749281],[11.015149098019176,49.58131117372077],[11.015140449637338,49.58120535632541],[11.015269303999247,49.58119987352875],[11.015286361956017,49.58142248707796],[11.015157645261935,49.58142796749281]]]},"properties":{"kind":"polygon","id":"31301144","poly_type":"building","color":"1.00,0.00,0.00"}},{"type":"Feature","geometry":{"type":"Polygon","coordinates":[[[11.015334745760454,49.58154578340021],[11.015351976004007,49.58163489940722],[11.016754048381207,49.58154489004249],[11.016745624398956,49.58146137790405],[11.015334745760454,49.58154578340021]]]},"properties":{"kind":"polygon","id":"31301146","poly_type":"building","color":"1.00,0.00,0.00"}},{"type":"Feature","geometry":{"type":"Polygon","coordinates":[[[11.017011566047746,49.581539321400776],[11.017028762338127,49.5810940997392],[11.017183298799361,49.581094104157444],[11.017177650560578,49.58123894167892],[11.017162193071705,49.58142101205019],[11.017157524924405,49.58153929548619],[11.017011566047746,49.581539321400776]]]},"properties":{"kind":"polygon","id":"31301149","poly_type":"building","color":"1.00,0.00,0.00"}},{"type":"Feature","geometry":{"type":"Polygon","coordinates":[[[11.016857045318785,49.58098275934113],[11.016891531489575,49.58057096972824],[11.017046023335249,49.58057664232203],[11.017037467617493,49.5806878870266],[11.017021385194477,49.58087158749395],[11.017011538464041,49.58098843196415],[11.016857045318785,49.58098275934113]]]},"properties":{"kind":"polygon","id":"31301173","poly_type":"building","color":"1.00,0.00,0.00"}},{"type":"Feature","geometry":{"type":"Polygon","coordinates":[[[11.016745560592934,49.57997000010252],[11.016702582416915,49.58042079868219],[11.01687435849674,49.580426260175706],[11.016891220503958,49.580281586993145],[11.01690163515341,49.58009798533401],[11.016908625538838,49.579975613385315],[11.016745560592934,49.57997000010252]]]},"properties":{"kind":"polygon","id":"31301207","poly_type":"building","color":"1.00,0.00,0.00"}},{"type":"Feature","geometry":{"type":"Polygon","coordinates":[[[11.016591093159173,49.57942459119748],[11.016539634316615,49.57984756127941],[11.016702556886337,49.57985308737653],[11.01671973866909,49.579736294967816],[11.016745642946777,49.57956933501784],[11.016762684480199,49.57943572328438],[11.016591093159173,49.57942459119748]]]},"properties":{"kind":"polygon","id":"31301221","poly_type":"building","color":"1.00,0.00,0.00"}},{"type":"Feature","geometry":{"type":"Polygon","coordinates":[[[11.016153230647117,49.57921308977127],[11.0162562851532,49.57927993022228],[11.016398808908123,49.5792101593042],[11.016564658213133,49.57912900702397],[11.016676938144549,49.579073975938506],[11.016582557284307,49.57901283181227],[11.016153230647117,49.57921308977127]]]},"properties":{"kind":"polygon","id":"31301403","poly_type":"building","color":"1.00,0.00,0.00"}},{"type":"Feature","geometry":{"type":"Polygon","coordinates":[[[11.016067543998075,49.578812390029874],[11.016161880757833,49.57887920256511],[11.016296921222025,49.578815859085644],[11.01644716298399,49.578745413853454],[11.016565237283126,49.57869001201175],[11.016470853609572,49.578628777888056],[11.016067543998075,49.578812390029874]]]},"properties":{"kind":"polygon","id":"31301406","poly_type":"building","color":"1.00,0.00,0.00"}},{"type":"Feature","geometry":{"type":"Polygon","coordinates":[[[11.01585296440289,49.5784563053359],[11.01594734697871,49.57851753997944],[11.016085021929532,49.57845100237788],[11.016266642286645,49.57836318880911],[11.016385056506653,49.578305982102115],[11.016282099099255,49.57824480729647],[11.01585296440289,49.5784563053359]]]},"properties":{"kind":"polygon","id":"31301407","poly_type":"building","color":"1.00,0.00,0.00"}},{"type":"Feature","geometry":{"type":"Polygon","coordinates":[[[11.015432288444945,49.57814456071305],[11.015535339690034,49.578211401858916],[11.015935941224251,49.57797557433288],[11.016093153063126,49.57788296888621],[11.016067565794659,49.57786632313966],[11.016136191527057,49.57781619123175],[11.016221979574297,49.57774947816836],[11.016115130804868,49.577697906360186],[11.015938781084865,49.577816212889395],[11.015964506524519,49.57783285625665],[11.015432288444945,49.57814456071305]]]},"properties":{"kind":"polygon","id":"31301418","poly_type":"building","color":"1.00,0.00,0.00"}},{"type":"Feature","geometry":{"type":"Polygon","coordinates":[[[11.014805858540429,49.57824479782247],[11.014990349982211,49.578287102482136],[11.01523573383335,49.578343368846156],[11.015363667460871,49.57837280484198],[11.01540666889638,49.578278231735254],[11.014848763390155,49.57816129118634],[11.014805858540429,49.57824479782247]]]},"properties":{"kind":"polygon","id":"31301439","poly_type":"building","color":"1.00,0.00,0.00"}},{"type":"Feature","geometry":{"type":"Polygon","coordinates":[[[11.014548295802914,49.57850079968991],[11.01472056094302,49.57853846005339],[11.01489296458467,49.578576117749186],[11.015106153927004,49.57862322983385],[11.0152863590261,49.57866219035875],[11.015337941704399,49.57855091591768],[11.014608407794219,49.578395044283646],[11.014548295802914,49.57850079968991]]]},"properties":{"kind":"polygon","id":"31301457","poly_type":"building","color":"1.00,0.00,0.00"}},{"type":"Feature","geometry":{"type":"Polygon","coordinates":[[[11.014316532984298,49.578651013403075],[11.014874439213242,49.578767866563446],[11.01481446931362,49.57887370958397],[11.014660064726199,49.57883978635859],[11.014445338073466,49.57879566876267],[11.014256467056914,49.57875119058069],[11.014316532984298,49.578651013403075]]]},"properties":{"kind":"polygon","id":"31301464","poly_type":"building","color":"1.00,0.00,0.00"}},{"type":"Feature","geometry":{"type":"Polygon","coordinates":[[[11.015724251519325,49.57890149090082],[11.015792803908758,49.57877903593093],[11.015930171732956,49.57881244490197],[11.015916266388707,49.5788409333543],[11.015891961927943,49.57887221172293],[11.015874709056018,49.57890003885029],[11.015861528215598,49.57892932427488],[11.015794141452691,49.5789155657132],[11.015724251519325,49.57890149090082]]]},"properties":{"kind":"polygon","id":"31301467","poly_type":"building","color":"1.00,0.00,0.00"}},{"type":"Feature","geometry":{"type":"Polygon","coordinates":[[[11.01568979237784,49.57895156702263],[11.01576749812863,49.578967304798994],[11.015827207441266,49.578979398027116],[11.015806065288478,49.579016918191854],[11.015792746133,49.57904620601766],[11.015771647045913,49.57907805820237],[11.015758512924034,49.579101765533096],[11.015621239499795,49.579074021934346],[11.01568979237784,49.57895156702263]]]},"properties":{"kind":"polygon","id":"31301470","poly_type":"building","color":"1.00,0.00,0.00"}},{"type":"Feature","geometry":{"type":"Polygon","coordinates":[[[11.015852847640534,49.5791853101542],[11.016024531574898,49.57918528718472],[11.016024649574522,49.57928549601989],[11.015930161563572,49.579285523254875],[11.015852965288419,49.579285518994],[11.015852847640534,49.5791853101542]]]},"properties":{"kind":"polygon","id":"31301477","poly_type":"building","color":"1.00,0.00,0.00"}},{"type":"Feature","geometry":{"type":"Polygon","coordinates":[[[11.015269255426515,49.579046240219576],[11.015440930513856,49.57907959191257],[11.015397975353164,49.5791685869448],[11.015312206760028,49.57915190989665],[11.015226438223648,49.579135232784125],[11.015269255426515,49.579046240219576]]]},"properties":{"kind":"polygon","id":"31301478","poly_type":"building","color":"1.00,0.00,0.00"}},{"type":"Feature","geometry":{"type":"Polygon","coordinates":[[[11.015552497753585,49.57860097191922],[11.015501009228348,49.578701090283],[11.015586777086536,49.57871776720159],[11.015681356859801,49.57874013766756],[11.015732841348047,49.57863992933692],[11.015552497753585,49.57860097191922]]]},"properties":{"kind":"polygon","id":"31301482","poly_type":"building","color":"1.00,0.00,0.00"}},{"type":"Feature","geometry":{"type":"Polygon","coordinates":[[[11.01508046786052,49.57881240472655],[11.015028890521116,49.57890703710741],[11.01511479683608,49.57892371196508],[11.015191986424485,49.578940358676576],[11.015243567182642,49.57884581611848],[11.01508046786052,49.57881240472655]]]},"properties":{"kind":"polygon","id":"31301490","poly_type":"building","color":"1.00,0.00,0.00"}},{"type":"Feature","geometry":{"type":"Polygon","coordinates":[[[11.016282099099255,49.57824480729647],[11.016350769849147,49.57820582901683],[11.016161866928181,49.57808336270785],[11.01609319619341,49.57812234087586],[11.016282099099255,49.57824480729647]]]},"properties":{"kind":"polygon","id":"31301786","poly_type":"building","color":"1.00,0.00,0.00"}},{"type":"Feature","geometry":{"type":"Polygon","coordinates":[[[11.016470853609572,49.578628777888056],[11.016531041469985,49.578595434666966],[11.016359336536691,49.578467361520914],[11.016299152416705,49.578500794544205],[11.016470853609572,49.578628777888056]]]},"properties":{"kind":"polygon","id":"31301806","poly_type":"building","color":"1.00,0.00,0.00"}},{"type":"Feature","geometry":{"type":"Polygon","coordinates":[[[11.016582557284307,49.57901283181227],[11.016642556856812,49.57898497913033],[11.016479565017375,49.578873666001186],[11.016419376784377,49.57890700919878],[11.016582557284307,49.57901283181227]]]},"properties":{"kind":"polygon","id":"31301816","poly_type":"building","color":"1.00,0.00,0.00"}},{"type":"Feature","geometry":{"type":"Polygon","coordinates":[[[11.015827207441266,49.578979398027116],[11.015845861329588,49.578951996276054],[11.015861528215598,49.57892932427488],[11.015794141452691,49.5789155657132],[11.01576749812863,49.578967304798994],[11.015827207441266,49.578979398027116]]]},"properties":{"kind":"polygon","id":"31302165","poly_type":"building","color":"1.00,0.00,0.00"}},{"type":"Feature","geometry":{"type":"Polygon","coordinates":[[[11.01321282527474,49.576650624090185],[11.013376021187385,49.576646254916234],[11.013539039141435,49.57664764578855],[11.013727850720477,49.576650566508974],[11.013890951414282,49.576650606106085],[11.014053951509577,49.576678443608245],[11.014199846196053,49.576700731547746],[11.014234132152486,49.576606130678954],[11.013933859400918,49.576550367931404],[11.01321285144085,49.576550412730704],[11.01321282527474,49.576650624090185]]]},"properties":{"kind":"polygon","id":"31302414","poly_type":"building","color":"1.00,0.00,0.00"}},{"type":"Feature","geometry":{"type":"Polygon","coordinates":[[[11.013181655183859,49.576958815747915],[11.013791365669235,49.57697699051379],[11.013785061032625,49.57706579679791],[11.013624949741748,49.577061117262886],[11.013324939708111,49.577052125435465],[11.013175349440663,49.57704762201303],[11.013181655183859,49.576958815747915]]]},"properties":{"kind":"polygon","id":"31302418","poly_type":"building","color":"1.00,0.00,0.00"}},{"type":"Feature","geometry":{"type":"Polygon","coordinates":[[[11.013060283454802,49.577327408080045],[11.013549438683935,49.577347321896916],[11.013541690963809,49.577427967287235],[11.013378179348337,49.57742136755415],[11.013215217030499,49.57741466807571],[11.013052538628449,49.577408143339554],[11.013060283454802,49.577327408080045]]]},"properties":{"kind":"polygon","id":"31302423","poly_type":"building","color":"1.00,0.00,0.00"}},{"type":"Feature","geometry":{"type":"Polygon","coordinates":[[[11.013026435205221,49.577657955323176],[11.013541345686637,49.57780272964784],[11.013481329260372,49.57788059650519],[11.013372139601838,49.5778493929513],[11.013232333574104,49.57781377448749],[11.013102078841142,49.57777493116085],[11.012964766629505,49.577736030569454],[11.013026435205221,49.577657955323176]]]},"properties":{"kind":"polygon","id":"31302425","poly_type":"building","color":"1.00,0.00,0.00"}},{"type":"Feature","geometry":{"type":"Polygon","coordinates":[[[11.01372163404976,49.57784717845776],[11.014202288489264,49.57796960733301],[11.014142185400457,49.57804198873329],[11.013998321169026,49.578005272414224],[11.013798843647848,49.57795845936652],[11.013661530387235,49.57791955961685],[11.01372163404976,49.57784717845776]]]},"properties":{"kind":"polygon","id":"31302427","poly_type":"building","color":"1.00,0.00,0.00"}},{"type":"Feature","geometry":{"type":"Polygon","coordinates":[[[11.014064956468918,49.577463207467304],[11.014511301087808,49.57756887083484],[11.014459774557643,49.577658014784625],[11.014343619674758,49.57762900241042],[11.014127945962203,49.57757518549307],[11.014013472552286,49.577546683251356],[11.014064956468918,49.577463207467304]]]},"properties":{"kind":"polygon","id":"31302432","poly_type":"building","color":"1.00,0.00,0.00"}},{"type":"Feature","geometry":{"type":"Polygon","coordinates":[[[11.014168132183144,49.577116520260745],[11.014700339010602,49.577211062761485],[11.014665962285846,49.577300088074956],[11.014485715727561,49.57726670459087],[11.014288320327546,49.57723343948551],[11.014133754546323,49.57720554542884],[11.014168132183144,49.577116520260745]]]},"properties":{"kind":"polygon","id":"31302435","poly_type":"building","color":"1.00,0.00,0.00"}},{"type":"Feature","geometry":{"type":"Polygon","coordinates":[[[11.01089240209208,49.580928890346506],[11.011081238953533,49.580945488314626],[11.011175679168204,49.58096777493935],[11.01120133997484,49.58091218593361],[11.011115616994928,49.58088992771348],[11.011055433921943,49.58088989436915],[11.01108134674099,49.580756309285505],[11.011252894398003,49.58077302758517],[11.011278766788744,49.580611556839415],[11.01095246282955,49.58058943251852],[11.010939677386867,49.58066206920697],[11.010932912563515,49.58075664043187],[11.010906228655566,49.58085128799962],[11.01089240209208,49.580928890346506]]]},"properties":{"kind":"polygon","id":"31302720","poly_type":"building","color":"1.00,0.00,0.00"}},{"type":"Feature","geometry":{"type":"Polygon","coordinates":[[[11.011115578566113,49.58042800506939],[11.011270153042288,49.58043908129066],[11.01132165795073,49.58003293475792],[11.011167030012585,49.580027256892016],[11.011133238698159,49.58022493758096],[11.011115578566113,49.58042800506939]]]},"properties":{"kind":"polygon","id":"31302741","poly_type":"building","color":"1.00,0.00,0.00"}},{"type":"Feature","geometry":{"type":"Polygon","coordinates":[[[11.011622062438478,49.57984923953559],[11.011605230550085,49.57992437547593],[11.011604810147714,49.58000498324331],[11.01159626048393,49.58008303367658],[11.011733585497222,49.58008847210022],[11.011759252246572,49.57985477023252],[11.011622062438478,49.57984923953559]]]},"properties":{"kind":"polygon","id":"31302742","poly_type":"building","color":"1.00,0.00,0.00"}},{"type":"Feature","geometry":{"type":"Polygon","coordinates":[[[11.012961038773637,49.57796818167534],[11.012944961826692,49.57808513420622],[11.012926658629913,49.57821858739643],[11.012909843171233,49.57834113003214],[11.012892278172195,49.57846899310152],[11.013029606144947,49.578474609826635],[11.01309836164483,49.57797370844545],[11.012961038773637,49.57796818167534]]]},"properties":{"kind":"polygon","id":"31302746","poly_type":"building","color":"1.00,0.00,0.00"}},{"type":"Feature","geometry":{"type":"Polygon","coordinates":[[[11.012514580764819,49.57855247605507],[11.012494599373104,49.57867543351357],[11.01247736393642,49.57878107166971],[11.012458379669518,49.57890473141927],[11.012441231761748,49.57903267710337],[11.012591915530901,49.57903671270123],[11.012669062196382,49.57855806469146],[11.012514580764819,49.57855247605507]]]},"properties":{"kind":"polygon","id":"31302748","poly_type":"building","color":"1.00,0.00,0.00"}},{"type":"Feature","geometry":{"type":"Polygon","coordinates":[[[11.012059712367975,49.57918144303562],[11.012037411908889,49.57929850363935],[11.012003441181282,49.57942782127614],[11.01198253647794,49.57956536753081],[11.011965256117582,49.57967667359092],[11.01211983207031,49.57968783859735],[11.012205566238917,49.57919248973859],[11.012059712367975,49.57918144303562]]]},"properties":{"kind":"polygon","id":"31302751","poly_type":"building","color":"1.00,0.00,0.00"}},{"type":"Feature","geometry":{"type":"Polygon","coordinates":[[[11.01001273858468,49.579658617136985],[11.010184052904739,49.57964619536045],[11.010338731668948,49.57963631128779],[11.010467060717598,49.57962823423234],[11.010458509638378,49.57954472387271],[11.010012245074297,49.579572537953794],[11.01001273858468,49.579658617136985]]]},"properties":{"kind":"polygon","id":"31303090","poly_type":"building","color":"1.00,0.00,0.00"}},{"type":"Feature","geometry":{"type":"Polygon","coordinates":[[[11.01071603051937,49.579633712762885],[11.011188078492085,49.579600410237084],[11.011205158464785,49.5796894395056],[11.011076379896325,49.579700043958034],[11.010878939219083,49.579716339477635],[11.010733200497977,49.579728317795954],[11.01071603051937,49.579633712762885]]]},"properties":{"kind":"polygon","id":"31303092","poly_type":"building","color":"1.00,0.00,0.00"}},{"type":"Feature","geometry":{"type":"Polygon","coordinates":[[[11.010973511530153,49.579294331928175],[11.011024945457898,49.579377726565355],[11.011151031610572,49.57934539964715],[11.011275331490191,49.57931337351105],[11.011401275362964,49.579280958835604],[11.011522839574852,49.579249699638915],[11.011471266700916,49.57916630763391],[11.010973511530153,49.579294331928175]]]},"properties":{"kind":"polygon","id":"31303108","poly_type":"building","color":"1.00,0.00,0.00"}},{"type":"Feature","geometry":{"type":"Polygon","coordinates":[[[11.010080873415857,49.57926639526348],[11.010123734571357,49.57934993923634],[11.010259933235933,49.57931455900698],[11.010492365035091,49.5792542977582],[11.010638835483373,49.57921639972917],[11.010595787918415,49.57913843644541],[11.010080873415857,49.57926639526348]]]},"properties":{"kind":"polygon","id":"31303110","poly_type":"building","color":"1.00,0.00,0.00"}},{"type":"Feature","geometry":{"type":"Polygon","coordinates":[[[11.01123961129762,49.57893249160009],[11.011316780952889,49.57901597845712],[11.011454751319018,49.578966532892345],[11.011574315705104,49.57892703246353],[11.011686651996005,49.578883339708355],[11.01179748812359,49.57884354103185],[11.01172875451079,49.5787599977597],[11.01123961129762,49.57893249160009]]]},"properties":{"kind":"polygon","id":"31303115","poly_type":"building","color":"1.00,0.00,0.00"}},{"type":"Feature","geometry":{"type":"Polygon","coordinates":[[[11.010303983624963,49.57883792705826],[11.010364088958195,49.57892701844597],[11.010501032912133,49.578892974311586],[11.010706597806847,49.578842175082585],[11.010836149997827,49.57881005812974],[11.010776043962169,49.57872096699464],[11.010303983624963,49.57883792705826]]]},"properties":{"kind":"polygon","id":"31303117","poly_type":"building","color":"1.00,0.00,0.00"}},{"type":"Feature","geometry":{"type":"Polygon","coordinates":[[[11.010630249755211,49.5783983102942],[11.01069879164249,49.578487344853414],[11.010836222113273,49.57844834428395],[11.010977617061585,49.57840819516993],[11.011118058856459,49.578368422273776],[11.011248243093306,49.57833152620079],[11.011188136927519,49.5782424352749],[11.010630249755211,49.5783983102942]]]},"properties":{"kind":"polygon","id":"31303118","poly_type":"building","color":"1.00,0.00,0.00"}},{"type":"Feature","geometry":{"type":"Polygon","coordinates":[[[11.010887700975545,49.577980938320955],[11.010964864792074,49.578064335560576],[11.011152650281204,49.57800179045772],[11.011313145472903,49.57794844520434],[11.01147718653613,49.57789386865069],[11.01161720726851,49.577847265808614],[11.011540039009908,49.57776377911928],[11.010887700975545,49.577980938320955]]]},"properties":{"kind":"polygon","id":"31303121","poly_type":"building","color":"1.00,0.00,0.00"}},{"type":"Feature","geometry":{"type":"Polygon","coordinates":[[[11.01179753073461,49.578080984207766],[11.01189194773468,49.578170107866626],[11.012070141935103,49.57810646867712],[11.012252020124809,49.578041595708726],[11.01243035901457,49.57797813335361],[11.01257855659195,49.57792518015637],[11.012492768092685,49.57783059956142],[11.01179753073461,49.578080984207766]]]},"properties":{"kind":"polygon","id":"31303141","poly_type":"building","color":"1.00,0.00,0.00"}},{"type":"Feature","geometry":{"type":"Polygon","coordinates":[[[11.01152279535532,49.57849838887813],[11.011608681506798,49.57858190390781],[11.011744567852741,49.57853564267796],[11.011866945329604,49.57849393408145],[11.011996142312173,49.57844985786234],[11.012115111350266,49.57840937770167],[11.012020649917785,49.57832592221823],[11.01152279535532,49.57849838887813]]]},"properties":{"kind":"polygon","id":"31303142","poly_type":"building","color":"1.00,0.00,0.00"}},{"type":"Feature","geometry":{"type":"Polygon","coordinates":[[[11.010825849980696,49.577152709946276],[11.01085155216029,49.577525580201005],[11.010988972065594,49.57752004320798],[11.010981945097226,49.57741977456885],[11.010972354147048,49.57728068954606],[11.010963265148355,49.57714708310498],[11.010825849980696,49.577152709946276]]]},"properties":{"kind":"polygon","id":"31303866","poly_type":"building","color":"1.00,0.00,0.00"}},{"type":"Feature","geometry":{"type":"Polygon","coordinates":[[[11.010783019120964,49.57669629846382],[11.010825881006513,49.5770524985338],[11.010971735867829,49.57704690490614],[11.01096323947757,49.57694117449018],[11.010945990832921,49.57680761991393],[11.0109288729279,49.57669070490322],[11.010783019120964,49.57669629846382]]]},"properties":{"kind":"polygon","id":"31303868","poly_type":"building","color":"1.00,0.00,0.00"}},{"type":"Feature","geometry":{"type":"Polygon","coordinates":[[[11.01140093971653,49.57665182376419],[11.01142666453469,49.57695785630636],[11.01145389388172,49.57695729294497],[11.011469594483064,49.57711372316387],[11.011606874901585,49.57710818785539],[11.01159836975291,49.5770190994759],[11.01159129065388,49.57694114083255],[11.011564039140797,49.57694116487631],[11.011549099734982,49.57685371761375],[11.011546858346607,49.5767352846494],[11.011538353392236,49.5766461962579],[11.01140093971653,49.57665182376419]]]},"properties":{"kind":"polygon","id":"31303870","poly_type":"building","color":"1.00,0.00,0.00"}},{"type":"Feature","geometry":{"type":"Polygon","coordinates":[[[11.011426726200009,49.57749768061481],[11.011435337944675,49.57739758988721],[11.012061769038304,49.57744211004217],[11.012061852817158,49.57746432769409],[11.012671256980783,49.57755897624488],[11.01263687300519,49.577664732856775],[11.012482902655574,49.5776412340743],[11.012259884422827,49.577607241781756],[11.012053289782477,49.57757566211434],[11.012053344246235,49.57755344205862],[11.011847569875854,49.57753507127754],[11.011599869632407,49.577513111227944],[11.011426726200009,49.57749768061481]]]},"properties":{"kind":"polygon","id":"31303872","poly_type":"building","color":"1.00,0.00,0.00"}},{"type":"Feature","geometry":{"type":"Polygon","coordinates":[[[11.011950274293566,49.576651807304465],[11.011950260983957,49.57700803295591],[11.012121937451154,49.57700801587477],[11.012121831089939,49.57689107503638],[11.012121924615311,49.57673526976354],[11.012121949510531,49.57665179023912],[11.011950274293566,49.576651807304465]]]},"properties":{"kind":"polygon","id":"31303874","poly_type":"building","color":"1.00,0.00,0.00"}},{"type":"Feature","geometry":{"type":"Polygon","coordinates":[[[11.012499568658539,49.57664072435592],[11.012473747533948,49.57694117650348],[11.012628362106831,49.57694676285542],[11.01263853581383,49.57685779937959],[11.012645525934817,49.57675197957096],[11.012654040346582,49.57664622319884],[11.012499568658539,49.57664072435592]]]},"properties":{"kind":"polygon","id":"31303882","poly_type":"building","color":"1.00,0.00,0.00"}},{"type":"Feature","geometry":{"type":"Polygon","coordinates":[[[11.012679806556324,49.57699678295933],[11.012611224146603,49.57738091836807],[11.012748541641496,49.57738635568371],[11.012765678049051,49.577291783759954],[11.012800034790486,49.577124857551354],[11.01281722144673,49.577007975673126],[11.012679806556324,49.57699678295933]]]},"properties":{"kind":"polygon","id":"31303888","poly_type":"building","color":"1.00,0.00,0.00"}},{"type":"Feature","geometry":{"type":"Polygon","coordinates":[[[11.009000024854366,49.57782212654316],[11.009163059581628,49.578389705571944],[11.009317454010226,49.5783729911374],[11.009273747016207,49.578228381516965],[11.00923004029289,49.578083771873345],[11.00918441280545,49.57793280870064],[11.009145839209562,49.577805381406115],[11.009000024854366,49.57782212654316]]]},"properties":{"kind":"polygon","id":"31304492","poly_type":"building","color":"1.00,0.00,0.00"}},{"type":"Feature","geometry":{"type":"Polygon","coordinates":[[[11.009369003582412,49.57839530446094],[11.009369063269984,49.57874028417714],[11.00951501408545,49.578740268010456],[11.009515059458462,49.5786235045064],[11.00951500674979,49.57850098552819],[11.009514953368488,49.57839528830733],[11.009369003582412,49.57839530446094]]]},"properties":{"kind":"polygon","id":"31304504","poly_type":"building","color":"1.00,0.00,0.00"}},{"type":"Feature","geometry":{"type":"Polygon","coordinates":[[[11.009995645090601,49.577855478810655],[11.009952714869247,49.577716343242024],[11.009643693531102,49.57776084223769],[11.009343249956803,49.577805371341114],[11.009394847598573,49.57795011376642],[11.009995645090601,49.577855478810655]]]},"properties":{"kind":"polygon","id":"31304514","poly_type":"building","color":"1.00,0.00,0.00"}},{"type":"Feature","geometry":{"type":"Polygon","coordinates":[[[11.010330327337309,49.57773856828125],[11.01048475860288,49.57774973796013],[11.010461159615884,49.57787230814483],[11.010426946480274,49.57804966598612],[11.010407568170763,49.57815039348671],[11.01026171775271,49.57813934447056],[11.010330327337309,49.57773856828125]]]},"properties":{"kind":"polygon","id":"31304518","poly_type":"building","color":"1.00,0.00,0.00"}},{"type":"Feature","geometry":{"type":"Polygon","coordinates":[[[11.010158696155418,49.57827840715297],[11.010304589902244,49.578317431826356],[11.010232911623989,49.57842473525856],[11.01014727950664,49.57855270106865],[11.01008146691699,49.578651266722474],[11.009944150826195,49.57861227266027],[11.010158696155418,49.57827840715297]]]},"properties":{"kind":"polygon","id":"31304520","poly_type":"building","color":"1.00,0.00,0.00"}},{"type":"Feature","geometry":{"type":"Polygon","coordinates":[[[11.009849637658082,49.578823781619505],[11.009643701061904,49.579202294989145],[11.00978106610114,49.57923571129765],[11.009838381697742,49.57912559917608],[11.009920207015165,49.57896891387084],[11.009978423226956,49.57885716682079],[11.009849637658082,49.578823781619505]]]},"properties":{"kind":"polygon","id":"31304525","poly_type":"building","color":"1.00,0.00,0.00"}},{"type":"Feature","geometry":{"type":"Polygon","coordinates":[[[11.009609392157602,49.57933026843096],[11.00957504332374,49.579703102391896],[11.009712374502342,49.579708723014896],[11.009720949886892,49.57961439027367],[11.00973810257635,49.5794527115091],[11.009746718597578,49.57933579913498],[11.009609392157602,49.57933026843096]]]},"properties":{"kind":"polygon","id":"31304527","poly_type":"building","color":"1.00,0.00,0.00"}},{"type":"Feature","geometry":{"type":"Polygon","coordinates":[[[11.008390634100593,49.577950099207996],[11.008416243808574,49.578028006197115],[11.008665226751521,49.57798347341376],[11.008630900064116,49.57790553790555],[11.008560607499938,49.57791863244038],[11.008466557765734,49.57793600746235],[11.008390634100593,49.577950099207996]]]},"properties":{"kind":"polygon","id":"31304528","poly_type":"building","color":"1.00,0.00,0.00"}},{"type":"Feature","geometry":{"type":"Polygon","coordinates":[[[11.008510629390061,49.5781670586392],[11.008527906627158,49.5782172239389],[11.008553694882831,49.57828262393125],[11.008570795042754,49.57832847441677],[11.008690934454219,49.57830632846853],[11.008630906678734,49.57814491035746],[11.008510629390061,49.5781670586392]]]},"properties":{"kind":"polygon","id":"31304529","poly_type":"building","color":"1.00,0.00,0.00"}},{"type":"Feature","geometry":{"type":"Polygon","coordinates":[[[11.008605224701531,49.57850661898198],[11.008622312590298,49.57856227486085],[11.008640460157629,49.57861341454629],[11.008656583762873,49.578662430427265],[11.008776807186829,49.57864568028775],[11.008725309519928,49.57848987130024],[11.008605224701531,49.57850661898198]]]},"properties":{"kind":"polygon","id":"31304534","poly_type":"building","color":"1.00,0.00,0.00"}},{"type":"Feature","geometry":{"type":"Polygon","coordinates":[[[11.008682397149613,49.57881265832711],[11.008691044950593,49.578868280817304],[11.008699648833451,49.578929571287944],[11.008708110804083,49.57899077426554],[11.008828239780248,49.57898518024323],[11.00880266393691,49.578807061936516],[11.008682397149613,49.57881265832711]]]},"properties":{"kind":"polygon","id":"31304537","poly_type":"building","color":"1.00,0.00,0.00"}},{"type":"Feature","geometry":{"type":"Polygon","coordinates":[[[11.0087081531941,49.579129935237596],[11.008710896788704,49.579179903058055],[11.00870807032595,49.57923572476013],[11.008708049017525,49.57928574058406],[11.008828269347342,49.57928572224225],[11.008828234895802,49.57912991930086],[11.0087081531941,49.579129935237596]]]},"properties":{"kind":"polygon","id":"31304540","poly_type":"building","color":"1.00,0.00,0.00"}},{"type":"Feature","geometry":{"type":"Polygon","coordinates":[[[11.008648078335284,49.57946939215495],[11.008648155934535,49.579508341690264],[11.008648134573038,49.57955835751274],[11.00864811690428,49.57960846322656],[11.00876820347418,49.579608537229085],[11.00876816087227,49.579469376270076],[11.008648078335284,49.57946939215495]]]},"properties":{"kind":"polygon","id":"31304560","poly_type":"building","color":"1.00,0.00,0.00"}},{"type":"Feature","geometry":{"type":"Polygon","coordinates":[[[11.009042840551635,49.57966970616133],[11.009274561706782,49.579686371972834],[11.009283256219948,49.5796252309085],[11.00905153166065,49.57960847521889],[11.009042840551635,49.57966970616133]]]},"properties":{"kind":"polygon","id":"31304770","poly_type":"building","color":"1.00,0.00,0.00"}},{"type":"Feature","geometry":{"type":"Polygon","coordinates":[[[11.00904289984184,49.576814685749696],[11.007935720889039,49.57699843605463],[11.007978611726276,49.57709295492645],[11.008313541417264,49.57703262817331],[11.008829064745337,49.57695027415539],[11.009085796326223,49.576909294080664],[11.00904289984184,49.576814685749696]]]},"properties":{"kind":"polygon","id":"31304787","poly_type":"building","color":"1.00,0.00,0.00"}},{"type":"Feature","geometry":{"type":"Polygon","coordinates":[[[11.009317442621246,49.57685372647128],[11.00936047790903,49.57694833229179],[11.009659450990172,49.576905177994256],[11.010157558844542,49.57683337552021],[11.010441962156245,49.57679254132313],[11.010407633938422,49.57669778459165],[11.009317442621246,49.57685372647128]]]},"properties":{"kind":"polygon","id":"31304797","poly_type":"building","color":"1.00,0.00,0.00"}},{"type":"Feature","geometry":{"type":"Polygon","coordinates":[[[11.010338908259104,49.57690380839912],[11.010493431747644,49.57690382192118],[11.010496062561892,49.5770149616957],[11.010499751168322,49.5771653038575],[11.010493404188864,49.577259957800074],[11.010347457827555,49.577259975145374],[11.010338908259104,49.57690380839912]]]},"properties":{"kind":"polygon","id":"31304799","poly_type":"building","color":"1.00,0.00,0.00"}},{"type":"Feature","geometry":{"type":"Polygon","coordinates":[[[11.01052782046271,49.577488117560605],[11.010527855773216,49.57738799603766],[11.009901176835099,49.57740473184755],[11.009909853085967,49.57750479197802],[11.010107027761595,49.5774956991596],[11.010355991358507,49.57749119341934],[11.01052782046271,49.577488117560605]]]},"properties":{"kind":"polygon","id":"31304810","poly_type":"building","color":"1.00,0.00,0.00"}},{"type":"Feature","geometry":{"type":"Polygon","coordinates":[[[11.009248959618533,49.57712640270065],[11.009317524961274,49.57753271206992],[11.0094635672699,49.57752153983259],[11.009449434544921,49.57742670192997],[11.009434684077863,49.57732692718006],[11.0094189950901,49.57722114168319],[11.009394866187959,49.577115322856976],[11.009248959618533,49.57712640270065]]]},"properties":{"kind":"polygon","id":"31304814","poly_type":"building","color":"1.00,0.00,0.00"}},{"type":"Feature","geometry":{"type":"Polygon","coordinates":[[[11.008673819279707,49.57718199729592],[11.008819703613218,49.577604955682446],[11.008974150689843,49.57758284342633],[11.008933455455571,49.57747110522215],[11.008896936245181,49.57737683588761],[11.00885404429907,49.57726549562044],[11.008819683169925,49.57715976439118],[11.008673819279707,49.57718199729592]]]},"properties":{"kind":"polygon","id":"31304815","poly_type":"building","color":"1.00,0.00,0.00"}},{"type":"Feature","geometry":{"type":"Polygon","coordinates":[[[11.00807297955248,49.577282203417255],[11.00810834321481,49.57737532363602],[11.008178458953152,49.577560135360784],[11.008210259707713,49.577643961979206],[11.00835626343834,49.577621727240874],[11.00821884403585,49.57725997126329],[11.00807297955248,49.577282203417255]]]},"properties":{"kind":"polygon","id":"31304820","poly_type":"building","color":"1.00,0.00,0.00"}},{"type":"Feature","geometry":{"type":"Polygon","coordinates":[[[11.008373421158643,49.57760496747222],[11.008399267910322,49.57767180578113],[11.008699620993525,49.57762170343679],[11.00867377386195,49.5775548651993],[11.008373421158643,49.57760496747222]]]},"properties":{"kind":"polygon","id":"31304833","poly_type":"building","color":"1.00,0.00,0.00"}},{"type":"Feature","geometry":{"type":"Polygon","coordinates":[[[11.009042857601509,49.57757157528913],[11.009034257270693,49.57751037472462],[11.009248966144172,49.57749369246151],[11.009257566739592,49.577554893006884],[11.009042857601509,49.57757157528913]]]},"properties":{"kind":"polygon","id":"31304842","poly_type":"building","color":"1.00,0.00,0.00"}},{"type":"Feature","geometry":{"type":"Polygon","coordinates":[[[11.004811419279022,49.577799790988934],[11.005077495508681,49.578317373635514],[11.005231948821805,49.57827844454997],[11.005157239698894,49.578133201328924],[11.005097250449664,49.57801630890759],[11.005028554478558,49.577882745602906],[11.004965867508144,49.577760772381254],[11.004811419279022,49.577799790988934]]]},"properties":{"kind":"polygon","id":"31305130","poly_type":"building","color":"1.00,0.00,0.00"}},{"type":"Feature","geometry":{"type":"Polygon","coordinates":[[[11.00529209831027,49.577599404850034],[11.005420793548533,49.57783321829179],[11.005566663018557,49.577794167669595],[11.005523812662613,49.577727533542834],[11.005480870577273,49.577638412028534],[11.005437974566352,49.57756053418008],[11.00529209831027,49.577599404850034]]]},"properties":{"kind":"polygon","id":"31305135","poly_type":"building","color":"1.00,0.00,0.00"}},{"type":"Feature","geometry":{"type":"Polygon","coordinates":[[[11.005824218758805,49.577449219772056],[11.00594438572126,49.577677423328254],[11.006090296670605,49.577649525846795],[11.006058576895715,49.577587826398165],[11.006009573515872,49.57749260321853],[11.005970042495733,49.57741583664341],[11.005824218758805,49.577449219772056]]]},"properties":{"kind":"polygon","id":"31305138","poly_type":"building","color":"1.00,0.00,0.00"}},{"type":"Feature","geometry":{"type":"Polygon","coordinates":[[[11.006373575377848,49.57730449049293],[11.006476582475539,49.577549363061976],[11.006622492721515,49.57752146491731],[11.006588125428799,49.57744919673749],[11.006553811517954,49.577354618568116],[11.00651953653079,49.577271104283625],[11.006373575377848,49.57730449049293]]]},"properties":{"kind":"polygon","id":"31305140","poly_type":"building","color":"1.00,0.00,0.00"}},{"type":"Feature","geometry":{"type":"Polygon","coordinates":[[[11.006862840530633,49.577165298754764],[11.006965748829671,49.5774380589346],[11.00710308385253,49.57741021897917],[11.007084493765017,49.577338127013256],[11.007040417001871,49.57722140929479],[11.007000036614835,49.57713746132729],[11.006862840530633,49.577165298754764]]]},"properties":{"kind":"polygon","id":"31305148","poly_type":"building","color":"1.00,0.00,0.00"}},{"type":"Feature","geometry":{"type":"Polygon","coordinates":[[[11.007394894671627,49.57703732664345],[11.007575187677292,49.57752706647583],[11.00756358652259,49.577527537650305],[11.007626718291712,49.57771076172253],[11.007781253100893,49.5776941368498],[11.007738354702397,49.57759943813222],[11.007703852475043,49.577510440827076],[11.00772105313251,49.577504834938345],[11.007672067723139,49.57737641841963],[11.007627716736527,49.577259795633445],[11.007577183435945,49.57712735791814],[11.007532366556008,49.577009483795266],[11.007394894671627,49.57703732664345]]]},"properties":{"kind":"polygon","id":"31305150","poly_type":"building","color":"1.00,0.00,0.00"}},{"type":"Feature","geometry":{"type":"Polygon","coordinates":[[[11.006124541548871,49.5780224287395],[11.006312923227243,49.577987767500666],[11.006545377971621,49.57794496520465],[11.006759851677275,49.57790562278142],[11.006916239680194,49.57787682288493],[11.006914241811758,49.577888821670015],[11.007041586056125,49.57786358390957],[11.007238909644942,49.577824358196025],[11.007334832306755,49.57780542242802],[11.007283360015915,49.57771078235],[11.006854153019587,49.57778308639035],[11.006854200863776,49.57777750829733],[11.006073161651935,49.57793336379635],[11.006124541548871,49.5780224287395]]]},"properties":{"kind":"polygon","id":"31305159","poly_type":"building","color":"1.00,0.00,0.00"}},{"type":"Feature","geometry":{"type":"Polygon","coordinates":[[[11.005309301083775,49.57802243887569],[11.005446653113157,49.57827841128117],[11.005858640102387,49.578150368563975],[11.005815737377665,49.57808922276005],[11.005523751582112,49.57817821337326],[11.005463713402163,49.57806689924877],[11.005858663175887,49.57798898737988],[11.005944332188273,49.57812819300569],[11.006038781408721,49.57810028828132],[11.005910113609053,49.577911093143946],[11.005309301083775,49.57802243887569]]]},"properties":{"kind":"polygon","id":"31305297","poly_type":"building","color":"1.00,0.00,0.00"}},{"type":"Feature","geometry":{"type":"Polygon","coordinates":[[[11.007154593540921,49.57810594353887],[11.007188866545864,49.57818936771092],[11.007317715567522,49.57816707208744],[11.007471440554875,49.578137418088495],[11.007617669005795,49.57811050268922],[11.007764035533004,49.578083584707976],[11.007773290835983,49.57809673755896],[11.00789066718713,49.5780780587134],[11.007995813686499,49.578061391126795],[11.007961349759396,49.57798345780748],[11.007730252534724,49.578018863016474],[11.007721087755892,49.57801128585449],[11.007154593540921,49.57810594353887]]]},"properties":{"kind":"polygon","id":"31305620","poly_type":"building","color":"1.00,0.00,0.00"}},{"type":"Feature","geometry":{"type":"Polygon","coordinates":[[[11.007394958631474,49.578400876492346],[11.00742923226591,49.5784843005814],[11.007555934706104,49.57846698951388],[11.007728992620766,49.57844320666302],[11.007875640488495,49.57842312030914],[11.007892045675462,49.578431831183714],[11.008003307125252,49.57841919543904],[11.008115943565938,49.57840635580964],[11.008081621122047,49.578328510028335],[11.007866939849258,49.57835607428207],[11.00784980265559,49.57833963990393],[11.007394958631474,49.578400876492346]]]},"properties":{"kind":"polygon","id":"31305623","poly_type":"building","color":"1.00,0.00,0.00"}},{"type":"Feature","geometry":{"type":"Polygon","coordinates":[[[11.007446429117978,49.578734799108354],[11.007480788498814,49.57884053074183],[11.007643859021782,49.57881269339625],[11.00782408640025,49.57878491789759],[11.00796137325756,49.578762565086954],[11.007969946877788,49.57877932798678],[11.008098428593703,49.578761535668505],[11.008210260171136,49.57874592128983],[11.008175946983807,49.578634611799544],[11.007926519458769,49.57867177484287],[11.007909950111701,49.57866243713113],[11.007446429117978,49.578734799108354]]]},"properties":{"kind":"polygon","id":"31305624","poly_type":"building","color":"1.00,0.00,0.00"}},{"type":"Feature","geometry":{"type":"Polygon","coordinates":[[[11.007549408512912,49.579063060257575],[11.007600835060403,49.579163278262925],[11.007762835555818,49.579132940559596],[11.00795874255162,49.57909616703794],[11.008096992255682,49.57907028908232],[11.008090195835312,49.579063120621875],[11.008200326579878,49.57904312794088],[11.008304691541863,49.57902422475451],[11.008270417120666,49.578923979192076],[11.008047350647741,49.57896302375555],[11.008047251547216,49.57897409004521],[11.007549408512912,49.579063060257575]]]},"properties":{"kind":"polygon","id":"31305627","poly_type":"building","color":"1.00,0.00,0.00"}},{"type":"Feature","geometry":{"type":"Polygon","coordinates":[[[11.007566554954415,49.57944714404687],[11.007566561465055,49.579541687521],[11.007695361116472,49.57954170140234],[11.007918511224975,49.57954169691916],[11.00805575127458,49.579541743826205],[11.008055846680342,49.57953058764575],[11.008184646286418,49.57953060098271],[11.008287575371183,49.57953061346881],[11.008287563776907,49.57943598012031],[11.008055839224566,49.57943604418341],[11.008055740128194,49.57944711047221],[11.007566554954415,49.57944714404687]]]},"properties":{"kind":"polygon","id":"31305632","poly_type":"building","color":"1.00,0.00,0.00"}},{"type":"Feature","geometry":{"type":"Polygon","coordinates":[[[11.007103116697014,49.57917443257394],[11.007188879389545,49.579541673700554],[11.007351947313456,49.579530568612306],[11.007327998813276,49.57943581084594],[11.00728604170215,49.57926967071469],[11.007257652625945,49.57915771845225],[11.007103116697014,49.57917443257394]]]},"properties":{"kind":"polygon","id":"31305634","poly_type":"building","color":"1.00,0.00,0.00"}},{"type":"Feature","geometry":{"type":"Polygon","coordinates":[[[11.00693145342847,49.57866241328727],[11.007051609622582,49.57905199665647],[11.007197476173921,49.57902967583253],[11.007159644184595,49.57890673284324],[11.007116579054644,49.578767508662416],[11.007068834497648,49.57864572712035],[11.00693145342847,49.57866241328727]]]},"properties":{"kind":"polygon","id":"31305636","poly_type":"building","color":"1.00,0.00,0.00"}},{"type":"Feature","geometry":{"type":"Polygon","coordinates":[[[11.006777026810163,49.57818940545425],[11.006897056485924,49.57854561757635],[11.00704305985395,49.57852329456539],[11.00700929353727,49.5784286170836],[11.006957840619014,49.578283871124874],[11.006914364043938,49.57816156569833],[11.006777026810163,49.57818940545425]]]},"properties":{"kind":"polygon","id":"31305647","poly_type":"building","color":"1.00,0.00,0.00"}},{"type":"Feature","geometry":{"type":"Polygon","coordinates":[[[11.008158742632826,49.57913551474294],[11.008158748254882,49.57935806541299],[11.008236083042751,49.57935807240719],[11.008236077068815,49.579135521741584],[11.008158742632826,49.57913551474294]]]},"properties":{"kind":"polygon","id":"31305725","poly_type":"building","color":"1.00,0.00,0.00"}},{"type":"Feature","geometry":{"type":"Polygon","coordinates":[[[11.005480962257822,49.578484265210136],[11.005515245819288,49.5785511378047],[11.005717706969108,49.57850552874489],[11.005969104124556,49.578448905858004],[11.006133184371482,49.57841196759229],[11.006143360926647,49.57842060680487],[11.006269960452943,49.57839403348044],[11.006414664148489,49.57836363777328],[11.006502308361686,49.57834520609399],[11.006459410082376,49.57826732866158],[11.006099945190675,49.57834696613961],[11.006090234997723,49.57833957821855],[11.005480962257822,49.578484265210136]]]},"properties":{"kind":"polygon","id":"31306010","poly_type":"building","color":"1.00,0.00,0.00"}},{"type":"Feature","geometry":{"type":"Polygon","coordinates":[[[11.00622756797814,49.57855111185276],[11.006313475744802,49.578884977496216],[11.006459388323488,49.5788739012837],[11.006433934017366,49.57876261757249],[11.006407926858415,49.57865134344201],[11.006382102278106,49.57853439892003],[11.00622756797814,49.57855111185276]]]},"properties":{"kind":"polygon","id":"31306017","poly_type":"building","color":"1.00,0.00,0.00"}},{"type":"Feature","geometry":{"type":"Polygon","coordinates":[[[11.006347784902747,49.578996287585575],[11.006425032755965,49.57932472604564],[11.006553789377154,49.57931358741892],[11.006527643370463,49.579202315730114],[11.006498839410094,49.579080205474604],[11.006476544368907,49.57898523894677],[11.006347784902747,49.578996287585575]]]},"properties":{"kind":"polygon","id":"31306021","poly_type":"building","color":"1.00,0.00,0.00"}},{"type":"Feature","geometry":{"type":"Polygon","coordinates":[[[11.006510930746655,49.57946941457671],[11.006708231597566,49.579864496951416],[11.006862778805795,49.57983114134634],[11.006800836685324,49.579707267129685],[11.006712208931091,49.57952979228181],[11.006665334923152,49.57943597175301],[11.006510930746655,49.57946941457671]]]},"properties":{"kind":"polygon","id":"31306042","poly_type":"building","color":"1.00,0.00,0.00"}},{"type":"Feature","geometry":{"type":"Polygon","coordinates":[[[11.007000053397533,49.579858985262426],[11.007618091003714,49.57985338989791],[11.007909965194386,49.57982556595478],[11.007918503395834,49.57992571853215],[11.00777325544227,49.579939573668],[11.007626632304113,49.57995363239566],[11.007472154404095,49.57995496354298],[11.007309105137185,49.579956443195876],[11.00714605585356,49.57995792261907],[11.007008727993284,49.5799591355316],[11.007000053397533,49.579858985262426]]]},"properties":{"kind":"polygon","id":"31306051","poly_type":"building","color":"1.00,0.00,0.00"}},{"type":"Feature","geometry":{"type":"Polygon","coordinates":[[[11.008150170097181,49.57985342122074],[11.008158820373355,49.58002031906859],[11.008141662893502,49.580020257049135],[11.00815016415989,49.58023744279128],[11.008141723630207,49.58023740938215],[11.008151099586522,49.580432090977375],[11.008141694971437,49.58043216425759],[11.008150254820146,49.58059348639983],[11.00830465180291,49.58059350509821],[11.008296194769203,49.58051557023676],[11.008296229694151,49.58043218057404],[11.008305496059757,49.58043210968104],[11.0083006970409,49.580332072141466],[11.00829625773757,49.58023742570632],[11.008304694576315,49.580237369212405],[11.008300543929318,49.58012616589145],[11.008296247679707,49.5800147851843],[11.00831326321876,49.58001475968882],[11.008313294449037,49.57993128012787],[11.008313325683455,49.579847800565794],[11.008150170097181,49.57985342122074]]]},"properties":{"kind":"polygon","id":"31306055","poly_type":"building","color":"1.00,0.00,0.00"}},{"type":"Feature","geometry":{"type":"Polygon","coordinates":[[[11.005266337642196,49.5786178815682],[11.005403680670211,49.57859013347369],[11.005446571815162,49.57868474319577],[11.005498085968542,49.57877371612242],[11.00554955232311,49.578868267115844],[11.005538116670255,49.57887278322883],[11.005586104900269,49.57897360144948],[11.005635372454991,49.57908537208301],[11.005686933376415,49.57918558859137],[11.005541013940158,49.57921339572576],[11.005397073491562,49.57890140521709],[11.005412215977156,49.578896195174984],[11.005266337642196,49.5786178815682]]]},"properties":{"kind":"polygon","id":"31306065","poly_type":"building","color":"1.00,0.00,0.00"}},{"type":"Feature","geometry":{"type":"Polygon","coordinates":[[[11.005609698191444,49.579380332528245],[11.005631730203898,49.57945542353323],[11.005657610953111,49.57954340145182],[11.005678356541035,49.579614106912416],[11.005661154905837,49.579619712507764],[11.005772676896111,49.58001484413974],[11.00594441771476,49.579992526122595],[11.005901448968213,49.57985896706964],[11.005867241671512,49.579719768793844],[11.005824225439383,49.57959178779306],[11.005841430731541,49.57958627206571],[11.005772723684721,49.5793580758793],[11.005609698191444,49.579380332528245]]]},"properties":{"kind":"polygon","id":"31306071","poly_type":"building","color":"1.00,0.00,0.00"}},{"type":"Feature","geometry":{"type":"Polygon","coordinates":[[[11.006047373697296,49.57992570296715],[11.006056050046872,49.580025943222985],[11.006201866576502,49.58002593358506],[11.00636497514887,49.58002589375955],[11.006502354858442,49.580025940094885],[11.006493677595168,49.57992569988404],[11.006047373697296,49.57992570296715]]]},"properties":{"kind":"polygon","id":"31306074","poly_type":"building","color":"1.00,0.00,0.00"}},{"type":"Feature","geometry":{"type":"Polygon","coordinates":[[[11.005875720938342,49.579302406672106],[11.005901561573468,49.57936915566034],[11.006253392125682,49.57931906679064],[11.006167548502317,49.579057614456765],[11.005807141143595,49.579107671859745],[11.005832843329252,49.57917442326465],[11.006090313639069,49.57914099340477],[11.006133191887114,49.57926897670937],[11.005875720938342,49.579302406672106]]]},"properties":{"kind":"polygon","id":"31306270","poly_type":"building","color":"1.00,0.00,0.00"}},{"type":"Feature","geometry":{"type":"Polygon","coordinates":[[[11.005867176777251,49.580204002087605],[11.0059186722093,49.580565721164334],[11.006055963129622,49.58056019231634],[11.00604005162253,49.58044883304074],[11.006009200142742,49.58031389450882],[11.005995887916502,49.58019844214433],[11.005867176777251,49.580204002087605]]]},"properties":{"kind":"polygon","id":"31306571","poly_type":"building","color":"1.00,0.00,0.00"}},{"type":"Feature","geometry":{"type":"Polygon","coordinates":[[[11.005970233290371,49.580777212866295],[11.005978714654463,49.58067703495567],[11.006991521271216,49.58077722239966],[11.006965788540446,49.5808884943472],[11.006808735901044,49.580870978536346],[11.006612763111054,49.580849010057605],[11.006343884682083,49.580820389443744],[11.006148271728815,49.58079706460231],[11.005970233290371,49.580777212866295]]]},"properties":{"kind":"polygon","id":"31306578","poly_type":"building","color":"1.00,0.00,0.00"}},{"type":"Feature","geometry":{"type":"Polygon","coordinates":[[[11.007291967267976,49.58089408022108],[11.007283382332037,49.58079950568912],[11.007961382264606,49.5807882804668],[11.00796139083676,49.58077163849038],[11.008253217810749,49.58076612357454],[11.0082532686208,49.580871820789476],[11.008103436702365,49.58087181274025],[11.007961350476746,49.58087176002356],[11.007961492678746,49.58087859419821],[11.007802822061272,49.580882337390776],[11.007528181610748,49.58088863242327],[11.007291967267976,49.58089408022108]]]},"properties":{"kind":"polygon","id":"31306582","poly_type":"building","color":"1.00,0.00,0.00"}},{"type":"Feature","geometry":{"type":"Polygon","coordinates":[[[11.007240442832405,49.58045437052911],[11.007240404666211,49.58055458197764],[11.007412093791887,49.58055457172921],[11.007712446978818,49.58055457745359],[11.007884136083483,49.5805545665046],[11.007884176620667,49.580454444964275],[11.007240442832405,49.58045437052911]]]},"properties":{"kind":"polygon","id":"31306607","poly_type":"building","color":"1.00,0.00,0.00"}},{"type":"Feature","geometry":{"type":"Polygon","coordinates":[[[11.007240379489076,49.580270771790154],[11.007240460332017,49.58018171411944],[11.007875659484823,49.5801761794805],[11.00787553207655,49.58027081522692],[11.007738289974954,49.58027076813188],[11.007437938532902,49.580270762452635],[11.007240379489076,49.580270771790154]]]},"properties":{"kind":"polygon","id":"31306611","poly_type":"building","color":"1.00,0.00,0.00"}},{"type":"Feature","geometry":{"type":"Polygon","coordinates":[[[11.006794114450656,49.580615757634504],[11.006751200264409,49.580237428162995],[11.00681986728415,49.580231829280194],[11.006862737846358,49.580615826702264],[11.006794114450656,49.580615757634504]]]},"properties":{"kind":"polygon","id":"31306612","poly_type":"building","color":"1.00,0.00,0.00"}},{"type":"Feature","geometry":{"type":"Polygon","coordinates":[[[11.00700869435369,49.580615813627155],[11.006974449250611,49.58022626927967],[11.00704297797683,49.58022067266313],[11.007077452306978,49.58061579027747],[11.00700869435369,49.580615813627155]]]},"properties":{"kind":"polygon","id":"31306614","poly_type":"building","color":"1.00,0.00,0.00"}},{"type":"Feature","geometry":{"type":"Polygon","coordinates":[[[11.006141780584482,49.58023738213325],[11.006124645194646,49.58029857934189],[11.006510930980843,49.58035979732187],[11.00658808801451,49.58012610328696],[11.006493693904158,49.58011496665223],[11.006433533223944,49.58028746578059],[11.006141780584482,49.58023738213325]]]},"properties":{"kind":"polygon","id":"31306930","poly_type":"building","color":"1.00,0.00,0.00"}},{"type":"Feature","geometry":{"type":"Polygon","coordinates":[[[11.008639501418461,49.58084397633546],[11.008738722654648,49.580844592540835],[11.008867416983186,49.58084532660812],[11.0089789535444,49.58084599864062],[11.008978946964252,49.58085931221817],[11.00915443835421,49.58086427089111],[11.00929306619627,49.58086096388123],[11.009442413120997,49.58085926965127],[11.009588235700145,49.58085934560528],[11.009588359761924,49.580764709907875],[11.008978886360639,49.580770256995315],[11.008978952013736,49.58075838168518],[11.008639441433777,49.5807549211044],[11.008639501418461,49.58084397633546]]]},"properties":{"kind":"polygon","id":"31307129","poly_type":"building","color":"1.00,0.00,0.00"}},{"type":"Feature","geometry":{"type":"Polygon","coordinates":[[[11.009433799970626,49.580575518618346],[11.00957975626014,49.58057550230089],[11.009579655714525,49.580458561451586],[11.009579661951145,49.58031391234505],[11.009579758921012,49.5801748389219],[11.009579662740585,49.58004116620167],[11.009425132996805,49.5800412414758],[11.009433799970626,49.580575518618346]]]},"properties":{"kind":"polygon","id":"31307175","poly_type":"building","color":"1.00,0.00,0.00"}},{"type":"Feature","geometry":{"type":"Polygon","coordinates":[[[11.008601360735282,49.58044748349801],[11.009073263599522,49.58044747583439],[11.009073324357042,49.58053653105973],[11.008918789335329,49.580536515785504],[11.008712926962469,49.5805364918984],[11.008601282384404,49.58053654113457],[11.008601360735282,49.58044748349801]]]},"properties":{"kind":"polygon","id":"31307178","poly_type":"building","color":"1.00,0.00,0.00"}},{"type":"Feature","geometry":{"type":"Polygon","coordinates":[[[11.008592761141989,49.580258275758965],[11.0086956917474,49.58025828786262],[11.008953156497537,49.58025831532051],[11.009090533078517,49.580258268682286],[11.009090562969888,49.58017478914118],[11.00859265363484,49.580174798607395],[11.008592761141989,49.580258275758965]]]},"properties":{"kind":"polygon","id":"31307188","poly_type":"building","color":"1.00,0.00,0.00"}},{"type":"Feature","geometry":{"type":"Polygon","coordinates":[[[11.008824425102151,49.57992987286684],[11.008970347908535,49.57992571992198],[11.00913351879516,49.57992720435667],[11.00927939030088,49.57992853921923],[11.009433840531123,49.57992990481279],[11.009433735298659,49.57984651756735],[11.008824459155852,49.57984648320736],[11.008824425102151,49.57992987286684]]]},"properties":{"kind":"polygon","id":"31307190","poly_type":"building","color":"1.00,0.00,0.00"}},{"type":"Feature","geometry":{"type":"Polygon","coordinates":[[[11.009691274625657,49.58001341018133],[11.009734189725517,49.57992990533646],[11.010274950655491,49.580030076854385],[11.010232127196668,49.58011915757333],[11.010106887212416,49.580094706628806],[11.009958913510964,49.58006579288207],[11.009831439668677,49.58004084071338],[11.009691274625657,49.58001341018133]]]},"properties":{"kind":"polygon","id":"31307197","poly_type":"building","color":"1.00,0.00,0.00"}},{"type":"Feature","geometry":{"type":"Polygon","coordinates":[[[11.010395156611983,49.58036964049195],[11.010532486034782,49.580375170224286],[11.010592430117136,49.57996887738745],[11.010446661352928,49.579963314470035],[11.010429507885304,49.58009125990499],[11.01041230655093,49.580241605173875],[11.010395156611983,49.58036964049195]]]},"properties":{"kind":"polygon","id":"31307200","poly_type":"building","color":"1.00,0.00,0.00"}},{"type":"Feature","geometry":{"type":"Polygon","coordinates":[[[11.010618251566543,49.5803917609147],[11.010755584764071,49.58039738027273],[11.01066978277482,49.580915038114206],[11.010532448128764,49.580909418673045],[11.010554756812652,49.580775626478335],[11.01057678888673,49.58064183908296],[11.010601106108385,49.58050306439639],[11.010618251566543,49.5803917609147]]]},"properties":{"kind":"polygon","id":"31307223","poly_type":"building","color":"1.00,0.00,0.00"}},{"type":"Feature","geometry":{"type":"Polygon","coordinates":[[[11.009991724969314,49.580258268109745],[11.009828677320478,49.58074803161089],[11.009905915601571,49.58075910374379],[11.009845857039442,49.58093718017209],[11.009923103011621,49.580948432072674],[11.01010335171968,49.58045306220805],[11.010026110189305,49.58044190030924],[11.010077541287895,49.58026937101049],[11.009991724969314,49.580258268109745]]]},"properties":{"kind":"polygon","id":"31307784","poly_type":"building","color":"1.00,0.00,0.00"}},{"type":"Feature","geometry":{"type":"Polygon","coordinates":[[[11.010214857393555,49.580469835677846],[11.010292095313162,49.58048090755783],[11.010111939667002,49.580965031626164],[11.010034559072587,49.58095387214611],[11.010214857393555,49.580469835677846]]]},"properties":{"kind":"polygon","id":"31307818","poly_type":"building","color":"1.00,0.00,0.00"}},{"type":"Feature","geometry":{"type":"Polygon","coordinates":[[[11.014842921593614,49.57212453823109],[11.01499738681579,49.572308236836896],[11.015194321011531,49.57224345665286],[11.015039862673609,49.572059938097915],[11.014842921593614,49.57212453823109]]]},"properties":{"kind":"polygon","id":"31309249","poly_type":"building","color":"1.00,0.00,0.00"}},{"type":"Feature","geometry":{"type":"Polygon","coordinates":[[[11.015872964672695,49.571951960255554],[11.015915796611061,49.57239730578047],[11.01593295730022,49.57255865770121],[11.016327741551422,49.572541972643045],[11.016319228858775,49.57245288464322],[11.016842792727235,49.57243620221268],[11.016817048757686,49.57206333352473],[11.017014344415228,49.57205773498467],[11.017005798807448,49.571907477499856],[11.015872964672695,49.571951960255554]]]},"properties":{"kind":"polygon","id":"31309329","poly_type":"building","color":"1.00,0.00,0.00"}},{"type":"Feature","geometry":{"type":"Polygon","coordinates":[[[11.016062178797819,49.573076261677244],[11.016062165496772,49.573166577733964],[11.016062156581903,49.57329728395645],[11.016062204914023,49.57338238148826],[11.01632779586611,49.5733824306552],[11.016327768087999,49.57307631086528],[11.016062178797819,49.573076261677244]]]},"properties":{"kind":"polygon","id":"31309346","poly_type":"building","color":"1.00,0.00,0.00"}},{"type":"Feature","geometry":{"type":"Polygon","coordinates":[[[11.018679471834774,49.573861096472335],[11.018851194543187,49.57380547572227],[11.019022913145816,49.57374976483044],[11.019211698503042,49.573688628316255],[11.019366218352099,49.573638524490725],[11.019297433092463,49.57356056379994],[11.018602298156527,49.573777614513],[11.018679471834774,49.573861096472335]]]},"properties":{"kind":"polygon","id":"31309348","poly_type":"building","color":"1.00,0.00,0.00"}},{"type":"Feature","geometry":{"type":"Polygon","coordinates":[[[11.019700889640365,49.57354938312122],[11.019886040469768,49.57349406613252],[11.020046050097546,49.573446294355904],[11.02020346276893,49.573399287352395],[11.020353223459264,49.57335457270688],[11.020284625320203,49.57327112200852],[11.01963229231933,49.573465932028],[11.019700889640365,49.57354938312122]]]},"properties":{"kind":"polygon","id":"31309353","poly_type":"building","color":"1.00,0.00,0.00"}},{"type":"Feature","geometry":{"type":"Polygon","coordinates":[[[11.019709540883891,49.573031805002636],[11.019649426241259,49.572942718509154],[11.020370410708834,49.57274239157728],[11.020421857019109,49.572825871900726],[11.020267529100085,49.572870486490565],[11.020070032536136,49.572931596951584],[11.019881366193252,49.57298211800322],[11.019709540883891,49.573031805002636]]]},"properties":{"kind":"polygon","id":"31309361","poly_type":"building","color":"1.00,0.00,0.00"}},{"type":"Feature","geometry":{"type":"Polygon","coordinates":[[[11.01935759260411,49.57303740896736],[11.019409083948766,49.573115311671],[11.019247441023838,49.57316706914314],[11.019047849010116,49.57323109300983],[11.018858490022213,49.57329169954214],[11.018679509784686,49.57334906616009],[11.018619492017532,49.57326564468148],[11.01935759260411,49.57303740896736]]]},"properties":{"kind":"polygon","id":"31309370","poly_type":"building","color":"1.00,0.00,0.00"}},{"type":"Feature","geometry":{"type":"Polygon","coordinates":[[[11.016130338308786,49.57347150998364],[11.016130358863544,49.57358278519245],[11.01629344922961,49.57358282153176],[11.01644796199133,49.573582827232805],[11.016447937009373,49.57347146214179],[11.016130338308786,49.57347150998364]]]},"properties":{"kind":"polygon","id":"31309384","poly_type":"building","color":"1.00,0.00,0.00"}},{"type":"Feature","geometry":{"type":"Polygon","coordinates":[[[11.017289126793745,49.57314312093912],[11.01735781496696,49.573232239049894],[11.017535653976301,49.573184069897444],[11.017724032345576,49.57313319788875],[11.017872735912565,49.57309300269908],[11.017804050720816,49.57300397479281],[11.017289126793745,49.57314312093912]]]},"properties":{"kind":"polygon","id":"31309406","poly_type":"building","color":"1.00,0.00,0.00"}},{"type":"Feature","geometry":{"type":"Polygon","coordinates":[[[11.018791097838884,49.572731190114304],[11.018859834607714,49.57281472922677],[11.019036352337796,49.57276478168495],[11.019201657577623,49.57271799811752],[11.019331958761711,49.572681090769024],[11.019271848960727,49.57259209395133],[11.018791097838884,49.572731190114304]]]},"properties":{"kind":"polygon","id":"31309409","poly_type":"building","color":"1.00,0.00,0.00"}},{"type":"Feature","geometry":{"type":"Polygon","coordinates":[[[11.019537949630466,49.57253086676442],[11.019597878913917,49.57262553382826],[11.019739242241931,49.57258519448933],[11.019898332529174,49.57254202670512],[11.020083766932435,49.57248697428915],[11.02023853077263,49.572442892061055],[11.020378936585038,49.5724028385225],[11.02031896347779,49.572313839850814],[11.019537949630466,49.57253086676442]]]},"properties":{"kind":"polygon","id":"31309413","poly_type":"building","color":"1.00,0.00,0.00"}},{"type":"Feature","geometry":{"type":"Polygon","coordinates":[[[11.019374859457695,49.57226933280734],[11.019443449854856,49.57236942604682],[11.019594992059407,49.572331068146426],[11.019802802685316,49.57227859410568],[11.019949827430606,49.5722413940783],[11.01988123248289,49.57214121125659],[11.019374859457695,49.57226933280734]]]},"properties":{"kind":"polygon","id":"31309416","poly_type":"building","color":"1.00,0.00,0.00"}},{"type":"Feature","geometry":{"type":"Polygon","coordinates":[[[11.01920305688739,49.572286004805456],[11.01926316617152,49.5723750016697],[11.019133448319346,49.57241261841352],[11.018940847610796,49.57246833409918],[11.018782559073287,49.572514185254086],[11.018722493272344,49.57241952015632],[11.01920305688739,49.572286004805456]]]},"properties":{"kind":"polygon","id":"31309425","poly_type":"building","color":"1.00,0.00,0.00"}},{"type":"Feature","geometry":{"type":"Polygon","coordinates":[[[11.017289102068478,49.57278689555556],[11.017366311379117,49.572898174173396],[11.017530140093697,49.57284907989702],[11.017711181130089,49.57279473761494],[11.017829778934901,49.57275911555089],[11.01776118753322,49.57265893143465],[11.017289102068478,49.57278689555556]]]},"properties":{"kind":"polygon","id":"31309431","poly_type":"building","color":"1.00,0.00,0.00"}},{"type":"Feature","geometry":{"type":"Polygon","coordinates":[[[11.018095907920467,49.57200765859099],[11.018102665188298,49.57214130533878],[11.018110330885218,49.57229697546441],[11.018118142286694,49.57245282295644],[11.018124531607125,49.57258089883935],[11.018130231325681,49.57269225492847],[11.018301896078492,49.572692318759344],[11.018267570272577,49.57200772250325],[11.018095907920467,49.57200765859099]]]},"properties":{"kind":"polygon","id":"31309432","poly_type":"building","color":"1.00,0.00,0.00"}},{"type":"Feature","geometry":{"type":"Polygon","coordinates":[[[11.017151815424354,49.57264769855406],[11.017100242166427,49.57254757715085],[11.017469354491348,49.572458471408446],[11.017452204277387,49.571951958232006],[11.017623866461843,49.57195202310203],[11.017649614837303,49.572341623389576],[11.017658160887537,49.57250861263929],[11.017399791533798,49.57257959583427],[11.017151815424354,49.57264769855406]]]},"properties":{"kind":"polygon","id":"31309446","poly_type":"building","color":"1.00,0.00,0.00"}},{"type":"Feature","geometry":{"type":"Polygon","coordinates":[[[11.017546663998287,49.57378316482531],[11.017409305910283,49.573783221274915],[11.017414127927388,49.5738666163603],[11.01747789993986,49.573866673724446],[11.017477831998953,49.57397237321203],[11.017580887372803,49.57397237516706],[11.017580896062494,49.573922269521894],[11.017735409844951,49.57392227348969],[11.0177353390031,49.573816576418956],[11.017675306667744,49.57381663388883],[11.017675456251597,49.57372298707764],[11.017555054963871,49.573724996871526],[11.017546663998287,49.57378316482531]]]},"properties":{"kind":"polygon","id":"31309448","poly_type":"building","color":"1.00,0.00,0.00"}},{"type":"Feature","geometry":{"type":"Polygon","coordinates":[[[11.016568143104745,49.57415609101689],[11.016413628537169,49.57415608549931],[11.016413616601612,49.57422292300743],[11.016473649456628,49.57422286618599],[11.016473674548743,49.57433423126263],[11.016576730711652,49.57433423410259],[11.016576643225871,49.57429519472824],[11.016739735948487,49.574295230408254],[11.01673984459189,49.57421732662592],[11.016688247520785,49.5742173264933],[11.01668835821404,49.57412269086012],[11.01657660994941,49.5741198710827],[11.016568143104745,49.57415609101689]]]},"properties":{"kind":"polygon","id":"31309458","poly_type":"building","color":"1.00,0.00,0.00"}},{"type":"Feature","geometry":{"type":"Polygon","coordinates":[[[11.017357758728233,49.574740532289646],[11.0171775126539,49.574740526688494],[11.017177496289492,49.57482400613062],[11.017237533575774,49.57482403879478],[11.017237556741783,49.57493531394694],[11.017357766110866,49.57493528687658],[11.017357773272137,49.57490191308029],[11.017538019932719,49.57490191839303],[11.017538035677932,49.57481843895971],[11.017469282358027,49.5748183785321],[11.01746925867294,49.574707103384554],[11.017357762186847,49.574707068600944],[11.017357758728233,49.574740532289646]]]},"properties":{"kind":"polygon","id":"31309464","poly_type":"building","color":"1.00,0.00,0.00"}},{"type":"Feature","geometry":{"type":"Polygon","coordinates":[[[11.018336148126405,49.574350869952795],[11.018173058992678,49.5743509264172],[11.018173141138456,49.57442333956589],[11.01822460017593,49.57442334144484],[11.018224625559691,49.5745346165756],[11.018336256151269,49.57453455822583],[11.018336170964593,49.5744956087632],[11.018507838328045,49.5744955823169],[11.018507897623234,49.57442325665512],[11.018439148583402,49.57442328668824],[11.018439257241507,49.574311919258726],[11.01833620117526,49.574311918077456],[11.018336148126405,49.574350869952795]]]},"properties":{"kind":"polygon","id":"31309473","poly_type":"building","color":"1.00,0.00,0.00"}},{"type":"Feature","geometry":{"type":"Polygon","coordinates":[[[11.016078913360861,49.57288148517719],[11.016078933884982,49.57278127382991],[11.016078911314553,49.57268673046053],[11.016345047689677,49.57268668010907],[11.016345054499961,49.57288152470376],[11.016078913360861,49.57288148517719]]]},"properties":{"kind":"polygon","id":"31310139","poly_type":"building","color":"1.00,0.00,0.00"}},{"type":"Feature","geometry":{"type":"Polygon","coordinates":[[[11.017745858285005,49.58085337767873],[11.017917453365014,49.58088123980849],[11.017797352772098,49.58122633635502],[11.017625706223292,49.58120396225074],[11.017685783236887,49.58102030406722],[11.017745858285005,49.58085337767873]]]},"properties":{"kind":"polygon","id":"31315163","poly_type":"building","color":"1.00,0.00,0.00"}},{"type":"Feature","geometry":{"type":"Polygon","coordinates":[[[11.017762956179185,49.580402580277664],[11.018964608611292,49.5803246748633],[11.018913161422002,49.579929586632964],[11.018758673993684,49.57994073822422],[11.018724262604778,49.57972373525849],[11.01783173726277,49.57977933550745],[11.017849353848232,49.57988778497055],[11.017866053082148,49.57999076311792],[11.017694411445284,49.58000194260489],[11.017724847899999,49.58017970443317],[11.017762956179185,49.580402580277664]]]},"properties":{"kind":"polygon","id":"31315187","poly_type":"building","color":"1.00,0.00,0.00"}},{"type":"Feature","geometry":{"type":"Polygon","coordinates":[[[11.01730803997888,49.57934516526239],[11.017320807818999,49.57942329424851],[11.017325350331326,49.579506604185546],[11.018312261542139,49.57947877688464],[11.018286546235347,49.57911706288902],[11.018029133222239,49.579128209876586],[11.018037768969101,49.57931741648853],[11.01730803997888,49.57934516526239]]]},"properties":{"kind":"polygon","id":"31315202","poly_type":"building","color":"1.00,0.00,0.00"}},{"type":"Feature","geometry":{"type":"Polygon","coordinates":[[[11.01982302801634,49.57950656509379],[11.019788629374801,49.579172709407906],[11.019977378332316,49.579167165203586],[11.019986033747273,49.579256160432514],[11.01999466590941,49.579334541263606],[11.020003168301141,49.579423179337205],[11.020011781967625,49.57950111070847],[11.01982302801634,49.57950656509379]]]},"properties":{"kind":"polygon","id":"31315405","poly_type":"building","color":"1.00,0.00,0.00"}},{"type":"Feature","geometry":{"type":"Polygon","coordinates":[[[11.018784366691126,49.57933974408758],[11.01878446694373,49.579278482343106],[11.018844509673777,49.57927851410389],[11.018921705878256,49.5792785163686],[11.018999040325907,49.579278516169296],[11.018998936631833,49.57933968801936],[11.018784366691126,49.57933974408758]]]},"properties":{"kind":"polygon","id":"31315613","poly_type":"building","color":"1.00,0.00,0.00"}},{"type":"Feature","geometry":{"type":"Polygon","coordinates":[[[11.018775776930871,49.57911149583681],[11.018775768424824,49.57917833325029],[11.018853102717,49.579178333150544],[11.01892172018811,49.579178305199136],[11.018990337657923,49.57917827720699],[11.018990349580951,49.579111529688426],[11.018775776930871,49.57911149583681]]]},"properties":{"kind":"polygon","id":"31315631","poly_type":"building","color":"1.00,0.00,0.00"}},{"type":"Feature","geometry":{"type":"Polygon","coordinates":[[[11.019059057648805,49.5791338091484],[11.01926505181449,49.57913381228628],[11.019265086692446,49.579194981720974],[11.019187752382207,49.57919498209646],[11.01912771347028,49.57919504040372],[11.019059092269146,49.57919497858643],[11.019059057648805,49.5791338091484]]]},"properties":{"kind":"polygon","id":"31315641","poly_type":"building","color":"1.00,0.00,0.00"}},{"type":"Feature","geometry":{"type":"Polygon","coordinates":[[[11.01850116674268,49.57909478774051],[11.018501200663819,49.579155957187936],[11.018578396681718,49.57915595968421],[11.018647156080446,49.579156019375255],[11.018715635279642,49.579155993958544],[11.018715739334542,49.57909482210241],[11.01850116674268,49.57909478774051]]]},"properties":{"kind":"polygon","id":"31315651","poly_type":"building","color":"1.00,0.00,0.00"}},{"type":"Feature","geometry":{"type":"Polygon","coordinates":[[[11.019299362370575,49.579133843139466],[11.01951393137877,49.579133786127485],[11.019513970279142,49.57919504544933],[11.019436635973795,49.57919504599119],[11.01937659335505,49.579195014536445],[11.019299397291444,49.5791950125736],[11.019299362370575,49.579133843139466]]]},"properties":{"kind":"polygon","id":"31315850","poly_type":"building","color":"1.00,0.00,0.00"}},{"type":"Feature","geometry":{"type":"Polygon","coordinates":[[[11.01931653824818,49.579278462386064],[11.01938515956219,49.57927852404915],[11.01944533681695,49.57927846319394],[11.01952253300935,49.579278465057726],[11.01952243368121,49.57933972679112],[11.019316576906878,49.57933972170968],[11.01931653824818,49.579278462386064]]]},"properties":{"kind":"polygon","id":"31315878","poly_type":"building","color":"1.00,0.00,0.00"}},{"type":"Feature","geometry":{"type":"Polygon","coordinates":[[[11.019050504460344,49.57927851761608],[11.019119122068378,49.57927848954578],[11.019187739675116,49.57927846143479],[11.019265074117346,49.57927846105764],[11.019265112711585,49.579339720382066],[11.019050539075517,49.57933968705281],[11.019050504460344,49.57927851761608]]]},"properties":{"kind":"polygon","id":"31315901","poly_type":"building","color":"1.00,0.00,0.00"}},{"type":"Feature","geometry":{"type":"Polygon","coordinates":[[[11.019299356043717,49.57944536068678],[11.019514068374852,49.57944539113553],[11.019513965330837,49.57950656297622],[11.019445347410088,49.579506591284776],[11.019368012610766,49.579506591787016],[11.019299394687296,49.57950662000899],[11.019299356043717,49.57944536068678]]]},"properties":{"kind":"polygon","id":"31315907","poly_type":"building","color":"1.00,0.00,0.00"}},{"type":"Feature","geometry":{"type":"Polygon","coordinates":[[[11.019024742725128,49.579445385684615],[11.019247891737042,49.57944535935294],[11.019247930316162,49.579506618675985],[11.01917917043452,49.57950655934829],[11.01909339895331,49.579506616952195],[11.019024639069103,49.57950655753264],[11.019024742725128,49.579445385684615]]]},"properties":{"kind":"polygon","id":"31315925","poly_type":"building","color":"1.00,0.00,0.00"}},{"type":"Feature","geometry":{"type":"Polygon","coordinates":[[[11.018767144676094,49.579445383000035],[11.01899043194822,49.57944535475275],[11.01899033195952,49.57950661649247],[11.018921714029082,49.57950664449044],[11.018835938831735,49.57950661201225],[11.018767182653093,49.57950664233088],[11.018767144676094,49.579445383000035]]]},"properties":{"kind":"polygon","id":"31315941","poly_type":"building","color":"1.00,0.00,0.00"}},{"type":"Feature","geometry":{"type":"Polygon","coordinates":[[[11.01852684210029,49.57944543781402],[11.01874155076449,49.57944537980537],[11.018741450464056,49.579506641548846],[11.018664253895926,49.57950663916841],[11.018595632249953,49.57950657708174],[11.018526876066927,49.57950660725754],[11.01852684210029,49.57944543781402]]]},"properties":{"kind":"polygon","id":"31315955","poly_type":"building","color":"1.00,0.00,0.00"}},{"type":"Feature","geometry":{"type":"Polygon","coordinates":[[[11.0185268697577,49.57927847911233],[11.018595629329525,49.57927853883183],[11.01866424694594,49.57927851103133],[11.018741443154013,49.57927851341635],[11.018741477382664,49.579339682858055],[11.018526907427367,49.57933973844874],[11.0185268697577,49.57927847911233]]]},"properties":{"kind":"polygon","id":"31316000","poly_type":"building","color":"1.00,0.00,0.00"}},{"type":"Feature","geometry":{"type":"Polygon","coordinates":[[[11.026209796109272,49.58188289037756],[11.02621823713755,49.582066612548935],[11.026398555392214,49.58206102565085],[11.026389979161257,49.58187739581323],[11.026209796109272,49.58188289037756]]]},"properties":{"kind":"polygon","id":"31316674","poly_type":"building","color":"1.00,0.00,0.00"}},{"type":"Feature","geometry":{"type":"Polygon","coordinates":[[[11.017110687708854,49.57831006496837],[11.017179339975542,49.57886110750159],[11.017333916021785,49.57885553372683],[11.01731748034122,49.578705234074675],[11.017301685631757,49.57856041055317],[11.017286554122773,49.57842160251094],[11.017273840450574,49.57830452164401],[11.017110687708854,49.57831006496837]]]},"properties":{"kind":"polygon","id":"31318001","poly_type":"building","color":"1.00,0.00,0.00"}},{"type":"Feature","geometry":{"type":"Polygon","coordinates":[[[11.017445444268162,49.577987313287544],[11.017350988503457,49.57831010305803],[11.01751404260727,49.578332357500756],[11.017546654777513,49.57822078316261],[11.017580848913004,49.57810396378014],[11.017608497330524,49.57800956761139],[11.017445444268162,49.577987313287544]]]},"properties":{"kind":"polygon","id":"31318014","poly_type":"building","color":"1.00,0.00,0.00"}},{"type":"Feature","geometry":{"type":"Polygon","coordinates":[[[11.017841573674929,49.57816652388036],[11.01803904209142,49.57816451893854],[11.018219244091524,49.578166503056515],[11.01838234965393,49.57816653625701],[11.018382360083269,49.57808296699498],[11.017841588736148,49.57808304449796],[11.017841573674929,49.57816652388036]]]},"properties":{"kind":"polygon","id":"31318024","poly_type":"building","color":"1.00,0.00,0.00"}},{"type":"Feature","geometry":{"type":"Polygon","coordinates":[[[11.018647050768877,49.57806728436954],[11.019230710015766,49.578067264181726],[11.01923066463837,49.57805611043454],[11.019479538721276,49.578056084419266],[11.01947966469563,49.578139561353744],[11.019359447519214,49.578139590728945],[11.01922207355412,49.578139559594966],[11.019222072497525,49.57815629142193],[11.019076262036924,49.57815631740081],[11.018835962103985,49.57815628288541],[11.018647128824838,49.57815633940327],[11.018647050768877,49.57806728436954]]]},"properties":{"kind":"polygon","id":"31318031","poly_type":"building","color":"1.00,0.00,0.00"}},{"type":"Feature","geometry":{"type":"Polygon","coordinates":[[[11.019711460069482,49.57802073125608],[11.019745762643963,49.57839920685094],[11.019917398107285,49.5783880243947],[11.01990542603464,49.578282355246344],[11.019887650363223,49.57812659199057],[11.019874381318774,49.57800961102712],[11.019711460069482,49.57802073125608]]]},"properties":{"kind":"polygon","id":"31318039","poly_type":"building","color":"1.00,0.00,0.00"}},{"type":"Feature","geometry":{"type":"Polygon","coordinates":[[[11.019659884701023,49.578493810456386],[11.019608361318523,49.57891120595288],[11.019745687354737,49.57891672478814],[11.019763318983186,49.57879425679585],[11.019779942757546,49.57862727819402],[11.019805784310888,49.57849926950348],[11.019659884701023,49.578493810456386]]]},"properties":{"kind":"polygon","id":"31318046","poly_type":"building","color":"1.00,0.00,0.00"}},{"type":"Feature","geometry":{"type":"Polygon","coordinates":[[[11.019144838015691,49.57847707297613],[11.01906754967566,49.57879992438499],[11.019204967167633,49.57881101953367],[11.019226207184253,49.578722312088914],[11.019254042150557,49.57860569314569],[11.0192822546132,49.57848816804486],[11.019144838015691,49.57847707297613]]]},"properties":{"kind":"polygon","id":"31318050","poly_type":"building","color":"1.00,0.00,0.00"}},{"type":"Feature","geometry":{"type":"Polygon","coordinates":[[[11.018604231953457,49.57825999747417],[11.018561181413624,49.57842698719695],[11.018543195071786,49.578426941185],[11.018449710890323,49.57878317852201],[11.018604238731932,49.5787999129625],[11.018629985486903,49.57869970259494],[11.018670200418354,49.57854445660336],[11.018697764594732,49.57843800754405],[11.018707176204071,49.57843811319316],[11.01872434292643,49.57835460440151],[11.018750041524386,49.57827670391499],[11.018604231953457,49.57825999747417]]]},"properties":{"kind":"polygon","id":"31318053","poly_type":"building","color":"1.00,0.00,0.00"}},{"type":"Feature","geometry":{"type":"Polygon","coordinates":[[[11.01796046293685,49.57839923527989],[11.017857419404825,49.57877201083503],[11.018003368523889,49.57878871578837],[11.018032917890393,49.57868340169972],[11.018074997587076,49.578533070974096],[11.018106360703314,49.57842142830746],[11.01796046293685,49.57839923527989]]]},"properties":{"kind":"polygon","id":"31318079","poly_type":"building","color":"1.00,0.00,0.00"}},{"type":"Feature","geometry":{"type":"Polygon","coordinates":[[[11.017505501771176,49.578866574844795],[11.01749689059436,49.578805375059495],[11.017728665596325,49.578799893824765],[11.017737277061457,49.57886109358918],[11.017505501771176,49.578866574844795]]]},"properties":{"kind":"polygon","id":"31318729","poly_type":"building","color":"1.00,0.00,0.00"}},{"type":"Feature","geometry":{"type":"Polygon","coordinates":[[[11.01815779289878,49.57884989086451],[11.01815775429614,49.57880536334702],[11.018398195703154,49.57880539681904],[11.018398234524682,49.57884992433365],[11.01815779289878,49.57884989086451]]]},"properties":{"kind":"polygon","id":"31318755","poly_type":"building","color":"1.00,0.00,0.00"}},{"type":"Feature","geometry":{"type":"Polygon","coordinates":[[[11.018767144509695,49.578888915546834],[11.018767151834107,49.578838809957126],[11.019016075264231,49.57884993863501],[11.019016068195162,49.57890004422141],[11.018767144509695,49.578888915546834]]]},"properties":{"kind":"polygon","id":"31318764","poly_type":"building","color":"1.00,0.00,0.00"}},{"type":"Feature","geometry":{"type":"Polygon","coordinates":[[[11.01930796428733,49.578933361107445],[11.019308066589607,49.57888892108255],[11.019539695069136,49.57889999067102],[11.019539734932495,49.5789445181714],[11.01930796428733,49.578933361107445]]]},"properties":{"kind":"polygon","id":"31318780","poly_type":"building","color":"1.00,0.00,0.00"}},{"type":"Feature","geometry":{"type":"Polygon","coordinates":[[[11.016947626151353,49.577626633911024],[11.01711853745205,49.577641555448075],[11.017299550425038,49.57765989883384],[11.017496058634793,49.57767491322697],[11.017642954565872,49.57768782396119],[11.017788763684806,49.577687799806604],[11.01792613643121,49.57768783265876],[11.017934684594756,49.57759322980912],[11.017668656168349,49.5775931918539],[11.016999106924814,49.57752642504635],[11.016947626151353,49.577626633911024]]]},"properties":{"kind":"polygon","id":"31319443","poly_type":"building","color":"1.00,0.00,0.00"}},{"type":"Feature","geometry":{"type":"Polygon","coordinates":[[[11.018363369195086,49.57767633756005],[11.018603603021424,49.57766476988087],[11.018826859150648,49.577654127650426],[11.01904123216648,49.57767629402799],[11.019247310951416,49.577698604771086],[11.019273104966587,49.57760963790557],[11.018835308900007,49.57757059102629],[11.01837196168858,49.57759288843955],[11.018363369195086,49.57767633756005]]]},"properties":{"kind":"polygon","id":"31319452","poly_type":"building","color":"1.00,0.00,0.00"}},{"type":"Feature","geometry":{"type":"Polygon","coordinates":[[[11.019673813568213,49.577738836762606],[11.019819713779947,49.57776111753799],[11.019864051195215,49.57763881295768],[11.019920816768083,49.577482467925975],[11.019956950420346,49.57738261561537],[11.019811051285458,49.57736033499819],[11.019673813568213,49.577738836762606]]]},"properties":{"kind":"polygon","id":"31319469","poly_type":"building","color":"1.00,0.00,0.00"}},{"type":"Feature","geometry":{"type":"Polygon","coordinates":[[[11.017488437325534,49.57717480106562],[11.017635036188059,49.57720067064213],[11.017831943636669,49.57723546780587],[11.017960430861379,49.577258234530554],[11.018011862608164,49.57716360332241],[11.017539869908848,49.577080170055574],[11.017488437325534,49.57717480106562]]]},"properties":{"kind":"polygon","id":"31319479","poly_type":"building","color":"1.00,0.00,0.00"}},{"type":"Feature","geometry":{"type":"Polygon","coordinates":[[[11.016895555910914,49.57689718929201],[11.017024340941838,49.57693056666311],[11.016981395990681,49.57700292030566],[11.016938450915212,49.577075273933026],[11.016903889727292,49.57716979046251],[11.016866972407577,49.577270914838046],[11.016824845545159,49.57738661292227],[11.016783934123355,49.57749824178293],[11.01662946139298,49.5774760166555],[11.016801225590912,49.57704186368692],[11.016895555910914,49.57689718929201]]]},"properties":{"kind":"polygon","id":"31319503","poly_type":"building","color":"1.00,0.00,0.00"}},{"type":"Feature","geometry":{"type":"Polygon","coordinates":[[[11.017304180810838,49.57684292806674],[11.017467436139583,49.57683999137868],[11.017647532098307,49.57684287777351],[11.017647537414359,49.57682623582747],[11.017793509209861,49.57682351013868],[11.017930714291369,49.57682624457704],[11.01793076238659,49.57680393465843],[11.018093859709241,49.57680387843197],[11.018248244335691,49.57680388401073],[11.018248260176554,49.57670367278344],[11.01793069093182,49.57669823764284],[11.01793063541937,49.57672036777926],[11.017647509478506,49.576714870830195],[11.017647457545554,49.57673709085935],[11.017304153655553,49.576731563059795],[11.017304180810838,49.57684292806674]]]},"properties":{"kind":"polygon","id":"31319507","poly_type":"building","color":"1.00,0.00,0.00"}},{"type":"Feature","geometry":{"type":"Polygon","coordinates":[[[11.01861264003305,49.577330605713136],[11.018750098562414,49.57735285520858],[11.018792999607436,49.577269437084],[11.01883589680027,49.577185929053],[11.018862924832755,49.57718383820836],[11.018915291762626,49.577091798992754],[11.019004680279485,49.57693479516129],[11.0190676216329,49.57682413035753],[11.018938927327724,49.57679633094379],[11.01872784275835,49.57716217707385],[11.018698573235673,49.57716358735013],[11.01861264003305,49.577330605713136]]]},"properties":{"kind":"polygon","id":"31319512","poly_type":"building","color":"1.00,0.00,0.00"}},{"type":"Feature","geometry":{"type":"Polygon","coordinates":[[[11.019144926758186,49.57667939138491],[11.019247891736605,49.57674074343704],[11.019350868899446,49.57666833064286],[11.01943355082156,49.576610305143994],[11.01944531205564,49.57662377315998],[11.01955942556558,49.57655305486476],[11.019730737159097,49.576447064695095],[11.01982300482108,49.576390040995],[11.019728483436943,49.576328811915076],[11.019359507027191,49.576562571547086],[11.019350031833524,49.576550862740824],[11.019144926758186,49.57667939138491]]]},"properties":{"kind":"polygon","id":"31319516","poly_type":"building","color":"1.00,0.00,0.00"}},{"type":"Feature","geometry":{"type":"Polygon","coordinates":[[[11.020226427841639,49.57645118380112],[11.020346454228564,49.57650692955173],[11.020439855554724,49.57642712669343],[11.020535255868985,49.57634548972584],[11.020423807740462,49.57628977427543],[11.020226427841639,49.57645118380112]]]},"properties":{"kind":"polygon","id":"31319523","poly_type":"building","color":"1.00,0.00,0.00"}},{"type":"Feature","geometry":{"type":"Polygon","coordinates":[[[11.020114765162651,49.57665157650381],[11.020243509023313,49.576690618243994],[11.020174142835513,49.57679302998384],[11.020072038529127,49.57694351006828],[11.019994590813495,49.57705793698998],[11.019848693489477,49.577018924579704],[11.020114765162651,49.57665157650381]]]},"properties":{"kind":"polygon","id":"31319539","poly_type":"building","color":"1.00,0.00,0.00"}},{"type":"Feature","geometry":{"type":"Polygon","coordinates":[[[11.019711438826166,49.57557752714125],[11.019874342812566,49.57559969089095],[11.019830150941731,49.57572882963698],[11.01977694765527,49.57588430287964],[11.019737059125235,49.57600041279086],[11.0195740119091,49.57597816138728],[11.019711438826166,49.57557752714125]]]},"properties":{"kind":"polygon","id":"31319976","poly_type":"building","color":"1.00,0.00,0.00"}},{"type":"Feature","geometry":{"type":"Polygon","coordinates":[[[11.019230633229315,49.575900316021105],[11.019385193855559,49.5759281133978],[11.019321725446765,49.576046074032924],[11.019256458717683,49.57616739438822],[11.019110613676958,49.57613962464255],[11.019230633229315,49.575900316021105]]]},"properties":{"kind":"polygon","id":"31319980","poly_type":"building","color":"1.00,0.00,0.00"}},{"type":"Feature","geometry":{"type":"Polygon","coordinates":[[[11.018810095128787,49.57616178071385],[11.018956035554572,49.57619521640045],[11.018895130182454,49.57630827443954],[11.018827301348844,49.57643458682965],[11.018681452025065,49.57640672665988],[11.018810095128787,49.57616178071385]]]},"properties":{"kind":"polygon","id":"31319987","poly_type":"building","color":"1.00,0.00,0.00"}},{"type":"Feature","geometry":{"type":"Polygon","coordinates":[[[11.018398237522108,49.57637892402026],[11.0185440829029,49.57640669465905],[11.018493768644381,49.57651830830626],[11.018441031642023,49.57663491177545],[11.018286654049584,49.576601532668136],[11.018398237522108,49.57637892402026]]]},"properties":{"kind":"polygon","id":"31320001","poly_type":"building","color":"1.00,0.00,0.00"}},{"type":"Feature","geometry":{"type":"Polygon","coordinates":[[[11.02055248146333,49.5757778363944],[11.020672734773195,49.57578886970852],[11.020784283058518,49.575800144903084],[11.020784517592345,49.57583261492447],[11.020861464749563,49.57585016163931],[11.020921560407805,49.57572767129536],[11.020621155167666,49.57567210812339],[11.02055248146333,49.5757778363944]]]},"properties":{"kind":"polygon","id":"31320015","poly_type":"building","color":"1.00,0.00,0.00"}},{"type":"Feature","geometry":{"type":"Polygon","coordinates":[[[11.020097606404814,49.57564976632824],[11.020243454211693,49.57567762473436],[11.020293578380587,49.57558832269683],[11.020355812849989,49.575477399622926],[11.020415210083186,49.57537147364132],[11.020277944715414,49.57534373545221],[11.020097606404814,49.57564976632824]]]},"properties":{"kind":"polygon","id":"31320023","poly_type":"building","color":"1.00,0.00,0.00"}},{"type":"Feature","geometry":{"type":"Polygon","coordinates":[[[11.020749929742943,49.5753937839599],[11.020904443314928,49.57542715739889],[11.020963981240607,49.57532131862699],[11.021066307812783,49.57513952911173],[11.021136153511138,49.57501533905705],[11.020981687339441,49.574976387829935],[11.020749929742943,49.5753937839599]]]},"properties":{"kind":"polygon","id":"31320037","poly_type":"building","color":"1.00,0.00,0.00"}},{"type":"Feature","geometry":{"type":"Polygon","coordinates":[[[11.021273514921523,49.5750152781383],[11.021419406967397,49.5750710206516],[11.021493688530034,49.574983904707295],[11.021594233691633,49.57486619451986],[11.021685540476245,49.57475926049012],[11.021548092346418,49.574703640636415],[11.021273514921523,49.5750152781383]]]},"properties":{"kind":"polygon","id":"31320049","poly_type":"building","color":"1.00,0.00,0.00"}},{"type":"Feature","geometry":{"type":"Polygon","coordinates":[[[11.021762675023632,49.57483158654788],[11.021891549474097,49.57490399785141],[11.022020206436594,49.57480378719391],[11.02217294648365,49.574680486524954],[11.022311971874291,49.57457010918426],[11.022174704297065,49.574492087864094],[11.021762675023632,49.57483158654788]]]},"properties":{"kind":"polygon","id":"31320056","poly_type":"building","color":"1.00,0.00,0.00"}},{"type":"Feature","geometry":{"type":"Polygon","coordinates":[[[11.022037406690435,49.57431961306887],[11.022174765942609,49.57435301475385],[11.022363442354653,49.57440306066023],[11.022492366262908,49.57443651946817],[11.02254378637933,49.57434188635074],[11.022097493678631,49.574230495904104],[11.022037406690435,49.57431961306887]]]},"properties":{"kind":"polygon","id":"31320063","poly_type":"building","color":"1.00,0.00,0.00"}},{"type":"Feature","geometry":{"type":"Polygon","coordinates":[[[11.022397963812965,49.57406359279171],[11.022552335984628,49.574096966492306],[11.02272429854689,49.57414091712442],[11.022844159711815,49.574169316539006],[11.022904248758085,49.574080288865076],[11.022458049838253,49.57397447544828],[11.022397963812965,49.57406359279171]]]},"properties":{"kind":"polygon","id":"31320080","poly_type":"building","color":"1.00,0.00,0.00"}},{"type":"Feature","geometry":{"type":"Polygon","coordinates":[[[11.022766956343625,49.573774140137765],[11.022909948621159,49.57382336467941],[11.023078365584364,49.57386521783453],[11.02320466891863,49.5739022299581],[11.023281950789677,49.57380750404788],[11.022826952871876,49.57367953683935],[11.022766956343625,49.573774140137765]]]},"properties":{"kind":"polygon","id":"31320093","poly_type":"building","color":"1.00,0.00,0.00"}},{"type":"Feature","geometry":{"type":"Polygon","coordinates":[[[11.023273293231785,49.5736516716554],[11.023410651724902,49.57370180371053],[11.023482076277686,49.57361932417108],[11.023593106349821,49.573491083852055],[11.023685250479685,49.57338449336556],[11.02354794228479,49.57332887343751],[11.023273293231785,49.5736516716554]]]},"properties":{"kind":"polygon","id":"31320100","poly_type":"building","color":"1.00,0.00,0.00"}},{"type":"Feature","geometry":{"type":"Polygon","coordinates":[[[11.024668109529383,49.5717709362105],[11.023870449196655,49.57238409062943],[11.024506337449075,49.57273197947653],[11.02475354404244,49.57254189395419],[11.024981828774484,49.572666715526395],[11.025100501043658,49.572576211460095],[11.02522890238421,49.57247681121522],[11.025022272278115,49.57236384512025],[11.02532564580816,49.572130585786624],[11.024668109529383,49.5717709362105]]]},"properties":{"kind":"polygon","id":"31320123","poly_type":"building","color":"1.00,0.00,0.00"}},{"type":"Feature","geometry":{"type":"Polygon","coordinates":[[[11.020475279693484,49.5780485043831],[11.020681360629125,49.578070812541974],[11.020569665746788,49.578504911793985],[11.020466693483016,49.5784937564662],[11.020380874452334,49.57848257136842],[11.020405051097669,49.57837123346155],[11.02042935845666,49.57825971335257],[11.020455741941632,49.57813817186643],[11.020475279693484,49.5780485043831]]]},"properties":{"kind":"polygon","id":"31321603","poly_type":"building","color":"1.00,0.00,0.00"}},{"type":"Feature","geometry":{"type":"Polygon","coordinates":[[[11.0203723380922,49.578905603418136],[11.020466693483016,49.5784937564662],[11.020569665746788,49.578504911793985],[11.02065548114262,49.57851600685952],[11.020627699556789,49.5786271379117],[11.020584366317882,49.57880052022063],[11.020552552493275,49.57892791374341],[11.0203723380922,49.578905603418136]]]},"properties":{"kind":"polygon","id":"31321768","poly_type":"building","color":"1.00,0.00,0.00"}},{"type":"Feature","geometry":{"type":"Polygon","coordinates":[[[11.020887299299849,49.57810976467474],[11.02109319661642,49.57812092076777],[11.021350645250434,49.5781375627033],[11.021530949550375,49.5781487153826],[11.02155673986834,49.57804301624706],[11.020904416915778,49.577998370042],[11.020887299299849,49.57810976467474]]]},"properties":{"kind":"polygon","id":"31321801","poly_type":"building","color":"1.00,0.00,0.00"}},{"type":"Feature","geometry":{"type":"Polygon","coordinates":[[[11.021453954236218,49.57845483154911],[11.02142805361475,49.57872191359472],[11.021565336810188,49.57873309824213],[11.021568138226101,49.57867367835019],[11.02158254513478,49.57862727919864],[11.021591128048433,49.57857720365965],[11.021599622579169,49.57852164234942],[11.021608247904851,49.57846589884058],[11.021453954236218,49.57845483154911]]]},"properties":{"kind":"polygon","id":"31322405","poly_type":"building","color":"1.00,0.00,0.00"}},{"type":"Feature","geometry":{"type":"Polygon","coordinates":[[[11.020956043154813,49.57900020744256],[11.021058874629045,49.579011274842756],[11.02114483297476,49.5790224570078],[11.021221982526697,49.57902803581963],[11.021230704473036,49.578961226073915],[11.020981738491862,49.5789223065093],[11.020956043154813,49.57900020744256]]]},"properties":{"kind":"polygon","id":"31322412","poly_type":"building","color":"1.00,0.00,0.00"}},{"type":"Feature","geometry":{"type":"Polygon","coordinates":[[[11.021342247693958,49.579039158219636],[11.021428067903473,49.57905034258801],[11.021505397959048,49.57906698264129],[11.021574061144785,49.57907810685628],[11.021599575077037,49.578989144367675],[11.021359363898847,49.578961227176514],[11.021342247693958,49.579039158219636]]]},"properties":{"kind":"polygon","id":"31322429","poly_type":"building","color":"1.00,0.00,0.00"}},{"type":"Feature","geometry":{"type":"Polygon","coordinates":[[[11.021951567911323,49.57845477178143],[11.022114628113586,49.57847710959741],[11.022140463417463,49.57836583227455],[11.0221918919567,49.5782210937626],[11.02222620945262,49.57812091265468],[11.022054483600177,49.57809305922795],[11.021951567911323,49.57845477178143]]]},"properties":{"kind":"polygon","id":"31322736","poly_type":"building","color":"1.00,0.00,0.00"}},{"type":"Feature","geometry":{"type":"Polygon","coordinates":[[[11.022423588320173,49.57852163473522],[11.022586691273093,49.57853830391301],[11.02261455156211,49.5784224932799],[11.02264846223175,49.578282378699996],[11.022672537820947,49.578182106643936],[11.022509436033824,49.57816543757149],[11.022423588320173,49.57852163473522]]]},"properties":{"kind":"polygon","id":"31322745","poly_type":"building","color":"1.00,0.00,0.00"}},{"type":"Feature","geometry":{"type":"Polygon","coordinates":[[[11.022981450385245,49.578215476576496],[11.02315313088291,49.57823217488047],[11.023131236729265,49.578321614175],[11.02309445201323,49.578472483922006],[11.023067333761773,49.57858279438445],[11.022904368758963,49.57856612347126],[11.022981450385245,49.578215476576496]]]},"properties":{"kind":"polygon","id":"31322751","poly_type":"building","color":"1.00,0.00,0.00"}},{"type":"Feature","geometry":{"type":"Polygon","coordinates":[[[11.023410768203897,49.578226589804224],[11.023573781877772,49.57823777183284],[11.023539556084968,49.57836017087859],[11.023502746328266,49.57853047169281],[11.023479357139445,49.57864395544931],[11.023324832038085,49.57862731742645],[11.023410768203897,49.578226589804224]]]},"properties":{"kind":"polygon","id":"31322776","poly_type":"building","color":"1.00,0.00,0.00"}},{"type":"Feature","geometry":{"type":"Polygon","coordinates":[[[11.022638156398154,49.57792606328329],[11.022775665748325,49.5779360731039],[11.022999065782464,49.57795231714595],[11.023239256274108,49.57796979638163],[11.023410738920903,49.57798173009208],[11.023556598776125,49.5779929422805],[11.023590955100174,49.57787036102633],[11.022663947812564,49.57780372200701],[11.022638156398154,49.57792606328329]]]},"properties":{"kind":"polygon","id":"31323145","poly_type":"building","color":"1.00,0.00,0.00"}},{"type":"Feature","geometry":{"type":"Polygon","coordinates":[[[11.022981539001863,49.577063498494105],[11.023419240337784,49.57706349041875],[11.023822724885129,49.577069026825264],[11.02383126105116,49.576957691866596],[11.022990073366552,49.576952073682094],[11.022981539001863,49.577063498494105]]]},"properties":{"kind":"polygon","id":"31323149","poly_type":"building","color":"1.00,0.00,0.00"}},{"type":"Feature","geometry":{"type":"Polygon","coordinates":[[[11.022826965818066,49.57766449857896],[11.023685361798018,49.57769788328043],[11.023693852887126,49.5776088582227],[11.022835596706996,49.57757547114694],[11.022826965818066,49.57766449857896]]]},"properties":{"kind":"polygon","id":"31323159","poly_type":"building","color":"1.00,0.00,0.00"}},{"type":"Feature","geometry":{"type":"Polygon","coordinates":[[[11.022878454376613,49.57734731302835],[11.023762575356056,49.577363965295504],[11.023771158096867,49.57726378407795],[11.022887081228106,49.577241463885265],[11.022878454376613,49.57734731302835]]]},"properties":{"kind":"polygon","id":"31323173","poly_type":"building","color":"1.00,0.00,0.00"}},{"type":"Feature","geometry":{"type":"Polygon","coordinates":[[[11.022209054856829,49.57693622218402],[11.021968634181075,49.577810028849065],[11.022131734618041,49.577826698702346],[11.022380645892008,49.57694752581905],[11.022209054856829,49.57693622218402]]]},"properties":{"kind":"polygon","id":"31323199","poly_type":"building","color":"1.00,0.00,0.00"}},{"type":"Feature","geometry":{"type":"Polygon","coordinates":[[[11.021119053798614,49.576590407671866],[11.021265346869496,49.57659882652678],[11.021410803134854,49.57660707990561],[11.021410802811241,49.57662381172726],[11.02155665451061,49.57663493660597],[11.02176380921762,49.576643190915384],[11.021917156337505,49.576651575631686],[11.02191715618755,49.57666830745103],[11.022080523357445,49.57667813604324],[11.022311838581528,49.57669190419011],[11.022475067655797,49.57670173463948],[11.022483695352474,49.57661261732273],[11.021934366727482,49.57657931004906],[11.021934366872465,49.57656257822956],[11.021410854332382,49.5765346644306],[11.021410858371187,49.57651802249982],[11.021144698208742,49.57650126305631],[11.021119053798614,49.576590407671866]]]},"properties":{"kind":"polygon","id":"31323956","poly_type":"building","color":"1.00,0.00,0.00"}},{"type":"Feature","geometry":{"type":"Polygon","coordinates":[[[11.021127611018775,49.576328756089275],[11.021282131519813,49.576362218869065],[11.021345357615099,49.576285371270394],[11.021404891194669,49.576212906039736],[11.02141942210639,49.57622308704948],[11.021512562507175,49.57610019894151],[11.02162617874892,49.5759505958484],[11.021694147792136,49.57586134119657],[11.021548160428344,49.57583348705318],[11.021273433802829,49.57619523257274],[11.021249760798073,49.576184761484754],[11.021127611018775,49.576328756089275]]]},"properties":{"kind":"polygon","id":"31323966","poly_type":"building","color":"1.00,0.00,0.00"}},{"type":"Feature","geometry":{"type":"Polygon","coordinates":[[[11.020775747683698,49.576568068451024],[11.020955911559971,49.576579314410225],[11.021119053798614,49.576590407671866],[11.021144698208742,49.57650126305631],[11.020955871914934,49.57648459143779],[11.02099877263705,49.576384530607896],[11.020870074749652,49.57635664344868],[11.020801400671157,49.57646237186105],[11.020775747683698,49.576568068451024]]]},"properties":{"kind":"polygon","id":"31324009","poly_type":"building","color":"1.00,0.00,0.00"}},{"type":"Feature","geometry":{"type":"Polygon","coordinates":[[[11.022071753812856,49.57588361792089],[11.021925821477057,49.57622863096249],[11.021914750070815,49.57621847951177],[11.021857149523422,49.57636782361341],[11.022028773351238,49.576390011865655],[11.022054557848264,49.57631768636263],[11.022080296160661,49.57625093893256],[11.02209754068468,49.57625648467272],[11.022145949873728,49.576122413706884],[11.022191999867669,49.57599486078618],[11.022226131607935,49.57590026015676],[11.022071753812856,49.57588361792089]]]},"properties":{"kind":"polygon","id":"31324016","poly_type":"building","color":"1.00,0.00,0.00"}},{"type":"Feature","geometry":{"type":"Polygon","coordinates":[[[11.022552415798446,49.57592253280999],[11.022466475993674,49.57628979634707],[11.022451592577452,49.57628447925483],[11.022406518130172,49.57644565877013],[11.02255241560821,49.57646793613683],[11.022577130566217,49.576379796953965],[11.02259748959137,49.576306756571114],[11.022612373029737,49.57631207364426],[11.022637833918608,49.57621186729848],[11.022677066632793,49.576056636955876],[11.022706932095952,49.57593917198383],[11.022552415798446,49.57592253280999]]]},"properties":{"kind":"polygon","id":"31324022","poly_type":"building","color":"1.00,0.00,0.00"}},{"type":"Feature","geometry":{"type":"Polygon","coordinates":[[[11.022930014107583,49.57669063221023],[11.022930066377647,49.57658484302496],[11.02349650882781,49.57659040966308],[11.023496503731964,49.57669062075622],[11.023307672627197,49.57669059491878],[11.02312741964534,49.57669059867981],[11.022930014107583,49.57669063221023]]]},"properties":{"kind":"polygon","id":"31324033","poly_type":"building","color":"1.00,0.00,0.00"}},{"type":"Feature","geometry":{"type":"Polygon","coordinates":[[[11.02292994458396,49.57640124492795],[11.023118891213588,49.57639740124801],[11.023376162312315,49.57639991864708],[11.023505143455658,49.57640117108744],[11.023505056264495,49.57629538433053],[11.022929993155616,49.57629536584669],[11.02292994458396,49.57640124492795]]]},"properties":{"kind":"polygon","id":"31324037","poly_type":"building","color":"1.00,0.00,0.00"}},{"type":"Feature","geometry":{"type":"Polygon","coordinates":[[[11.022964367360188,49.576072843297574],[11.023084441107228,49.576072812657934],[11.023333443083473,49.57607277606244],[11.023487963428073,49.57607277226014],[11.023487830344404,49.57597256357447],[11.022964373584157,49.575972632180545],[11.022964367360188,49.576072843297574]]]},"properties":{"kind":"polygon","id":"31324056","poly_type":"building","color":"1.00,0.00,0.00"}},{"type":"Feature","geometry":{"type":"Polygon","coordinates":[[[11.023771194777089,49.57588358820173],[11.023942820865951,49.575889131704955],[11.023925661156232,49.576006014914135],[11.023909380933077,49.576134127236294],[11.023891341515736,49.57623978132129],[11.023719714198934,49.57623423775753],[11.023771194777089,49.57588358820173]]]},"properties":{"kind":"polygon","id":"31324064","poly_type":"building","color":"1.00,0.00,0.00"}},{"type":"Feature","geometry":{"type":"Polygon","coordinates":[[[11.023762638363262,49.57632884030022],[11.023925734381596,49.57634550768316],[11.023904253903234,49.57645158178822],[11.023868457659033,49.576629601269],[11.023848382916832,49.576729533757465],[11.023685239709984,49.57671844435897],[11.023762638363262,49.57632884030022]]]},"properties":{"kind":"polygon","id":"31324096","poly_type":"building","color":"1.00,0.00,0.00"}},{"type":"Feature","geometry":{"type":"Polygon","coordinates":[[[11.022569550511351,49.57670170212213],[11.022595344937306,49.576512523467045],[11.022518057279498,49.576506858045995],[11.02249226627275,49.57669612657884],[11.022569550511351,49.57670170212213]]]},"properties":{"kind":"polygon","id":"31324572","poly_type":"building","color":"1.00,0.00,0.00"}},{"type":"Feature","geometry":{"type":"Polygon","coordinates":[[[11.022775547681931,49.576534740545995],[11.02274984601278,49.57671276307693],[11.022835570202073,49.576718370792676],[11.0228528316916,49.576540315903024],[11.022775547681931,49.576534740545995]]]},"properties":{"kind":"polygon","id":"31324596","poly_type":"building","color":"1.00,0.00,0.00"}},{"type":"Feature","geometry":{"type":"Polygon","coordinates":[[[11.02180558034836,49.57557189446954],[11.021943329672396,49.57558118140938],[11.022192194635467,49.57559797143023],[11.022500842289746,49.57562199178438],[11.022750268704325,49.575635622329806],[11.022878443030931,49.575644176004104],[11.022904325025626,49.57552741031306],[11.021831461163204,49.575455039094024],[11.02180558034836,49.57557189446954]]]},"properties":{"kind":"polygon","id":"31325205","poly_type":"building","color":"1.00,0.00,0.00"}},{"type":"Feature","geometry":{"type":"Polygon","coordinates":[[[11.023153226392004,49.57563874141601],[11.023307649394056,49.57563307232051],[11.023556606490594,49.5756219714266],[11.02375405360527,49.57561635880432],[11.023745345799327,49.575516210146546],[11.023144654325863,49.575538500389435],[11.023153226392004,49.57563874141601]]]},"properties":{"kind":"polygon","id":"31325213","poly_type":"building","color":"1.00,0.00,0.00"}},{"type":"Feature","geometry":{"type":"Polygon","coordinates":[[[11.022063139716693,49.57527692516711],[11.022569532817533,49.57523236081667],[11.022817247570014,49.57520464135838],[11.02306567479524,49.57518077701863],[11.023281859401326,49.57515999479156],[11.023256184909073,49.57505429567293],[11.022037467780704,49.57517122574735],[11.022063139716693,49.57527692516711]]]},"properties":{"kind":"polygon","id":"31325221","poly_type":"building","color":"1.00,0.00,0.00"}},{"type":"Feature","geometry":{"type":"Polygon","coordinates":[[[11.02360811627983,49.574770356209385],[11.023616641108386,49.57494301265786],[11.023668238851968,49.574943009690436],[11.023676663768237,49.575093178868606],[11.023728261669403,49.575093175872404],[11.023754021141507,49.57543833637802],[11.023942751339359,49.57543269599824],[11.023929239778013,49.57532678424487],[11.02391078933404,49.57518173805496],[11.023899888186067,49.575082077551386],[11.02386558422875,49.575082137917576],[11.023869463387125,49.57499868080533],[11.023865590889018,49.57493182125227],[11.023794131721182,49.574936579590144],[11.023788273570588,49.57476486602024],[11.02360811627983,49.574770356209385]]]},"properties":{"kind":"polygon","id":"31325264","poly_type":"building","color":"1.00,0.00,0.00"}},{"type":"Feature","geometry":{"type":"Polygon","coordinates":[[[11.023127437839635,49.57450331751662],[11.023247596259827,49.574508772527174],[11.023342032606088,49.574514407402575],[11.023350604195413,49.57458118479093],[11.02351365126237,49.5745700571689],[11.023470780464617,49.57436966527221],[11.023170327996917,49.57435297057629],[11.023127437839635,49.57450331751662]]]},"properties":{"kind":"polygon","id":"31325275","poly_type":"building","color":"1.00,0.00,0.00"}},{"type":"Feature","geometry":{"type":"Polygon","coordinates":[[[11.022483667113486,49.57478156298923],[11.022543739501485,49.57489286789858],[11.023144570550556,49.574720261755104],[11.023075922978755,49.57460901714585],[11.022483667113486,49.57478156298923]]]},"properties":{"kind":"polygon","id":"31325498","poly_type":"building","color":"1.00,0.00,0.00"}},{"type":"Feature","geometry":{"type":"Polygon","coordinates":[[[11.024329130505794,49.5761284026657],[11.024329037085536,49.576189664358026],[11.024329081903053,49.576250923630965],[11.024475024717661,49.576250888684484],[11.024474934719514,49.57612837014277],[11.024329130505794,49.5761284026657]]]},"properties":{"kind":"polygon","id":"31325731","poly_type":"building","color":"1.00,0.00,0.00"}},{"type":"Feature","geometry":{"type":"Polygon","coordinates":[[[11.024311948754232,49.5766960559712],[11.024672458358786,49.57669613436724],[11.025058606132996,49.576690635385695],[11.025058569822823,49.57632883285459],[11.024560836224682,49.57632881824038],[11.024560782281732,49.576484623029195],[11.024311912806127,49.576484569983506],[11.024311948754232,49.5766960559712]]]},"properties":{"kind":"polygon","id":"31325747","poly_type":"building","color":"1.00,0.00,0.00"}},{"type":"Feature","geometry":{"type":"Polygon","coordinates":[[[11.025401909919072,49.576696140165055],[11.02540191439019,49.57652918168564],[11.025710957790015,49.57652916831202],[11.025719496734157,49.57603381078678],[11.02585686455728,49.57603383428017],[11.02585676022634,49.57669609249189],[11.025719528780243,49.576696066601606],[11.025719536765955,49.576596035348146],[11.025522128022857,49.57659598340619],[11.02552212335531,49.57669610455564],[11.02546194565837,49.57669607864059],[11.025401909919072,49.576696140165055]]]},"properties":{"kind":"polygon","id":"31325753","poly_type":"building","color":"1.00,0.00,0.00"}},{"type":"Feature","geometry":{"type":"Polygon","coordinates":[[[11.026028529923796,49.5765847775023],[11.026835265560514,49.57660707925786],[11.026826734745796,49.5767016825589],[11.026019859312857,49.576679383184775],[11.026028529923796,49.5765847775023]]]},"properties":{"kind":"polygon","id":"31325757","poly_type":"building","color":"1.00,0.00,0.00"}},{"type":"Feature","geometry":{"type":"Polygon","coordinates":[[[11.02739078682578,49.5768664942124],[11.027736557813897,49.57687140909539],[11.028097041956247,49.576874175947474],[11.02809694636182,49.576718373733684],[11.027401849279313,49.57671283533333],[11.02739078682578,49.5768664942124]]]},"properties":{"kind":"polygon","id":"31325762","poly_type":"building","color":"1.00,0.00,0.00"}},{"type":"Feature","geometry":{"type":"Polygon","coordinates":[[[11.026895441615652,49.57618970840891],[11.026895396633758,49.57656257703037],[11.027152840719806,49.576562564230635],[11.027144351235743,49.576184087951475],[11.026895441615652,49.57618970840891]]]},"properties":{"kind":"polygon","id":"31325772","poly_type":"unknown","color":"0.20,0.50,1.00"}},{"type":"Feature","geometry":{"type":"Polygon","coordinates":[[[11.024034384525008,49.573745496436615],[11.023588165651752,49.57402380009209],[11.023682460424565,49.574079542684466],[11.02399149750937,49.57389584367165],[11.024146049767777,49.57400711404544],[11.02377688153257,49.5742353141226],[11.023888463643772,49.57430766588022],[11.02404297427383,49.57440787252362],[11.024137457753532,49.574341091300376],[11.024000099369648,49.574257586403235],[11.02434344265274,49.574057184134425],[11.024515151593128,49.574168513637886],[11.024789650097333,49.5740126735642],[11.024540758780365,49.57385133023036],[11.024423734892046,49.57391490797779],[11.024274649570486,49.57399595833331],[11.024221143057696,49.57395983263692],[11.024060201869352,49.57385128286504],[11.024128767875347,49.57380672443735],[11.024077315884158,49.573773441323056],[11.024034384525008,49.573745496436615]]]},"properties":{"kind":"polygon","id":"31346035","poly_type":"building","color":"1.00,0.00,0.00"}},{"type":"Feature","geometry":{"type":"Polygon","coordinates":[[[11.024068775608404,49.574797470559574],[11.024120322796731,49.57488652476171],[11.024515033622965,49.57478075662316],[11.024446426385577,49.574697308527945],[11.024068775608404,49.574797470559574]]]},"properties":{"kind":"polygon","id":"31346147","poly_type":"building","color":"1.00,0.00,0.00"}},{"type":"Feature","geometry":{"type":"Polygon","coordinates":[[[11.024592273644362,49.57464159228561],[11.024669642883007,49.57471948959327],[11.025030095223913,49.57457482850819],[11.024944240351504,49.57450247732566],[11.024592273644362,49.57464159228561]]]},"properties":{"kind":"polygon","id":"31346157","poly_type":"building","color":"1.00,0.00,0.00"}},{"type":"Feature","geometry":{"type":"Polygon","coordinates":[[[11.025021476618871,49.57446352380612],[11.025133061065409,49.57453587433048],[11.025424851207235,49.574346626241635],[11.02532193324458,49.57427979151202],[11.025021476618871,49.57446352380612]]]},"properties":{"kind":"polygon","id":"31346161","poly_type":"building","color":"1.00,0.00,0.00"}},{"type":"Feature","geometry":{"type":"Polygon","coordinates":[[[11.025579335082213,49.575815962501736],[11.025733054264743,49.57579662917151],[11.02595764008592,49.57576822849616],[11.026223644223032,49.57573451423707],[11.02645345999731,49.57570548126244],[11.026592177983368,49.57568802875324],[11.026557731983605,49.57560452322598],[11.025553652616477,49.57572690588706],[11.025579335082213,49.575815962501736]]]},"properties":{"kind":"polygon","id":"31346223","poly_type":"building","color":"1.00,0.00,0.00"}},{"type":"Feature","geometry":{"type":"Polygon","coordinates":[[[11.026763755004891,49.575665682548426],[11.026917374385057,49.57563060707624],[11.027078667579653,49.5755937777348],[11.027234890584483,49.575558116482924],[11.027373164962317,49.575526637659685],[11.027313167789014,49.57543746308878],[11.026712294824693,49.57558220525999],[11.026763755004891,49.575665682548426]]]},"properties":{"kind":"polygon","id":"31346239","poly_type":"building","color":"1.00,0.00,0.00"}},{"type":"Feature","geometry":{"type":"Polygon","coordinates":[[[11.025622290456626,49.57447459529964],[11.025519234758471,49.57454143786913],[11.025605089448232,49.574597056803874],[11.025708148863586,49.57453030404942],[11.025665223357509,49.57450253957376],[11.025622290456626,49.57447459529964]]]},"properties":{"kind":"polygon","id":"31346241","poly_type":"building","color":"1.00,0.00,0.00"}},{"type":"Feature","geometry":{"type":"Polygon","coordinates":[[[11.025716767582011,49.57467498240466],[11.025605088102207,49.574747373409444],[11.025691035784405,49.574808567928535],[11.025802488221737,49.574730693497116],[11.025755296442435,49.57470012516436],[11.025716767582011,49.57467498240466]]]},"properties":{"kind":"polygon","id":"31346249","poly_type":"building","color":"1.00,0.00,0.00"}},{"type":"Feature","geometry":{"type":"Polygon","coordinates":[[[11.026017041267929,49.574730714559756],[11.025922743572119,49.57479191679439],[11.02600855349291,49.57485311349168],[11.026102896851228,49.574786333111895],[11.026051435047766,49.57475287112943],[11.026017041267929,49.574730714559756]]]},"properties":{"kind":"polygon","id":"31346261","poly_type":"building","color":"1.00,0.00,0.00"}},{"type":"Feature","geometry":{"type":"Polygon","coordinates":[[[11.026446329542493,49.57497561271758],[11.026343315862636,49.57503678804878],[11.026437750203598,49.575092436009186],[11.02653204781042,49.57503123335857],[11.02648058545647,49.57499777157537],[11.026446329542493,49.57497561271758]]]},"properties":{"kind":"polygon","id":"31346265","poly_type":"building","color":"1.00,0.00,0.00"}},{"type":"Feature","geometry":{"type":"Polygon","coordinates":[[[11.026892544753334,49.5752316371598],[11.02678104588815,49.57529835890017],[11.026866857770978,49.57535955493076],[11.026978398484456,49.57528716514293],[11.026935471594532,49.575259401159705],[11.026892544753334,49.5752316371598]]]},"properties":{"kind":"polygon","id":"31346272","poly_type":"building","color":"1.00,0.00,0.00"}},{"type":"Feature","geometry":{"type":"Polygon","coordinates":[[[11.026592221446846,49.5751814854085],[11.026637027476156,49.575207867259465],[11.026686656349128,49.575237133157245],[11.026583646159017,49.57529839859388],[11.026497785400135,49.57524269053074],[11.026592221446846,49.5751814854085]]]},"properties":{"kind":"polygon","id":"31346277","poly_type":"building","color":"1.00,0.00,0.00"}},{"type":"Feature","geometry":{"type":"Polygon","coordinates":[[[11.026145870006522,49.5749254622008],[11.026190679284523,49.57495193412266],[11.026240303909002,49.574981110329006],[11.026137244302852,49.57504786355551],[11.026051391935926,49.574992334928446],[11.026145870006522,49.5749254622008]]]},"properties":{"kind":"polygon","id":"31346289","poly_type":"building","color":"1.00,0.00,0.00"}},{"type":"Feature","geometry":{"type":"Polygon","coordinates":[[[11.02519308876977,49.57470277152194],[11.025278991096004,49.574786276241504],[11.025424887092369,49.574725070773454],[11.025330548814251,49.57464162388691],[11.025269558468956,49.574668688884515],[11.02519308876977,49.57470277152194]]]},"properties":{"kind":"polygon","id":"31346429","poly_type":"building","color":"1.00,0.00,0.00"}},{"type":"Feature","geometry":{"type":"Polygon","coordinates":[[[11.025253216820921,49.574875424111],[11.025270459437454,49.57491434310916],[11.025287472352579,49.57496442067681],[11.025459235183023,49.574936585823835],[11.025424929906507,49.57485307749763],[11.025253216820921,49.574875424111]]]},"properties":{"kind":"polygon","id":"31346435","poly_type":"building","color":"1.00,0.00,0.00"}},{"type":"Feature","geometry":{"type":"Polygon","coordinates":[[[11.025364798483281,49.57506462737975],[11.025381949783863,49.575114702510426],[11.025399101121028,49.5751647776377],[11.025562241010416,49.57514249095872],[11.025527938057126,49.57504234075284],[11.025364798483281,49.57506462737975]]]},"properties":{"kind":"polygon","id":"31346438","poly_type":"building","color":"1.00,0.00,0.00"}},{"type":"Feature","geometry":{"type":"Polygon","coordinates":[[[11.025442030194096,49.575242737627384],[11.025459227369792,49.57528723466744],[11.025467800960696,49.575337280044565],[11.025630895679987,49.5753205713381],[11.025605124609042,49.575226028960905],[11.025442030194096,49.575242737627384]]]},"properties":{"kind":"polygon","id":"31346446","poly_type":"building","color":"1.00,0.00,0.00"}},{"type":"Feature","geometry":{"type":"Polygon","coordinates":[[[11.025682353049696,49.57550426019376],[11.025673779205365,49.575454214837066],[11.025656624872191,49.5754207816733],[11.025811053071648,49.5753985572242],[11.025836919732225,49.57548203328684],[11.025682353049696,49.57550426019376]]]},"properties":{"kind":"polygon","id":"31346453","poly_type":"building","color":"1.00,0.00,0.00"}},{"type":"Feature","geometry":{"type":"Polygon","coordinates":[[[11.02588833396933,49.57553771534238],[11.02587122394993,49.57548197233253],[11.025965661193403,49.57547087323251],[11.02624883131869,49.5753039032439],[11.026557773627195,49.57546527051561],[11.02648921132132,49.57550992026327],[11.026248830463432,49.57538738248244],[11.025991345516353,49.57552655603319],[11.02588833396933,49.57553771534238]]]},"properties":{"kind":"polygon","id":"31346502","poly_type":"building","color":"1.00,0.00,0.00"}},{"type":"Feature","geometry":{"type":"Polygon","coordinates":[[[11.024352030714333,49.575832676307186],[11.024532328836532,49.57583383926043],[11.025107389443995,49.575837268122086],[11.025253144931222,49.575832737664314],[11.02525323348564,49.57577138609152],[11.025218925337512,49.575771356974236],[11.02521888395838,49.57566008206998],[11.02497002244035,49.575660120277654],[11.024970020305965,49.575760331347645],[11.024660981703754,49.575760342680056],[11.024660984471234,49.57566013160203],[11.024403544967255,49.57566013879578],[11.02440344625734,49.57577141614275],[11.02435198588421,49.57577141703044],[11.024352030714333,49.575832676307186]]]},"properties":{"kind":"polygon","id":"31346679","poly_type":"building","color":"1.00,0.00,0.00"}},{"type":"Feature","geometry":{"type":"Polygon","coordinates":[[[11.024180351247123,49.57505351239858],[11.024206079188186,49.57510361755067],[11.02422318282962,49.57514253913164],[11.02456666426797,49.57507571856879],[11.02451511606335,49.57498666458116],[11.024419213414895,49.575005794230556],[11.024180351247123,49.57505351239858]]]},"properties":{"kind":"polygon","id":"31346835","poly_type":"building","color":"1.00,0.00,0.00"}},{"type":"Feature","geometry":{"type":"Polygon","coordinates":[[[11.024626707593116,49.574958894382725],[11.024686648979806,49.57503682679795],[11.024987065251633,49.57494224256958],[11.024952801728956,49.574903171667465],[11.024918541982167,49.574864190645194],[11.024719249612316,49.57492875878003],[11.024626707593116,49.574958894382725]]]},"properties":{"kind":"polygon","id":"31346837","poly_type":"building","color":"1.00,0.00,0.00"}},{"type":"Feature","geometry":{"type":"Polygon","coordinates":[[[11.024334855284835,49.575287213540435],[11.024343339069956,49.57533177324818],[11.024360581811084,49.57538742419844],[11.02452367712218,49.575370717046226],[11.0244892341591,49.57527047903907],[11.024334855284835,49.575287213540435]]]},"properties":{"kind":"polygon","id":"31346844","poly_type":"building","color":"1.00,0.00,0.00"}},{"type":"Feature","geometry":{"type":"Polygon","coordinates":[[[11.02439492781204,49.57546526488351],[11.024403553640774,49.575509912056575],[11.024412079660596,49.57554880378865],[11.024600905547594,49.57553209606864],[11.024575228741163,49.575443129099014],[11.02439492781204,49.57546526488351]]]},"properties":{"kind":"polygon","id":"31346850","poly_type":"building","color":"1.00,0.00,0.00"}},{"type":"Feature","geometry":{"type":"Polygon","coordinates":[[[11.02496993995609,49.575420838639104],[11.02499575941914,49.57550989298384],[11.025210268242283,49.575482029958906],[11.025193071218123,49.575437532881246],[11.0251760124596,49.57539303338055],[11.02496993995609,49.575420838639104]]]},"properties":{"kind":"polygon","id":"31346854","poly_type":"building","color":"1.00,0.00,0.00"}},{"type":"Feature","geometry":{"type":"Polygon","coordinates":[[[11.024944167722351,49.57520926332187],[11.024995720669779,49.57529840699309],[11.025150144148826,49.575259361726935],[11.025115933477268,49.57521489258511],[11.025090113006705,49.575175943801725],[11.024944167722351,49.57520926332187]]]},"properties":{"kind":"polygon","id":"31346857","poly_type":"building","color":"1.00,0.00,0.00"}},{"type":"Feature","geometry":{"type":"Polygon","coordinates":[[[11.024275091273939,49.57710582085372],[11.024678621990642,49.57710577619428],[11.02468495439925,49.577001406344294],[11.024283336944684,49.57700420619033],[11.024275091273939,49.57710582085372]]]},"properties":{"kind":"polygon","id":"31347375","poly_type":"building","color":"1.00,0.00,0.00"}},{"type":"Feature","geometry":{"type":"Polygon","coordinates":[[[11.024822440533297,49.577111175358375],[11.025167743242184,49.577111428412785],[11.025172366275342,49.57701257577081],[11.025064862484989,49.577012208635516],[11.02491031319072,49.57701158534557],[11.024822868762156,49.57701122672117],[11.024822440533297,49.577111175358375]]]},"properties":{"kind":"polygon","id":"31347377","poly_type":"building","color":"1.00,0.00,0.00"}},{"type":"Feature","geometry":{"type":"Polygon","coordinates":[[[11.026233733043858,49.577123708656366],[11.02651575578035,49.577129203919355],[11.026517494520105,49.57703759821597],[11.026421132106288,49.577035687844884],[11.026326712472802,49.57703392327855],[11.02623216109517,49.57703899760126],[11.026233733043858,49.577123708656366]]]},"properties":{"kind":"polygon","id":"31347378","poly_type":"building","color":"1.00,0.00,0.00"}},{"type":"Feature","geometry":{"type":"Polygon","coordinates":[[[11.02761375921839,49.57751332870493],[11.027739045071677,49.57754216774819],[11.027819710822607,49.57719208427357],[11.027694422101371,49.57716315541447],[11.02761375921839,49.57751332870493]]]},"properties":{"kind":"polygon","id":"31347379","poly_type":"building","color":"1.00,0.00,0.00"}},{"type":"Feature","geometry":{"type":"Polygon","coordinates":[[[11.027270621820657,49.57707801757972],[11.027227643300824,49.57727271590488],[11.027339281579515,49.577289380581796],[11.027364724661753,49.577229024005725],[11.027380488095952,49.57716209034375],[11.027396348748518,49.57709416545858],[11.027270621820657,49.57707801757972]]]},"properties":{"kind":"polygon","id":"31347380","poly_type":"building","color":"1.00,0.00,0.00"}},{"type":"Feature","geometry":{"type":"Polygon","coordinates":[[[11.026690260076935,49.57721412413242],[11.027042527410282,49.57721550897102],[11.027042880750699,49.577110524079174],[11.02693592601047,49.57711005910665],[11.026798611067056,49.57711138529506],[11.026690614173534,49.577109139232],[11.026690260076935,49.57721412413242]]]},"properties":{"kind":"polygon","id":"31347381","poly_type":"building","color":"1.00,0.00,0.00"}},{"type":"Feature","geometry":{"type":"Polygon","coordinates":[[[11.025679772559295,49.5780478122744],[11.026347679026905,49.57809782585078],[11.02636943361074,49.57800182157026],[11.025699862109137,49.577951657366214],[11.025679772559295,49.5780478122744]]]},"properties":{"kind":"polygon","id":"31347382","poly_type":"building","color":"1.00,0.00,0.00"}},{"type":"Feature","geometry":{"type":"Polygon","coordinates":[[[11.025356664661999,49.57711693695672],[11.025652310651594,49.577114009833885],[11.025650932649503,49.57701391289838],[11.025545476378637,49.57701288066813],[11.025442515832518,49.57701198456119],[11.025359065420181,49.577011196594945],[11.025356664661999,49.57711693695672]]]},"properties":{"kind":"polygon","id":"31347383","poly_type":"building","color":"1.00,0.00,0.00"}},{"type":"Feature","geometry":{"type":"Polygon","coordinates":[[[11.025821797755567,49.577161327618256],[11.026058079739888,49.5771613279988],[11.026058149313162,49.5770694816697],[11.02598315315747,49.57707241420909],[11.025905960576237,49.57707241661227],[11.025823171473062,49.57707089775204],[11.025821797755567,49.577161327618256]]]},"properties":{"kind":"polygon","id":"31347384","poly_type":"building","color":"1.00,0.00,0.00"}},{"type":"Feature","geometry":{"type":"Polygon","coordinates":[[[11.026586239862944,49.578132688197904],[11.027098987711422,49.578200797695985],[11.027133258265021,49.5780963879722],[11.026626841193798,49.578024119712005],[11.026586239862944,49.578132688197904]]]},"properties":{"kind":"polygon","id":"31347385","poly_type":"building","color":"1.00,0.00,0.00"}},{"type":"Feature","geometry":{"type":"Polygon","coordinates":[[[11.024761401685579,49.57802286837403],[11.025474361774306,49.57802837987421],[11.025474409512759,49.577915934017035],[11.02476563118317,49.5779144873164],[11.024761401685579,49.57802286837403]]]},"properties":{"kind":"polygon","id":"31347386","poly_type":"building","color":"1.00,0.00,0.00"}},{"type":"Feature","geometry":{"type":"Polygon","coordinates":[[[11.023871734057266,49.5780128875052],[11.024539046063186,49.57801182690523],[11.024540457979247,49.57790889252364],[11.023878995022008,49.577907511963],[11.023871734057266,49.5780128875052]]]},"properties":{"kind":"polygon","id":"31347387","poly_type":"building","color":"1.00,0.00,0.00"}},{"type":"Feature","geometry":{"type":"Polygon","coordinates":[[[11.02418336814294,49.57716922546888],[11.024191157907095,49.577250499373086],[11.024189357787302,49.57734741349639],[11.024322578469551,49.577347421433025],[11.024322600758726,49.57716409068079],[11.02418336814294,49.57716922546888]]]},"properties":{"kind":"polygon","id":"31347388","poly_type":"building","color":"1.00,0.00,0.00"}},{"type":"Feature","geometry":{"type":"Polygon","coordinates":[[[11.024086335694685,49.577411915276855],[11.024086238897334,49.57748981887678],[11.024086280342852,49.577567720057196],[11.024223648811667,49.57756765554429],[11.02422356920653,49.57741194307906],[11.024086335694685,49.577411915276855]]]},"properties":{"kind":"polygon","id":"31347389","poly_type":"building","color":"1.00,0.00,0.00"}},{"type":"Feature","geometry":{"type":"Polygon","coordinates":[[[11.024037554823908,49.57763720894446],[11.024036148106921,49.57770685950527],[11.024034807082618,49.57778478486868],[11.024137732073047,49.57778478329875],[11.024137833733434,49.577640132257784],[11.024037554823908,49.57763720894446]]]},"properties":{"kind":"polygon","id":"31347390","poly_type":"building","color":"1.00,0.00,0.00"}},{"type":"Feature","geometry":{"type":"Polygon","coordinates":[[[11.024464027370126,49.57775685496684],[11.024601261836494,49.577756882308684],[11.024602188018655,49.57769569601212],[11.02460293758156,49.577640269990646],[11.0244667418008,49.577641933641175],[11.024464027370126,49.57775685496684]]]},"properties":{"kind":"polygon","id":"31347391","poly_type":"building","color":"1.00,0.00,0.00"}},{"type":"Feature","geometry":{"type":"Polygon","coordinates":[[[11.024518380742451,49.577552603265325],[11.02472982998141,49.577554210341376],[11.024727066214796,49.57748409301628],[11.024725165034987,49.577438158763364],[11.024515505370312,49.577439668826116],[11.024518380742451,49.577552603265325]]]},"properties":{"kind":"polygon","id":"31347392","poly_type":"building","color":"1.00,0.00,0.00"}},{"type":"Feature","geometry":{"type":"Polygon","coordinates":[[[11.024703145290669,49.577323940155395],[11.024874059833836,49.577325536687304],[11.024873995117968,49.57726715636227],[11.02487406291342,49.57719860868698],[11.024695679639944,49.57720038128066],[11.024703145290669,49.577323940155395]]]},"properties":{"kind":"polygon","id":"31347393","poly_type":"building","color":"1.00,0.00,0.00"}},{"type":"Feature","geometry":{"type":"Polygon","coordinates":[[[11.024910269043524,49.57779591265618],[11.025055644879556,49.57779543714219],[11.025055647451293,49.57766850915759],[11.024911635784681,49.57766851101716],[11.024910918358644,49.57773473120146],[11.024910269043524,49.57779591265618]]]},"properties":{"kind":"polygon","id":"31347394","poly_type":"building","color":"1.00,0.00,0.00"}},{"type":"Feature","geometry":{"type":"Polygon","coordinates":[[[11.025130856329993,49.57756041491494],[11.025127746464864,49.577478609372235],[11.025124892826048,49.57740633468176],[11.025240438211238,49.57740377235929],[11.02523648179529,49.57756216421529],[11.025130856329993,49.57756041491494]]]},"properties":{"kind":"polygon","id":"31347395","poly_type":"building","color":"1.00,0.00,0.00"}},{"type":"Feature","geometry":{"type":"Polygon","coordinates":[[[11.02514200345433,49.57734513494563],[11.025125587548088,49.57727273782747],[11.0251074544047,49.57719227472286],[11.025202045081304,49.57717811507548],[11.025248338349009,49.5773239330288],[11.02514200345433,49.57734513494563]]]},"properties":{"kind":"polygon","id":"31347396","poly_type":"building","color":"1.00,0.00,0.00"}},{"type":"Feature","geometry":{"type":"Polygon","coordinates":[[[11.025442636537864,49.57780008717953],[11.025579788682988,49.577801464142006],[11.025579837378613,49.577729138648635],[11.02557983775974,49.57767903313785],[11.025450453961405,49.5776748214964],[11.025442636537864,49.57780008717953]]]},"properties":{"kind":"polygon","id":"31347397","poly_type":"building","color":"1.00,0.00,0.00"}},{"type":"Feature","geometry":{"type":"Polygon","coordinates":[[[11.025528687295319,49.57757297096341],[11.025677540756098,49.577572973515274],[11.025676814169827,49.57751199605223],[11.025676056778336,49.57745695622571],[11.025528241535572,49.57746197303422],[11.025528687295319,49.57757297096341]]]},"properties":{"kind":"polygon","id":"31347398","poly_type":"building","color":"1.00,0.00,0.00"}},{"type":"Feature","geometry":{"type":"Polygon","coordinates":[[[11.02567419078923,49.577395189107094],[11.025820140688367,49.57739524231105],[11.025821756545481,49.57733404391766],[11.025823239583424,49.5772863412538],[11.025674450278418,49.577287867022875],[11.02567419078923,49.577395189107094]]]},"properties":{"kind":"polygon","id":"31347399","poly_type":"building","color":"1.00,0.00,0.00"}},{"type":"Feature","geometry":{"type":"Polygon","coordinates":[[[11.025817056849716,49.57779847921499],[11.025923055844371,49.57782927714559],[11.025994067168517,49.57769669784476],[11.025888750170497,49.577679021617165],[11.025852249580199,49.57773966143295],[11.025817056849716,49.57779847921499]]]},"properties":{"kind":"polygon","id":"31347400","poly_type":"building","color":"1.00,0.00,0.00"}},{"type":"Feature","geometry":{"type":"Polygon","coordinates":[[[11.02600030005902,49.57764009631192],[11.026111893149356,49.577662340240046],[11.026180557032083,49.57750650331609],[11.026060386003774,49.57748422976276],[11.026030660753785,49.57756148280776],[11.02600030005902,49.57764009631192]]]},"properties":{"kind":"polygon","id":"31347401","poly_type":"building","color":"1.00,0.00,0.00"}},{"type":"Feature","geometry":{"type":"Polygon","coordinates":[[[11.025974571290737,49.57737292768156],[11.025978126017302,49.57731178528825],[11.025983044250816,49.577226780668624],[11.026086165820779,49.57722821321266],[11.026086208125104,49.577372861770804],[11.025974571290737,49.57737292768156]]]},"properties":{"kind":"polygon","id":"31347402","poly_type":"building","color":"1.00,0.00,0.00"}},{"type":"Feature","geometry":{"type":"Polygon","coordinates":[[[11.026327597781588,49.57780006329931],[11.026520244679551,49.57782196665781],[11.026533510408804,49.57775147863296],[11.026543829828928,49.57769669456382],[11.026360766159675,49.577679031243456],[11.026327597781588,49.57780006329931]]]},"properties":{"kind":"polygon","id":"31347403","poly_type":"building","color":"1.00,0.00,0.00"}},{"type":"Feature","geometry":{"type":"Polygon","coordinates":[[[11.02647797879298,49.57761985614238],[11.026639455032296,49.57763402932195],[11.026647854757805,49.57757298194737],[11.026654982897876,49.577521312273916],[11.026498352842705,49.57750723414365],[11.02647797879298,49.57761985614238]]]},"properties":{"kind":"polygon","id":"31347404","poly_type":"building","color":"1.00,0.00,0.00"}},{"type":"Feature","geometry":{"type":"Polygon","coordinates":[[[11.02661902978674,49.57746490994855],[11.02677874416304,49.57746328153216],[11.026778736757112,49.57740633949113],[11.026778785657989,49.57734741743038],[11.026620596460184,49.57734578071462],[11.02661902978674,49.57746490994855]]]},"properties":{"kind":"polygon","id":"31347405","poly_type":"building","color":"1.00,0.00,0.00"}},{"type":"Feature","geometry":{"type":"Polygon","coordinates":[[[11.027312934908142,49.57789875468557],[11.027416624731444,49.57794056635195],[11.027552634712853,49.57771077397532],[11.027433730293323,49.57767903426313],[11.027312934908142,49.57789875468557]]]},"properties":{"kind":"polygon","id":"31347406","poly_type":"building","color":"1.00,0.00,0.00"}},{"type":"Feature","geometry":{"type":"Polygon","coordinates":[[[11.027030173634424,49.577524994280715],[11.027030191246592,49.57744529292291],[11.027030241114145,49.577376385723696],[11.027131368062479,49.5773764129876],[11.027129855175522,49.577523517619255],[11.027030173634424,49.577524994280715]]]},"properties":{"kind":"polygon","id":"31347407","poly_type":"building","color":"1.00,0.00,0.00"}},{"type":"Feature","geometry":{"type":"Polygon","coordinates":[[[11.027001158870414,49.5776093416606],[11.027096058082646,49.57760929815791],[11.027096145259586,49.57771823338961],[11.026996463319955,49.57771971002703],[11.026998921613648,49.577662185050855],[11.027001158870414,49.5776093416606]]]},"properties":{"kind":"polygon","id":"31347409","poly_type":"building","color":"1.00,0.00,0.00"}},{"type":"Feature","geometry":{"type":"Polygon","coordinates":[[[11.02692736140911,49.577784789479466],[11.027030261859185,49.577800887894504],[11.02697497962262,49.577899008975734],[11.026875758888162,49.5778849150336],[11.026901538474275,49.57782932034351],[11.02692736140911,49.577784789479466]]]},"properties":{"kind":"polygon","id":"31347410","poly_type":"building","color":"1.00,0.00,0.00"}},{"type":"Feature","geometry":{"type":"Polygon","coordinates":[[[11.024652837946354,49.578408070839394],[11.024992478753036,49.578405005215934],[11.02499256218451,49.5782867116054],[11.024884517507822,49.57828671358023],[11.024764434662712,49.5782866562665],[11.024652933944056,49.578286718509005],[11.024652837946354,49.578408070839394]]]},"properties":{"kind":"polygon","id":"31348020","poly_type":"building","color":"1.00,0.00,0.00"}},{"type":"Feature","geometry":{"type":"Polygon","coordinates":[[[11.025124955396361,49.578380287362414],[11.025442450697206,49.578380306731304],[11.025446347439605,49.57826392538795],[11.025347987160778,49.57826393816409],[11.025227904385515,49.57826388133075],[11.02512594610541,49.57826386694493],[11.025124955396361,49.578380287362414]]]},"properties":{"kind":"polygon","id":"31348023","poly_type":"building","color":"1.00,0.00,0.00"}},{"type":"Feature","geometry":{"type":"Polygon","coordinates":[[[11.025558253549343,49.578370543114126],[11.025863056085726,49.57837474161463],[11.02586301055453,49.578280108683394],[11.025768662974546,49.578280141508884],[11.025657020337494,49.57828011724871],[11.025553956104144,49.57828012260395],[11.025558253549343,49.578370543114126]]]},"properties":{"kind":"polygon","id":"31348025","poly_type":"building","color":"1.00,0.00,0.00"}},{"type":"Feature","geometry":{"type":"Polygon","coordinates":[[[11.02563132580088,49.57869193596447],[11.025734252657415,49.57869193294978],[11.025828739275047,49.578691897721605],[11.025836265823866,49.57860639767586],[11.025631589651912,49.57860476397187],[11.02563132580088,49.57869193596447]]]},"properties":{"kind":"polygon","id":"31348028","poly_type":"building","color":"1.00,0.00,0.00"}},{"type":"Feature","geometry":{"type":"Polygon","coordinates":[[[11.02532231177925,49.578703013134266],[11.025416660186169,49.578702980662435],[11.025493855350579,49.57870297855303],[11.025497243712955,49.57861107414792],[11.025325487249463,49.57861264171469],[11.02532231177925,49.578703013134266]]]},"properties":{"kind":"polygon","id":"31348031","poly_type":"building","color":"1.00,0.00,0.00"}},{"type":"Feature","geometry":{"type":"Polygon","coordinates":[[[11.024988017116558,49.578608024056116],[11.024989544430998,49.57870173147937],[11.02508195744795,49.57870173315557],[11.025175476403126,49.578701715399],[11.02517547738807,49.57860483276417],[11.024988017116558,49.578608024056116]]]},"properties":{"kind":"polygon","id":"31348033","poly_type":"building","color":"1.00,0.00,0.00"}},{"type":"Feature","geometry":{"type":"Polygon","coordinates":[[[11.024685065295314,49.57869536606329],[11.024781438398053,49.57869745762106],[11.024887952720572,49.57869388429112],[11.024888001514034,49.57860482699445],[11.02467856067896,49.57860840248677],[11.024685065295314,49.57869536606329]]]},"properties":{"kind":"polygon","id":"31348034","poly_type":"building","color":"1.00,0.00,0.00"}},{"type":"Feature","geometry":{"type":"Polygon","coordinates":[[[11.026013203989494,49.578886930616974],[11.026155003590969,49.5788868761863],[11.026154770224048,49.57861404368741],[11.026008954942647,49.57861398853108],[11.026016054866636,49.57870858788013],[11.026014396149678,49.57880882792358],[11.026013203989494,49.578886930616974]]]},"properties":{"kind":"polygon","id":"31348035","poly_type":"building","color":"1.00,0.00,0.00"}},{"type":"Feature","geometry":{"type":"Polygon","coordinates":[[[11.026120464133843,49.57838030906344],[11.026429471249127,49.57840251359762],[11.026447400179048,49.57830432741396],[11.026352814256237,49.57829860770529],[11.026223556324755,49.578290796475905],[11.02613771315935,49.57828573307813],[11.026120464133843,49.57838030906344]]]},"properties":{"kind":"polygon","id":"31348036","poly_type":"building","color":"1.00,0.00,0.00"}},{"type":"Feature","geometry":{"type":"Polygon","coordinates":[[[11.026618262387505,49.5785249652121],[11.026618431706664,49.57840550065096],[11.02669559613905,49.578408106999916],[11.026832832354193,49.57840813167113],[11.02683706576015,49.57846356037266],[11.026841071112715,49.578520162497114],[11.026618262387505,49.5785249652121]]]},"properties":{"kind":"polygon","id":"31348037","poly_type":"building","color":"1.00,0.00,0.00"}},{"type":"Feature","geometry":{"type":"Polygon","coordinates":[[[11.023828821190707,49.57853052535212],[11.02382878010832,49.57845262417863],[11.023828830843264,49.57836356685443],[11.023828789768993,49.5782856656788],[11.023979652140149,49.578284016077305],[11.023979744454184,49.578526985613074],[11.023828821190707,49.57853052535212]]]},"properties":{"kind":"polygon","id":"31348038","poly_type":"building","color":"1.00,0.00,0.00"}},{"type":"Feature","geometry":{"type":"Polygon","coordinates":[[[11.024101147145524,49.578365009900175],[11.024418365947943,49.57836503691815],[11.02441254551374,49.57825782125211],[11.024309481293905,49.57825782549802],[11.02419783866618,49.57825779982896],[11.02409676685495,49.578252461621815],[11.024101147145524,49.578365009900175]]]},"properties":{"kind":"polygon","id":"31348039","poly_type":"building","color":"1.00,0.00,0.00"}},{"type":"Feature","geometry":{"type":"Polygon","coordinates":[[[11.026418126410748,49.57876316606665],[11.026513843348317,49.57875609216069],[11.026618306330105,49.578753092904215],[11.026704267582053,49.57874762902635],[11.026686970798268,49.57864736119726],[11.026395206954621,49.57866407615151],[11.026418126410748,49.57876316606665]]]},"properties":{"kind":"polygon","id":"31348040","poly_type":"building","color":"1.00,0.00,0.00"}},{"type":"Feature","geometry":{"type":"Polygon","coordinates":[[[11.026232141856623,49.57902576666181],[11.026326543930708,49.57902033514995],[11.026420938533876,49.57901472377975],[11.026515333113085,49.57900911233281],[11.026498182298097,49.578909021836104],[11.026214853369924,49.57892567853721],[11.026232141856623,49.57902576666181]]]},"properties":{"kind":"polygon","id":"31348041","poly_type":"building","color":"1.00,0.00,0.00"}},{"type":"Feature","geometry":{"type":"Polygon","coordinates":[[[11.026096513919681,49.579285056270955],[11.026197787282367,49.57928184339005],[11.026384357691926,49.579273808110415],[11.02636938030782,49.57920948202333],[11.026369337943265,49.579165044497195],[11.026086191372343,49.57917612040873],[11.026096513919681,49.579285056270955]]]},"properties":{"kind":"polygon","id":"31348042","poly_type":"building","color":"1.00,0.00,0.00"}},{"type":"Feature","geometry":{"type":"Polygon","coordinates":[[[11.025596913502932,49.57920393835273],[11.025617250176856,49.57930082473149],[11.02570843551277,49.57929787885889],[11.02581143910261,49.579293016813956],[11.02589725571989,49.57928737616205],[11.025880240573272,49.57918719325186],[11.025596913502932,49.57920393835273]]]},"properties":{"kind":"polygon","id":"31348043","poly_type":"building","color":"1.00,0.00,0.00"}},{"type":"Feature","geometry":{"type":"Polygon","coordinates":[[[11.025133458714999,49.57928743475885],[11.025219367914163,49.57928737026165],[11.02532229603477,49.57928736759756],[11.025425362396795,49.579287362421695],[11.025426100323108,49.57918156124778],[11.025133509774706,49.57918173556879],[11.025133458714999,49.57928743475885]]]},"properties":{"kind":"polygon","id":"31348045","poly_type":"building","color":"1.00,0.00,0.00"}},{"type":"Feature","geometry":{"type":"Polygon","coordinates":[[[11.024672445086468,49.57928956636184],[11.024755776604486,49.579287388374915],[11.024850141604947,49.57928438753259],[11.024930041919482,49.579289555907124],[11.024935952322199,49.579181685179094],[11.024674754273631,49.57918157875948],[11.024672445086468,49.57928956636184]]]},"properties":{"kind":"polygon","id":"31348046","poly_type":"building","color":"1.00,0.00,0.00"}},{"type":"Feature","geometry":{"type":"Polygon","coordinates":[[[11.02420041575197,49.57925617633055],[11.024300837444473,49.57925244027637],[11.024403836797637,49.57925081797539],[11.024500763375276,49.5792562284592],[11.024506900902079,49.57913710928363],[11.024202384376098,49.579136590377836],[11.02420041575197,49.57925617633055]]]},"properties":{"kind":"polygon","id":"31348047","poly_type":"building","color":"1.00,0.00,0.00"}},{"type":"Feature","geometry":{"type":"Polygon","coordinates":[[[11.023771276161348,49.57922284374666],[11.023854603906281,49.579220576518885],[11.023966163196494,49.5792185350001],[11.024047192843945,49.57921756722012],[11.024047200998766,49.579114117690985],[11.023772724406154,49.579114061626704],[11.023771276161348,49.57922284374666]]]},"properties":{"kind":"polygon","id":"31348048","poly_type":"building","color":"1.00,0.00,0.00"}},{"type":"Feature","geometry":{"type":"Polygon","coordinates":[[[11.023799730572716,49.5785697153044],[11.023957209594432,49.578574156957465],[11.023957146653338,49.57888693504761],[11.023797027565077,49.578888926446695],[11.02379703191007,49.57878871539726],[11.023798056151907,49.57866968570319],[11.023799730572716,49.5785697153044]]]},"properties":{"kind":"polygon","id":"31348049","poly_type":"building","color":"1.00,0.00,0.00"}},{"type":"Feature","geometry":{"type":"Polygon","coordinates":[[[11.024266623871386,49.5786195687971],[11.024447609198567,49.578617031711346],[11.024448732127567,49.5785639380223],[11.024449731694336,49.57851120631543],[11.024267629662553,49.57851349307705],[11.024266623871386,49.5786195687971]]]},"properties":{"kind":"polygon","id":"31348050","poly_type":"building","color":"1.00,0.00,0.00"}},{"type":"Feature","geometry":{"type":"Polygon","coordinates":[[[11.024266662946658,49.57881441280143],[11.024443116739194,49.57881267466069],[11.024442033436127,49.57876978460598],[11.02444077276314,49.57871592302292],[11.024267566466822,49.57871589517762],[11.024266662946658,49.57881441280143]]]},"properties":{"kind":"polygon","id":"31348051","poly_type":"building","color":"1.00,0.00,0.00"}},{"type":"Feature","geometry":{"type":"Polygon","coordinates":[[[11.024283710399805,49.579025780980416],[11.024446818574527,49.57902580559381],[11.02445430948695,49.578902614715766],[11.024361066616251,49.578902627056415],[11.024285668275548,49.57890259696938],[11.024283710399805,49.579025780980416]]]},"properties":{"kind":"polygon","id":"31348052","poly_type":"building","color":"1.00,0.00,0.00"}},{"type":"Feature","geometry":{"type":"Polygon","coordinates":[[[11.024620947635269,49.57901133411251],[11.024631044155532,49.578877572771624],[11.024678636986247,49.57887763945813],[11.024742688185574,49.57887759800462],[11.02474266141954,49.57901064339319],[11.024620947635269,49.57901133411251]]]},"properties":{"kind":"polygon","id":"31348053","poly_type":"building","color":"1.00,0.00,0.00"}},{"type":"Feature","geometry":{"type":"Polygon","coordinates":[[[11.024953206756015,49.57900363013368],[11.024947167736435,49.57887779743279],[11.025013341510997,49.57887555973492],[11.025073383653165,49.57887558826898],[11.025073425877796,49.57900359491843],[11.024953206756015,49.57900363013368]]]},"properties":{"kind":"polygon","id":"31348054","poly_type":"building","color":"1.00,0.00,0.00"}},{"type":"Feature","geometry":{"type":"Polygon","coordinates":[[[11.025647559856028,49.57903051600677],[11.025639942536172,49.5789033616277],[11.025699342391079,49.578901242138194],[11.025754029793234,49.578905592007345],[11.025759204206187,49.57903054025428],[11.025647559856028,49.57903051600677]]]},"properties":{"kind":"polygon","id":"31348055","poly_type":"building","color":"1.00,0.00,0.00"}},{"type":"Feature","geometry":{"type":"Polygon","coordinates":[[[11.02534199448707,49.579028039437205],[11.025341950513086,49.57888330099895],[11.025417185037545,49.578879375200714],[11.0254767449256,49.57888112113205],[11.025474917165562,49.5790274215928],[11.02534199448707,49.579028039437205]]]},"properties":{"kind":"polygon","id":"31348056","poly_type":"building","color":"1.00,0.00,0.00"}},{"type":"Feature","geometry":{"type":"Polygon","coordinates":[[[11.02543514692013,49.57976422777186],[11.025978909668236,49.57976577162241],[11.02597894368874,49.579636324345664],[11.025446530176847,49.579631523310624],[11.02543514692013,49.57976422777186]]]},"properties":{"kind":"polygon","id":"31349637","poly_type":"building","color":"1.00,0.00,0.00"}},{"type":"Feature","geometry":{"type":"Polygon","coordinates":[[[11.025402815304997,49.58014611722415],[11.025940316037667,49.580150019800946],[11.025940362776549,49.58001085706226],[11.025408146178112,49.580010910006486],[11.025402815304997,49.58014611722415]]]},"properties":{"kind":"polygon","id":"31349638","poly_type":"building","color":"1.00,0.00,0.00"}},{"type":"Feature","geometry":{"type":"Polygon","coordinates":[[[11.025451350729742,49.58052641104398],[11.026001555807362,49.580529641164055],[11.026000307274574,49.5804059735447],[11.025462654842084,49.58039847564989],[11.025451350729742,49.58052641104398]]]},"properties":{"kind":"polygon","id":"31349639","poly_type":"building","color":"1.00,0.00,0.00"}},{"type":"Feature","geometry":{"type":"Polygon","coordinates":[[[11.025511097437295,49.580923510227315],[11.026060345855125,49.580906876565244],[11.026043328407782,49.580789961926804],[11.02550252561752,49.58080671752424],[11.025511097437295,49.580923510227315]]]},"properties":{"kind":"polygon","id":"31349640","poly_type":"building","color":"1.00,0.00,0.00"}},{"type":"Feature","geometry":{"type":"Polygon","coordinates":[[[11.02557436668233,49.58128537490379],[11.026132631903884,49.581265884375505],[11.02611190288842,49.58112951430347],[11.025553981681863,49.581157274666275],[11.02557436668233,49.58128537490379]]]},"properties":{"kind":"polygon","id":"31349641","poly_type":"building","color":"1.00,0.00,0.00"}},{"type":"Feature","geometry":{"type":"Polygon","coordinates":[[[11.025685311979604,49.58161581976905],[11.025785847325954,49.58160803244051],[11.025899848309992,49.58160468694599],[11.025888733284544,49.581496664540715],[11.025674201146902,49.58150788722814],[11.025685311979604,49.58161581976905]]]},"properties":{"kind":"polygon","id":"31349642","poly_type":"building","color":"1.00,0.00,0.00"}},{"type":"Feature","geometry":{"type":"Polygon","coordinates":[[[11.026086253584351,49.58158577041177],[11.026165942270461,49.58158239583761],[11.02625776394886,49.58157467074223],[11.026240747128625,49.581474487941904],[11.026068960609456,49.58148559242404],[11.026086253584351,49.58158577041177]]]},"properties":{"kind":"polygon","id":"31349644","poly_type":"building","color":"1.00,0.00,0.00"}},{"type":"Feature","geometry":{"type":"Polygon","coordinates":[[[11.026206314605892,49.579771594436885],[11.026357767881473,49.57977074100965],[11.026355866406536,49.579688104748456],[11.026352269226525,49.57952111945491],[11.026283647687816,49.57952106192908],[11.02621489162678,49.57952109667446],[11.026206314605892,49.579771594436885]]]},"properties":{"kind":"polygon","id":"31349645","poly_type":"building","color":"1.00,0.00,0.00"}},{"type":"Feature","geometry":{"type":"Polygon","coordinates":[[[11.026240711913589,49.580111025689554],[11.026391266005163,49.58010847880751],[11.02639123612191,49.58002760889003],[11.026391140136543,49.57993846417748],[11.026391266203033,49.57986469805041],[11.026240668178211,49.5798661662336],[11.026240711913589,49.580111025689554]]]},"properties":{"kind":"polygon","id":"31349646","poly_type":"building","color":"1.00,0.00,0.00"}},{"type":"Feature","geometry":{"type":"Polygon","coordinates":[[[11.026266394676927,49.580383682284456],[11.02641235347217,49.58038373462772],[11.026417699816763,49.580305739096296],[11.026412306208735,49.58023899626218],[11.026412311683625,49.58017233877412],[11.026270412018572,49.58016672802736],[11.026266394676927,49.580383682284456]]]},"properties":{"kind":"polygon","id":"31349648","poly_type":"building","color":"1.00,0.00,0.00"}},{"type":"Feature","geometry":{"type":"Polygon","coordinates":[[[11.026317859862878,49.58078443441387],[11.026471782847693,49.58077966949003],[11.026471749528252,49.5806953813128],[11.026471844653972,49.58060083590186],[11.026471779729894,49.58052914211466],[11.02631786125663,49.58053399691942],[11.026317859862878,49.58078443441387]]]},"properties":{"kind":"polygon","id":"31349649","poly_type":"building","color":"1.00,0.00,0.00"}},{"type":"Feature","geometry":{"type":"Polygon","coordinates":[[[11.026378036043887,49.58110155477924],[11.026541151053463,49.58110157635158],[11.026532530363395,49.58102373551361],[11.026523949318968,49.580956868610016],[11.026515283094636,49.58088460583803],[11.026369464780995,49.58088464111305],[11.026378036043887,49.58110155477924]]]},"properties":{"kind":"polygon","id":"31349650","poly_type":"building","color":"1.00,0.00,0.00"}},{"type":"Feature","geometry":{"type":"Polygon","coordinates":[[[11.026455237083143,49.58146893216735],[11.02659266572952,49.58146337652357],[11.026592463229637,49.58138502841229],[11.026583147421075,49.58130710980086],[11.026566842890093,49.581240827970255],[11.026431435558038,49.58125174554184],[11.026455237083143,49.58146893216735]]]},"properties":{"kind":"polygon","id":"31349651","poly_type":"building","color":"1.00,0.00,0.00"}},{"type":"Feature","geometry":{"type":"Polygon","coordinates":[[[11.02446178961775,49.579571396574835],[11.024745534867568,49.57957137876406],[11.024741195252323,49.57947322276974],[11.024638266725024,49.57947322492178],[11.024543774847489,49.579473169305906],[11.024457865306008,49.57947323330554],[11.02446178961775,49.579571396574835]]]},"properties":{"kind":"polygon","id":"31350463","poly_type":"building","color":"1.00,0.00,0.00"}},{"type":"Feature","geometry":{"type":"Polygon","coordinates":[[[11.024887334241495,49.57958463938809],[11.025202621737336,49.57958460813779],[11.025196072464476,49.57948990916339],[11.025093143914251,49.579489911720586],[11.02497298369678,49.57948805684379],[11.024887459105129,49.57948739477694],[11.024887334241495,49.57958463938809]]]},"properties":{"kind":"polygon","id":"31350464","poly_type":"building","color":"1.00,0.00,0.00"}},{"type":"Feature","geometry":{"type":"Polygon","coordinates":[[[11.023925736927808,49.579629081671044],[11.023925830730269,49.57956782000686],[11.02393125493683,49.5794347701755],[11.023994342885148,49.57943483594683],[11.024073059925152,49.579434808167534],[11.024073110106702,49.579626593446385],[11.023925736927808,49.579629081671044]]]},"properties":{"kind":"polygon","id":"31350465","poly_type":"building","color":"1.00,0.00,0.00"}},{"type":"Feature","geometry":{"type":"Polygon","coordinates":[[[11.02402834708989,49.579694933502815],[11.024148881628719,49.57969579329879],[11.024157223792406,49.57988401517154],[11.02402316671941,49.579884021643494],[11.024020171252406,49.579818316227005],[11.024020264929819,49.579757054566144],[11.02402834708989,49.579694933502815]]]},"properties":{"kind":"polygon","id":"31350466","poly_type":"building","color":"1.00,0.00,0.00"}},{"type":"Feature","geometry":{"type":"Polygon","coordinates":[[[11.025002982176272,49.57978159791856],[11.025150014866725,49.5797842417742],[11.025147919734477,49.579823859082964],[11.025144768000994,49.579881396128],[11.02500296175654,49.57988135946616],[11.025002982176272,49.57978159791856]]]},"properties":{"kind":"polygon","id":"31350467","poly_type":"building","color":"1.00,0.00,0.00"}},{"type":"Feature","geometry":{"type":"Polygon","coordinates":[[[11.024821670913344,49.58007047145614],[11.024960847309012,49.580070464415925],[11.024958331167134,49.580013026580744],[11.024955751212234,49.57995738898162],[11.024824250511783,49.57995231410344],[11.024821670913344,49.58007047145614]]]},"properties":{"kind":"polygon","id":"31350469","poly_type":"building","color":"1.00,0.00,0.00"}},{"type":"Feature","geometry":{"type":"Polygon","coordinates":[[[11.025005664576247,49.58023070120274],[11.02513944607134,49.580230698419896],[11.025140948932506,49.58018011685097],[11.025142200803787,49.58013349773826],[11.024998678492233,49.58013547013745],[11.025005664576247,49.58023070120274]]]},"properties":{"kind":"polygon","id":"31350470","poly_type":"building","color":"1.00,0.00,0.00"}},{"type":"Feature","geometry":{"type":"Polygon","coordinates":[[[11.024784144984974,49.5802969177144],[11.024924129181413,49.580296356848315],[11.02492530229123,49.58034140426243],[11.024926773105374,49.58039364294408],[11.024787561729639,49.58039616931844],[11.024784144984974,49.5802969177144]]]},"properties":{"kind":"polygon","id":"31350471","poly_type":"building","color":"1.00,0.00,0.00"}},{"type":"Feature","geometry":{"type":"Polygon","coordinates":[[[11.025024445020943,49.58044707644714],[11.02515324647601,49.580447070860814],[11.025153245743144,49.580497176354555],[11.025155236306135,49.5805485963317],[11.025026572831552,49.58054859950389],[11.025024445020943,49.58044707644714]]]},"properties":{"kind":"polygon","id":"31350472","poly_type":"building","color":"1.00,0.00,0.00"}},{"type":"Feature","geometry":{"type":"Polygon","coordinates":[[[11.024183399555703,49.57995156392886],[11.024183455495466,49.58001309283928],[11.024183312449715,49.58007984267718],[11.024183357234776,49.580141101913654],[11.024303440930334,49.58014106988178],[11.024303355699923,49.579951803994405],[11.024183399555703,49.57995156392886]]]},"properties":{"kind":"polygon","id":"31350475","poly_type":"building","color":"1.00,0.00,0.00"}},{"type":"Feature","geometry":{"type":"Polygon","coordinates":[[[11.024260504152135,49.5802134260876],[11.024262162151395,49.580280234368196],[11.024262249175303,49.580335825637825],[11.024262169490113,49.58040410361604],[11.02440636037,49.58040823744297],[11.024406458792924,49.58021339107736],[11.024260504152135,49.5802134260876]]]},"properties":{"kind":"polygon","id":"31350477","poly_type":"building","color":"1.00,0.00,0.00"}},{"type":"Feature","geometry":{"type":"Polygon","coordinates":[[[11.024354844004652,49.58046383207997],[11.024356321058564,49.58051957893878],[11.024357837243429,49.58058629974094],[11.024359332311148,49.580645824434285],[11.02448363909313,49.58064751744818],[11.024483645526338,49.580463827238624],[11.024354844004652,49.58046383207997]]]},"properties":{"kind":"polygon","id":"31350478","poly_type":"building","color":"1.00,0.00,0.00"}},{"type":"Feature","geometry":{"type":"Polygon","coordinates":[[[11.024514363543714,49.5816438718249],[11.024803304211357,49.581638725484034],[11.02480134193444,49.58155456104573],[11.024646804323773,49.58155456682257],[11.024651006944703,49.58145221334984],[11.02450942739408,49.581454420992856],[11.024509380211352,49.581510104558085],[11.024509468347864,49.58158242760747],[11.024514363543714,49.5816438718249]]]},"properties":{"kind":"polygon","id":"31350479","poly_type":"building","color":"1.00,0.00,0.00"}},{"type":"Feature","geometry":{"type":"Polygon","coordinates":[[[11.024998718573451,49.581643581323725],[11.025110029135465,49.581642082817446],[11.02521316373866,49.58164360591143],[11.025307593327927,49.5816387145126],[11.025299131347793,49.5815379320482],[11.024998720286742,49.581543370350516],[11.024998718573451,49.581643581323725]]]},"properties":{"kind":"polygon","id":"31350480","poly_type":"building","color":"1.00,0.00,0.00"}},{"type":"Feature","geometry":{"type":"Polygon","coordinates":[[[11.025021338007926,49.5813812336517],[11.02516580567001,49.581378615002926],[11.025161707789938,49.58132642231527],[11.025165852261654,49.58127615433925],[11.025024045695433,49.581276207645516],[11.025021338007926,49.5813812336517]]]},"properties":{"kind":"polygon","id":"31350481","poly_type":"building","color":"1.00,0.00,0.00"}},{"type":"Feature","geometry":{"type":"Polygon","coordinates":[[[11.02518744765222,49.581192926879794],[11.025331297937576,49.581192117947666],[11.025331281450951,49.58113157786697],[11.02533123253119,49.58108696056077],[11.025187494751544,49.58108713783314],[11.02518744765222,49.581192926879794]]]},"properties":{"kind":"polygon","id":"31350482","poly_type":"building","color":"1.00,0.00,0.00"}},{"type":"Feature","geometry":{"type":"Polygon","coordinates":[[[11.024945240280166,49.58105026821118],[11.025093139775898,49.58105370658955],[11.025093097537747,49.58099253726788],[11.025100129854449,49.580945187291384],[11.024942518654502,49.5809477660388],[11.024945240280166,49.58105026821118]]]},"properties":{"kind":"polygon","id":"31350483","poly_type":"building","color":"1.00,0.00,0.00"}},{"type":"Feature","geometry":{"type":"Polygon","coordinates":[[[11.025076441284485,49.58087426683779],[11.025213131481824,49.58087430302182],[11.025208664066747,49.580819867900956],[11.025204659251278,49.580769922480734],[11.025079040932155,49.58076663398932],[11.025076441284485,49.58087426683779]]]},"properties":{"kind":"polygon","id":"31350486","poly_type":"building","color":"1.00,0.00,0.00"}},{"type":"Feature","geometry":{"type":"Polygon","coordinates":[[[11.024868935034855,49.58073765735945],[11.025016139172896,49.58073768967478],[11.025015953411602,49.58068641802004],[11.025015816031258,49.5806363149458],[11.024869012621805,49.58063258742313],[11.024868935034855,49.58073765735945]]]},"properties":{"kind":"polygon","id":"31350487","poly_type":"building","color":"1.00,0.00,0.00"}},{"type":"Feature","geometry":{"type":"Polygon","coordinates":[[[11.024411929270645,49.58090046902973],[11.024543761666804,49.58090346959657],[11.024543817385265,49.580714291216374],[11.024406436370327,49.580714266330915],[11.024408140441073,49.580775496529114],[11.024410440372822,49.580847780884696],[11.024411929270645,49.58090046902973]]]},"properties":{"kind":"polygon","id":"31350489","poly_type":"building","color":"1.00,0.00,0.00"}},{"type":"Feature","geometry":{"type":"Polygon","coordinates":[[[11.024518028195844,49.58097030740339],[11.024520611461769,49.58102603489962],[11.024524017577642,49.58109829989434],[11.024518018228292,49.5811539077053],[11.024661435082058,49.58115265741069],[11.024655271677066,49.58097033456652],[11.024518028195844,49.58097030740339]]]},"properties":{"kind":"polygon","id":"31350492","poly_type":"building","color":"1.00,0.00,0.00"}},{"type":"Feature","geometry":{"type":"Polygon","coordinates":[[[11.02455227637114,49.58122617256351],[11.024556660667704,49.581281958497016],[11.02455231741892,49.581354179181446],[11.02455236643604,49.58141552829],[11.024689745694745,49.58141546308629],[11.024693041218127,49.58122101057529],[11.02455227637114,49.58122617256351]]]},"properties":{"kind":"polygon","id":"31350493","poly_type":"building","color":"1.00,0.00,0.00"}},{"type":"Feature","geometry":{"type":"Polygon","coordinates":[[[11.022801254145289,49.58174310202235],[11.02288725019897,49.581741688420976],[11.022990112907536,49.581739979838495],[11.023079845449558,49.58173859071611],[11.023077955490526,49.58162599892057],[11.022799364827003,49.581630510214204],[11.022801254145289,49.58174310202235]]]},"properties":{"kind":"polygon","id":"31351345","poly_type":"building","color":"1.00,0.00,0.00"}},{"type":"Feature","geometry":{"type":"Polygon","coordinates":[[[11.023256276731809,49.58171598505217],[11.023350444410804,49.581714788027405],[11.023445015680378,49.581713313999614],[11.023535159184691,49.581711827380204],[11.023533271899417,49.58159932549582],[11.02325632797492,49.581610195962256],[11.023256276731809,49.58171598505217]]]},"properties":{"kind":"polygon","id":"31351346","poly_type":"building","color":"1.00,0.00,0.00"}},{"type":"Feature","geometry":{"type":"Polygon","coordinates":[[[11.023659710563505,49.581699303974375],[11.023754064792417,49.581699272785094],[11.023848560989487,49.58169932899134],[11.023944391340564,49.58169819235392],[11.02394263764678,49.58158559817853],[11.023664051074729,49.58159020144149],[11.023659710563505,49.581699303974375]]]},"properties":{"kind":"polygon","id":"31351348","poly_type":"building","color":"1.00,0.00,0.00"}},{"type":"Feature","geometry":{"type":"Polygon","coordinates":[[[11.022387851008457,49.5814684971202],[11.022666440817275,49.5814639868287],[11.022664690089623,49.58135139259219],[11.022578141709419,49.581352815687026],[11.022492422823897,49.58135422421664],[11.022380773076266,49.5813541968837],[11.022387851008457,49.5814684971202]]]},"properties":{"kind":"polygon","id":"31351349","poly_type":"building","color":"1.00,0.00,0.00"}},{"type":"Feature","geometry":{"type":"Polygon","coordinates":[[[11.022804040817757,49.58144583886192],[11.02308263042907,49.58144132757025],[11.023076124134677,49.58133754221852],[11.022998872713545,49.5813362842942],[11.022895873300914,49.58133466690876],[11.022802147807614,49.581333157157346],[11.022804040817757,49.58144583886192]]]},"properties":{"kind":"polygon","id":"31351350","poly_type":"building","color":"1.00,0.00,0.00"}},{"type":"Feature","geometry":{"type":"Polygon","coordinates":[[[11.023199707615968,49.581432083809325],[11.023478297083834,49.58142757156626],[11.02347083773511,49.58132083435453],[11.023393638398094,49.58132083516646],[11.023299251424667,49.581320057034176],[11.023197821132307,49.581319581904395],[11.023199707615968,49.581432083809325]]]},"properties":{"kind":"polygon","id":"31351351","poly_type":"building","color":"1.00,0.00,0.00"}},{"type":"Feature","geometry":{"type":"Polygon","coordinates":[[[11.02366579079072,49.58140486174875],[11.023944376307265,49.58140025849488],[11.023942622644816,49.581287664313905],[11.023857042193093,49.581289071434234],[11.023762617454505,49.58129072315191],[11.023664037769022,49.58129226755549],[11.02366579079072,49.58140486174875]]]},"properties":{"kind":"polygon","id":"31351352","poly_type":"building","color":"1.00,0.00,0.00"}},{"type":"Feature","geometry":{"type":"Polygon","coordinates":[[[11.022380737322942,49.58175486126937],[11.022475177905475,49.58175357023162],[11.022569611046485,49.58175209933494],[11.022668741009213,49.58175045629302],[11.022666851995137,49.58163786447897],[11.022388264913163,49.58164246467488],[11.022380737322942,49.58175486126937]]]},"properties":{"kind":"polygon","id":"31351353","poly_type":"building","color":"1.00,0.00,0.00"}},{"type":"Feature","geometry":{"type":"Polygon","coordinates":[[[11.020687052200632,49.58182547440359],[11.020784388025097,49.581827282638585],[11.02086153705249,49.58182269669927],[11.020955946474073,49.581827344538574],[11.02096375922005,49.58170837629014],[11.020685167739723,49.58171288250071],[11.020687052200632,49.58182547440359]]]},"properties":{"kind":"polygon","id":"31351354","poly_type":"building","color":"1.00,0.00,0.00"}},{"type":"Feature","geometry":{"type":"Polygon","coordinates":[[[11.021110531676253,49.58180503379787],[11.021196445392633,49.581804972232064],[11.021290546477829,49.58180215884272],[11.02139313290865,49.581800456508596],[11.02138526327139,49.58169372635821],[11.02111265924642,49.58169246176651],[11.021110531676253,49.58180503379787]]]},"properties":{"kind":"polygon","id":"31351355","poly_type":"building","color":"1.00,0.00,0.00"}},{"type":"Feature","geometry":{"type":"Polygon","coordinates":[[[11.021522450421406,49.581782724649436],[11.021608364088891,49.58178266277822],[11.021719966534436,49.58178152226115],[11.02180706872334,49.5817800901347],[11.021805043438157,49.5816675006979],[11.021526452328903,49.58167200893055],[11.021522450421406,49.581782724649436]]]},"properties":{"kind":"polygon","id":"31351356","poly_type":"building","color":"1.00,0.00,0.00"}},{"type":"Feature","geometry":{"type":"Polygon","coordinates":[[[11.021925881859943,49.58176595971285],[11.022028905226975,49.58176478891385],[11.022123200162534,49.581763320797336],[11.022209334537939,49.581761905282875],[11.022207584831177,49.58164931103167],[11.021928993891704,49.581653820231956],[11.021925881859943,49.58176595971285]]]},"properties":{"kind":"polygon","id":"31351357","poly_type":"building","color":"1.00,0.00,0.00"}},{"type":"Feature","geometry":{"type":"Polygon","coordinates":[[[11.021919500901836,49.58148441919163],[11.022198090878371,49.58147991002634],[11.022192016068534,49.581376476916475],[11.022114764590883,49.58137521840228],[11.022011899636158,49.58137350792317],[11.021917617356797,49.58137191722944],[11.021919500901836,49.58148441919163]]]},"properties":{"kind":"polygon","id":"31351358","poly_type":"building","color":"1.00,0.00,0.00"}},{"type":"Feature","geometry":{"type":"Polygon","coordinates":[[[11.021537566964371,49.58148902427197],[11.021816157029958,49.581484516025654],[11.021814363532567,49.581387574866646],[11.021719995771132,49.581383916518945],[11.021634287933354,49.58138559408673],[11.02153116053078,49.581387575959184],[11.021537566964371,49.58148902427197]]]},"properties":{"kind":"polygon","id":"31351359","poly_type":"building","color":"1.00,0.00,0.00"}},{"type":"Feature","geometry":{"type":"Polygon","coordinates":[[[11.02107125622517,49.58152082947137],[11.021349846548535,49.58151632234521],[11.021342264715482,49.58140985702748],[11.021256351696614,49.58140991869278],[11.021170435775348,49.5814065620195],[11.021069509163283,49.58140823516517],[11.02107125622517,49.58152082947137]]]},"properties":{"kind":"polygon","id":"31351360","poly_type":"building","color":"1.00,0.00,0.00"}},{"type":"Feature","geometry":{"type":"Polygon","coordinates":[[[11.020659812430898,49.58153449295883],[11.020938399185628,49.58152989693101],[11.020930256983375,49.58142658983659],[11.020835836359742,49.581425000676994],[11.020750136670276,49.58142352898908],[11.020657928064,49.58142190104925],[11.020659812430898,49.58153449295883]]]},"properties":{"kind":"polygon","id":"31351361","poly_type":"building","color":"1.00,0.00,0.00"}},{"type":"Feature","geometry":{"type":"Polygon","coordinates":[[[11.020652852501035,49.58129569157116],[11.020732903117317,49.58129438340612],[11.020835871883175,49.581298611974944],[11.02093036366022,49.58129858068375],[11.020929694895369,49.58117859115151],[11.020651106425804,49.5811830972422],[11.020652852501035,49.58129569157116]]]},"properties":{"kind":"polygon","id":"31351362","poly_type":"building","color":"1.00,0.00,0.00"}},{"type":"Feature","geometry":{"type":"Polygon","coordinates":[[[11.0210758594118,49.58126392487474],[11.021153525458079,49.581265176839814],[11.021256457849814,49.58126517774049],[11.021350953266488,49.58126523599761],[11.021352562335606,49.58114682587271],[11.021073974116423,49.58115133297897],[11.0210758594118,49.58126392487474]]]},"properties":{"kind":"polygon","id":"31351364","poly_type":"building","color":"1.00,0.00,0.00"}},{"type":"Feature","geometry":{"type":"Polygon","coordinates":[[[11.021496868954474,49.581254140775556],[11.021591222378891,49.5812541113612],[11.021685575800888,49.581254081869915],[11.021784155522528,49.581252539152466],[11.021782403132274,49.581139854981835],[11.021503822453614,49.58114454290429],[11.021496868954474,49.581254140775556]]]},"properties":{"kind":"polygon","id":"31351365","poly_type":"building","color":"1.00,0.00,0.00"}},{"type":"Feature","geometry":{"type":"Polygon","coordinates":[[[11.02060975091834,49.58100921505014],[11.020887460627163,49.58100355497658],[11.020887382504467,49.58089785811634],[11.020809994381283,49.580893272751226],[11.020715570228928,49.58089492197353],[11.020607866723191,49.58089662312837],[11.02060975091834,49.58100921505014]]]},"properties":{"kind":"polygon","id":"31351366","poly_type":"building","color":"1.00,0.00,0.00"}},{"type":"Feature","geometry":{"type":"Polygon","coordinates":[[[11.021012190902072,49.58098869243682],[11.02129077820543,49.580984185490905],[11.021290856841782,49.58087560729768],[11.02120455682746,49.58087297701184],[11.02110200947252,49.58087557806493],[11.021007518517044,49.580875609485965],[11.021012190902072,49.58098869243682]]]},"properties":{"kind":"polygon","id":"31351367","poly_type":"building","color":"1.00,0.00,0.00"}},{"type":"Feature","geometry":{"type":"Polygon","coordinates":[[[11.021482890624869,49.58097282292082],[11.021761477760464,49.58096831484306],[11.0217597291678,49.580855720557075],[11.021668204655697,49.580857229931446],[11.021582348342942,49.580858640191884],[11.021479569924436,49.58085899671894],[11.021482890624869,49.58097282292082]]]},"properties":{"kind":"polygon","id":"31351368","poly_type":"building","color":"1.00,0.00,0.00"}},{"type":"Feature","geometry":{"type":"Polygon","coordinates":[[[11.02188996317707,49.58109785498017],[11.021968836051125,49.58109818574671],[11.02208034401324,49.5810947976268],[11.022168554673849,49.58109343580462],[11.022166666881834,49.58098084395541],[11.021888076025796,49.58098526311835],[11.02188996317707,49.58109785498017]]]},"properties":{"kind":"polygon","id":"31351370","poly_type":"building","color":"1.00,0.00,0.00"}},{"type":"Feature","geometry":{"type":"Polygon","coordinates":[[[11.022328794816245,49.58108415814856],[11.02242368529332,49.58108708721213],[11.022518180338643,49.58108714452015],[11.022603954511268,49.581087084341846],[11.022605493645996,49.58096705619726],[11.022326910372977,49.58097165619747],[11.022328794816245,49.58108415814856]]]},"properties":{"kind":"polygon","id":"31351371","poly_type":"building","color":"1.00,0.00,0.00"}},{"type":"Feature","geometry":{"type":"Polygon","coordinates":[[[11.022719912827409,49.58090694431477],[11.022998499384391,49.58090243326419],[11.02299015524645,49.5807976905203],[11.02290437787283,49.58079766108755],[11.022801391452377,49.580792984893606],[11.02271802006921,49.580794262596186],[11.022719912827409,49.58090694431477]]]},"properties":{"kind":"polygon","id":"31351372","poly_type":"building","color":"1.00,0.00,0.00"}},{"type":"Feature","geometry":{"type":"Polygon","coordinates":[[[11.022788116061506,49.581197928825055],[11.022878535151296,49.581196437894796],[11.022964533265467,49.58119844252131],[11.023066704263965,49.58119341758949],[11.023064952643411,49.58108082336565],[11.022786368799135,49.581085424479895],[11.022788116061506,49.581197928825055]]]},"properties":{"kind":"polygon","id":"31351374","poly_type":"building","color":"1.00,0.00,0.00"}},{"type":"Feature","geometry":{"type":"Polygon","coordinates":[[[11.023179160486425,49.58117615861253],[11.02328209263668,49.58117615771321],[11.023376375214,49.58117441891721],[11.023466932478279,49.58117292511001],[11.023465045407958,49.58106042321237],[11.023186458028265,49.58106493539724],[11.023179160486425,49.58117615861253]]]},"properties":{"kind":"polygon","id":"31351375","poly_type":"building","color":"1.00,0.00,0.00"}},{"type":"Feature","geometry":{"type":"Polygon","coordinates":[[[11.023145044631022,49.580893214021536],[11.023423631039853,49.58088870194866],[11.02342187862975,49.58077610773492],[11.023324961993982,49.58078104109562],[11.023230605807546,49.58078098202149],[11.023144693937878,49.5807810450751],[11.023145044631022,49.580893214021536]]]},"properties":{"kind":"polygon","id":"31351376","poly_type":"building","color":"1.00,0.00,0.00"}},{"type":"Feature","geometry":{"type":"Polygon","coordinates":[[[11.023643042183448,49.58115932006328],[11.023745566975373,49.5811595057882],[11.023848354019536,49.58115599864039],[11.02392176827493,49.5811548043542],[11.023919738191758,49.581042215004494],[11.023642458457193,49.58104823466492],[11.023643042183448,49.58115932006328]]]},"properties":{"kind":"polygon","id":"31351378","poly_type":"building","color":"1.00,0.00,0.00"}},{"type":"Feature","geometry":{"type":"Polygon","coordinates":[[[11.023638481585403,49.58088188569829],[11.023917064129025,49.58087728254761],[11.023915314303835,49.580764778246476],[11.023814247213624,49.580766366296444],[11.023728252921543,49.58076778056504],[11.023636728681492,49.58076929149398],[11.023638481585403,49.58088188569829]]]},"properties":{"kind":"polygon","id":"31351380","poly_type":"building","color":"1.00,0.00,0.00"}},{"type":"Feature","geometry":{"type":"Polygon","coordinates":[[[11.020604059612005,49.58076427448204],[11.02069827757855,49.580764338113546],[11.020784133771025,49.58076292851097],[11.020877040642423,49.5807613956899],[11.020875155858747,49.58064880377563],[11.020596432148043,49.5806533121116],[11.020604059612005,49.58076427448204]]]},"properties":{"kind":"polygon","id":"31351381","poly_type":"building","color":"1.00,0.00,0.00"}},{"type":"Feature","geometry":{"type":"Polygon","coordinates":[[[11.02100744056244,49.58075318081481],[11.021110360737625,49.58075291218595],[11.021196355137683,49.58075149986277],[11.021282203044999,49.580753238492925],[11.02128903892817,49.58063743572288],[11.021010457312794,49.580642032530854],[11.02100744056244,49.58075318081481]]]},"properties":{"kind":"polygon","id":"31351382","poly_type":"building","color":"1.00,0.00,0.00"}},{"type":"Feature","geometry":{"type":"Polygon","coordinates":[[[11.021446548347217,49.58072949738379],[11.021539593366997,49.58072796161617],[11.021642457742885,49.5807263441492],[11.021719849378204,49.580731018850926],[11.02172324737171,49.58061239753457],[11.02144466225619,49.580616905494836],[11.021446548347217,49.58072949738379]]]},"properties":{"kind":"polygon","id":"31351383","poly_type":"building","color":"1.00,0.00,0.00"}},{"type":"Feature","geometry":{"type":"Polygon","coordinates":[[[11.021846686619025,49.58071359982125],[11.021943049550586,49.58071200574653],[11.022037342461994,49.5807105377255],[11.022125272218922,49.580709090886394],[11.022123237385436,49.58060297842895],[11.021844937856951,49.58060100553428],[11.021846686619025,49.58071359982125]]]},"properties":{"kind":"polygon","id":"31351384","poly_type":"building","color":"1.00,0.00,0.00"}},{"type":"Feature","geometry":{"type":"Polygon","coordinates":[[[11.021005344358668,49.580347516130914],[11.021284066260264,49.5803430068321],[11.021282180584816,49.58023041492849],[11.021196346823604,49.580235692619425],[11.021093416596903,49.580235691637796],[11.021003597571479,49.580234921799764],[11.021005344358668,49.580347516130914]]]},"properties":{"kind":"polygon","id":"31351385","poly_type":"building","color":"1.00,0.00,0.00"}},{"type":"Feature","geometry":{"type":"Polygon","coordinates":[[[11.021396480355003,49.58032476080099],[11.021675060099916,49.58032016308659],[11.021668434407292,49.580213411192844],[11.021591236782145,49.58021341077979],[11.021496851930959,49.58021263114928],[11.021394732669933,49.58021216648673],[11.021396480355003,49.58032476080099]]]},"properties":{"kind":"polygon","id":"31351386","poly_type":"building","color":"1.00,0.00,0.00"}},{"type":"Feature","geometry":{"type":"Polygon","coordinates":[[[11.021810303377661,49.58030196751116],[11.022088886640018,49.58029745869335],[11.022080339455098,49.58019110022553],[11.021985988093668,49.58019113001277],[11.02190017088967,49.5801901110207],[11.021808558458009,49.58018946310586],[11.021810303377661,49.58030196751116]]]},"properties":{"kind":"polygon","id":"31351387","poly_type":"building","color":"1.00,0.00,0.00"}},{"type":"Feature","geometry":{"type":"Polygon","coordinates":[[[11.022295056909467,49.580669691119375],[11.02238083407185,49.580669721006785],[11.022492336574912,49.58066957099428],[11.02258233995935,49.58066808755788],[11.022580454977764,49.580555585610476],[11.022301870326704,49.58056009562997],[11.022295056909467,49.580669691119375]]]},"properties":{"kind":"polygon","id":"31351388","poly_type":"building","color":"1.00,0.00,0.00"}},{"type":"Feature","geometry":{"type":"Polygon","coordinates":[[[11.022698344301418,49.580653015913306],[11.022809843038823,49.5806527757043],[11.02287861190656,49.58065301263536],[11.0229847382369,49.58064998760038],[11.022982986862058,49.5805373933627],[11.02270440238081,49.58054190434978],[11.022698344301418,49.580653015913306]]]},"properties":{"kind":"polygon","id":"31351389","poly_type":"building","color":"1.00,0.00,0.00"}},{"type":"Feature","geometry":{"type":"Polygon","coordinates":[[[11.023126855071034,49.58064075585313],[11.023221946848306,49.58064188161859],[11.023324837640276,49.58063756351294],[11.023402214387854,49.58064187752525],[11.023403691422292,49.58052373951377],[11.023125110805994,49.58052834140347],[11.023126855071034,49.58064075585313]]]},"properties":{"kind":"polygon","id":"31351391","poly_type":"building","color":"1.00,0.00,0.00"}},{"type":"Feature","geometry":{"type":"Polygon","coordinates":[[[11.023590971678695,49.58061968544911],[11.023693985109466,49.58061833341638],[11.023788427150587,49.580617131225544],[11.023876225838505,49.58061586525843],[11.023874334167566,49.58050327347805],[11.023595750027297,49.58050778660817],[11.023590971678695,49.58061968544911]]]},"properties":{"kind":"polygon","id":"31351392","poly_type":"building","color":"1.00,0.00,0.00"}},{"type":"Feature","geometry":{"type":"Polygon","coordinates":[[[11.022274224258553,49.58029295989757],[11.022552803676412,49.58028836007278],[11.022552437351996,49.58018581668183],[11.022466661042015,49.58018578691089],[11.022363730954268,49.580185787058184],[11.022272336309571,49.58018036803809],[11.022274224258553,49.58029295989757]]]},"properties":{"kind":"polygon","id":"31351393","poly_type":"building","color":"1.00,0.00,0.00"}},{"type":"Feature","geometry":{"type":"Polygon","coordinates":[[[11.022686019134111,49.58029808526848],[11.022964460265383,49.58029348686943],[11.022960267469307,49.58018876148327],[11.02287421838656,49.58018882674009],[11.022788442078273,49.5801887972078],[11.022685511992792,49.5801887976415],[11.022686019134111,49.58029808526848]]]},"properties":{"kind":"polygon","id":"31351395","poly_type":"building","color":"1.00,0.00,0.00"}},{"type":"Feature","geometry":{"type":"Polygon","coordinates":[[[11.02307522907271,49.580295687974576],[11.023353812091152,49.58029117611254],[11.023351921657612,49.58017858430223],[11.023260260252124,49.580180097337355],[11.02316596471155,49.58018147645091],[11.023073339279863,49.58018309615165],[11.02307522907271,49.580295687974576]]]},"properties":{"kind":"polygon","id":"31351397","poly_type":"building","color":"1.00,0.00,0.00"}},{"type":"Feature","geometry":{"type":"Polygon","coordinates":[[[11.023548459548637,49.58031107043664],[11.023827042576745,49.58030655743446],[11.023826763476677,49.580202843081636],[11.0237323451937,49.580201256257006],[11.023637938071143,49.580199939028006],[11.023546706911876,49.5801984762176],[11.023548459548637,49.58031107043664]]]},"properties":{"kind":"polygon","id":"31351399","poly_type":"building","color":"1.00,0.00,0.00"}},{"type":"Feature","geometry":{"type":"Polygon","coordinates":[[[11.020577932803114,49.58039303283976],[11.020856516786596,49.58038852698173],[11.02085477033766,49.580275932644746],[11.020758546449557,49.580277523387956],[11.020664164329947,49.580280161355326],[11.020578391526906,49.580280220077434],[11.020577932803114,49.58039303283976]]]},"properties":{"kind":"polygon","id":"31351400","poly_type":"building","color":"1.00,0.00,0.00"}},{"type":"Feature","geometry":{"type":"Polygon","coordinates":[[[11.020552811532017,49.580166692638464],[11.020638565569792,49.580166184482394],[11.0207330328828,49.58016561403359],[11.020828740701123,49.580164931884084],[11.02083606782713,49.58006099473989],[11.02054841597837,49.580056933195664],[11.020552811532017,49.580166692638464]]]},"properties":{"kind":"polygon","id":"31351401","poly_type":"building","color":"1.00,0.00,0.00"}},{"type":"Feature","geometry":{"type":"Polygon","coordinates":[[[11.02096888362513,49.580141434265904],[11.02106323491621,49.580141405309426],[11.021157586204872,49.580141376275996],[11.0212570237235,49.58013721028916],[11.02125499988582,49.580024620795655],[11.020976418039627,49.5800291275868],[11.02096888362513,49.580141434265904]]]},"properties":{"kind":"polygon","id":"31351402","poly_type":"building","color":"1.00,0.00,0.00"}},{"type":"Feature","geometry":{"type":"Polygon","coordinates":[[[11.021380972087584,49.580116873685796],[11.021483842618137,49.580115436158046],[11.021569816513816,49.58011690250033],[11.021668140531794,49.580112575703964],[11.021666257712406,49.58000007370453],[11.021387541541742,49.58000467379024],[11.021380972087584,49.580116873685796]]]},"properties":{"kind":"polygon","id":"31351403","poly_type":"building","color":"1.00,0.00,0.00"}},{"type":"Feature","geometry":{"type":"Polygon","coordinates":[[[11.02178004337857,49.58008867100443],[11.021874398263135,49.5800887312787],[11.021968749429831,49.58008870158499],[11.022063238840841,49.58008866939811],[11.02206329648447,49.57998297013897],[11.021788041904818,49.57998094390606],[11.02178004337857,49.58008867100443]]]},"properties":{"kind":"polygon","id":"31351404","poly_type":"building","color":"1.00,0.00,0.00"}},{"type":"Feature","geometry":{"type":"Polygon","coordinates":[[[11.022251595545976,49.58006351795392],[11.022354607878638,49.58006216712815],[11.022440577970647,49.580063542933175],[11.022535748127869,49.580059900221485],[11.022534893504425,49.57995223787338],[11.022255282122682,49.579951908124336],[11.022251595545976,49.58006351795392]]]},"properties":{"kind":"polygon","id":"31351405","poly_type":"building","color":"1.00,0.00,0.00"}},{"type":"Feature","geometry":{"type":"Polygon","coordinates":[[[11.022650741855088,49.580063916947864],[11.022745052065101,49.58006289782085],[11.022839500515468,49.58006187619987],[11.022931598767615,49.58006089559483],[11.022929851294455,49.57994839123469],[11.022650706021464,49.57995264204633],[11.022650741855088,49.580063916947864]]]},"properties":{"kind":"polygon","id":"31351406","poly_type":"building","color":"1.00,0.00,0.00"}},{"type":"Feature","geometry":{"type":"Polygon","coordinates":[[[11.02305850637193,49.580071990034995],[11.02316995543874,49.58007058091331],[11.023247350543544,49.58007201611326],[11.023345151040381,49.58006841669254],[11.0233435408616,49.57995590993313],[11.023064821503889,49.57996042416382],[11.02305850637193,49.580071990034995]]]},"properties":{"kind":"polygon","id":"31351407","poly_type":"building","color":"1.00,0.00,0.00"}},{"type":"Feature","geometry":{"type":"Polygon","coordinates":[[[11.023487448739019,49.58008032098296],[11.02358193809555,49.58008028755583],[11.023676285484134,49.58008016657877],[11.023775344410577,49.58008023297729],[11.02377345674869,49.57996773107315],[11.023487552965497,49.57996913357923],[11.023487448739019,49.58008032098296]]]},"properties":{"kind":"polygon","id":"31351408","poly_type":"building","color":"1.00,0.00,0.00"}},{"type":"Feature","geometry":{"type":"Polygon","coordinates":[[[11.023242969291362,49.579604861412776],[11.023527249871155,49.57960105907995],[11.023526262295986,49.57949357895858],[11.02344035269462,49.57949364220303],[11.023337424089512,49.57949364319818],[11.023246922655536,49.579493066955365],[11.023242969291362,49.579604861412776]]]},"properties":{"kind":"polygon","id":"31351410","poly_type":"building","color":"1.00,0.00,0.00"}},{"type":"Feature","geometry":{"type":"Polygon","coordinates":[[[11.022745190480029,49.57955437431386],[11.023026537952799,49.579549904843724],[11.023019767505117,49.5794430655765],[11.02289110686728,49.579443066336665],[11.02274620838573,49.579441821596134],[11.022745190480029,49.57955437431386]]]},"properties":{"kind":"polygon","id":"31351412","poly_type":"building","color":"1.00,0.00,0.00"}},{"type":"Feature","geometry":{"type":"Polygon","coordinates":[[[11.022272729321713,49.57954068431478],[11.022552443145374,49.57954020261582],[11.022550692882001,49.57942760833809],[11.022461626041869,49.57942826578563],[11.022358607616756,49.57942943690781],[11.022272694384235,49.579429409392716],[11.022272729321713,49.57954068431478]]]},"properties":{"kind":"polygon","id":"31351413","poly_type":"building","color":"1.00,0.00,0.00"}},{"type":"Feature","geometry":{"type":"Polygon","coordinates":[[[11.023558362326456,49.57979131154079],[11.023556720183796,49.57966801061912],[11.023670555014576,49.579670787213324],[11.02367855545897,49.57972372130107],[11.023678583428879,49.57979127775049],[11.023558362326456,49.57979131154079]]]},"properties":{"kind":"polygon","id":"31351414","poly_type":"building","color":"1.00,0.00,0.00"}},{"type":"Feature","geometry":{"type":"Polygon","coordinates":[[[11.02227159812147,49.57978772316946],[11.022277803557298,49.57972365601196],[11.022277810971731,49.57965690855597],[11.022400643582857,49.57965647062153],[11.022400540628718,49.57978447976106],[11.02227159812147,49.57978772316946]]]},"properties":{"kind":"polygon","id":"31351415","poly_type":"building","color":"1.00,0.00,0.00"}},{"type":"Feature","geometry":{"type":"Polygon","coordinates":[[[11.020389613072032,49.57935400205653],[11.020659746247233,49.57935270272265],[11.020659672439614,49.57924709571866],[11.02056979867073,49.579248305539394],[11.020463228747083,49.57924386977468],[11.020384418247355,49.579244976201345],[11.020389613072032,49.57935400205653]]]},"properties":{"kind":"polygon","id":"31353004","poly_type":"building","color":"1.00,0.00,0.00"}},{"type":"Feature","geometry":{"type":"Polygon","coordinates":[[[11.020980507791451,49.579421583592016],[11.021263837694917,49.57942158157679],[11.021260553236951,49.579315311012294],[11.021157617520482,49.57931513028105],[11.021071951239612,49.57931437791286],[11.020977362193495,49.5793153105968],[11.020980507791451,49.579421583592016]]]},"properties":{"kind":"polygon","id":"31353005","poly_type":"building","color":"1.00,0.00,0.00"}},{"type":"Feature","geometry":{"type":"Polygon","coordinates":[[[11.021501955931354,49.57949253449393],[11.021785147962376,49.57949253361219],[11.02178520624497,49.5793868343353],[11.021677043094218,49.57938737510734],[11.021582555028296,49.57938740696157],[11.021496780097543,49.57938737645369],[11.021501955931354,49.57949253449393]]]},"properties":{"kind":"polygon","id":"31353006","poly_type":"building","color":"1.00,0.00,0.00"}},{"type":"Feature","geometry":{"type":"Polygon","coordinates":[[[11.021914843242206,49.579510867018556],[11.022133845030831,49.57951090759611],[11.022131910638626,49.579407222175206],[11.022028843935585,49.579407224419995],[11.021908758253776,49.57940716417684],[11.021914843242206,49.579510867018556]]]},"properties":{"kind":"polygon","id":"31353007","poly_type":"building","color":"1.00,0.00,0.00"}},{"type":"Feature","geometry":{"type":"Polygon","coordinates":[[[11.020430986270554,49.579766177362934],[11.020426926561555,49.5796879865836],[11.020418167711423,49.57951947213499],[11.020550446148455,49.5795166223104],[11.020556606530127,49.57963561640319],[11.02055976328463,49.57969529202345],[11.02056326537319,49.57976332751536],[11.020430986270554,49.579766177362934]]]},"properties":{"kind":"polygon","id":"31353008","poly_type":"building","color":"1.00,0.00,0.00"}},{"type":"Feature","geometry":{"type":"Polygon","coordinates":[[[11.02055976328463,49.57969529202345],[11.020556606530127,49.57963561640319],[11.020614524003031,49.57963442498002],[11.020612963587528,49.579599999103024],[11.021054893443068,49.57959129046405],[11.021059338754643,49.57968548665124],[11.02055976328463,49.57969529202345]]]},"properties":{"kind":"polygon","id":"31353009","poly_type":"building","color":"1.00,0.00,0.00"}},{"type":"Feature","geometry":{"type":"Polygon","coordinates":[[[11.02138098151104,49.579551320428024],[11.021385251157136,49.57981868489274],[11.021861866866951,49.57981233570253],[11.0218618280844,49.57973776288888],[11.021707088632274,49.579746134195624],[11.02171281998684,49.57954003489246],[11.02138098151104,49.579551320428024]]]},"properties":{"kind":"polygon","id":"31353010","poly_type":"building","color":"1.00,0.00,0.00"}},{"type":"Feature","geometry":{"type":"Polygon","coordinates":[[[11.021761297209817,49.57890877634985],[11.021935779629723,49.57891958036758],[11.021942155169825,49.57881610953169],[11.021852840488362,49.57881074379677],[11.02176754230596,49.57880548771662],[11.021761297209817,49.57890877634985]]]},"properties":{"kind":"polygon","id":"31353011","poly_type":"building","color":"1.00,0.00,0.00"}},{"type":"Feature","geometry":{"type":"Polygon","coordinates":[[[11.022016402327802,49.57891547266156],[11.0221908736683,49.57892600662043],[11.022197117857699,49.57882271797579],[11.02211514489222,49.578817583943156],[11.022022635738086,49.57881191434839],[11.022016402327802,49.57891547266156]]]},"properties":{"kind":"polygon","id":"31353012","poly_type":"building","color":"1.00,0.00,0.00"}},{"type":"Feature","geometry":{"type":"Polygon","coordinates":[[[11.023303547617573,49.57900910303958],[11.023466260706012,49.579022989167086],[11.023481250606904,49.57896731411041],[11.023484399230023,49.57891634395324],[11.023320180016254,49.5789061723879],[11.023303547617573,49.57900910303958]]]},"properties":{"kind":"polygon","id":"31353013","poly_type":"building","color":"1.00,0.00,0.00"}},{"type":"Feature","geometry":{"type":"Polygon","coordinates":[[[11.022906942058977,49.57899633794639],[11.023081555801175,49.579006958029495],[11.023087790678051,49.57890348957996],[11.023002189024295,49.57890093839542],[11.02291345007405,49.57889277477607],[11.022906942058977,49.57899633794639]]]},"properties":{"kind":"polygon","id":"31353014","poly_type":"building","color":"1.00,0.00,0.00"}},{"type":"Feature","geometry":{"type":"Polygon","coordinates":[[[11.022585578235923,49.57896642388503],[11.022760199250119,49.57897722423749],[11.022766565614479,49.57887357359721],[11.022677392716744,49.57886829597543],[11.02259195983699,49.57886313281351],[11.022585578235923,49.57896642388503]]]},"properties":{"kind":"polygon","id":"31353015","poly_type":"building","color":"1.00,0.00,0.00"}},{"type":"Feature","geometry":{"type":"Polygon","coordinates":[[[11.022286142720253,49.5789381946263],[11.022460621620905,49.578948907958555],[11.022466857808617,49.57884543952492],[11.022381144783663,49.57884019114875],[11.022292517519833,49.578834723780794],[11.022286142720253,49.5789381946263]]]},"properties":{"kind":"polygon","id":"31353016","poly_type":"building","color":"1.00,0.00,0.00"}},{"type":"Feature","geometry":{"type":"Polygon","coordinates":[[[11.021766985430592,49.57917359727971],[11.021887205071833,49.57917356537031],[11.022041743461488,49.579170414773316],[11.022157348253849,49.57917253222557],[11.02215334908078,49.57907913786938],[11.021766997632605,49.57907347607324],[11.021766985430592,49.57917359727971]]]},"properties":{"kind":"polygon","id":"31353017","poly_type":"building","color":"1.00,0.00,0.00"}},{"type":"Feature","geometry":{"type":"Polygon","coordinates":[[[11.023118587649696,49.57929021154539],[11.023255964709955,49.57929023801108],[11.023376046346039,49.57929020696843],[11.023504082936544,49.57928850741764],[11.023496232653459,49.579195720188906],[11.023118597077817,49.57919009037583],[11.023118587649696,49.57929021154539]]]},"properties":{"kind":"polygon","id":"31353018","poly_type":"building","color":"1.00,0.00,0.00"}},{"type":"Feature","geometry":{"type":"Polygon","coordinates":[[[11.022659123111715,49.5792628924281],[11.022796361867043,49.57926292185747],[11.022925160278502,49.5792629187915],[11.023050443785573,49.57925820937708],[11.02304520172621,49.57916825510518],[11.022659129765108,49.579162681355186],[11.022659123111715,49.5792628924281]]]},"properties":{"kind":"polygon","id":"31353020","poly_type":"building","color":"1.00,0.00,0.00"}},{"type":"Feature","geometry":{"type":"Polygon","coordinates":[[[11.022173601497268,49.57922100428112],[11.022302329951392,49.579215965596745],[11.022422919080903,49.57921817557166],[11.022560258071573,49.5792206323398],[11.022559680771659,49.57912636857021],[11.022173609147993,49.579120793194946],[11.022173601497268,49.57922100428112]]]},"properties":{"kind":"polygon","id":"31353021","poly_type":"building","color":"1.00,0.00,0.00"}},{"type":"Feature","geometry":{"type":"Polygon","coordinates":[[[11.014059218247308,49.58231678748488],[11.01405919694501,49.58240026689084],[11.01420364382807,49.58240377931654],[11.01419865009721,49.58235978788309],[11.014198571707086,49.582320928317],[11.014059218247308,49.58231678748488]]]},"properties":{"kind":"polygon","id":"31361063","poly_type":"building","color":"1.00,0.00,0.00"}},{"type":"Feature","geometry":{"type":"Polygon","coordinates":[[[11.013718572397648,49.58231291174923],[11.013718550513683,49.58239639116252],[11.013862997373543,49.582399904014004],[11.013857860518627,49.58231210655693],[11.013718572397648,49.58231291174923]]]},"properties":{"kind":"polygon","id":"31361065","poly_type":"building","color":"1.00,0.00,0.00"}},{"type":"Feature","geometry":{"type":"Polygon","coordinates":[[[11.01338199277781,49.582306985220534],[11.013381970319019,49.58239046464112],[11.013526417149752,49.5823939779134],[11.013521142645843,49.58230618283973],[11.01338199277781,49.582306985220534]]]},"properties":{"kind":"polygon","id":"31361066","poly_type":"building","color":"1.00,0.00,0.00"}},{"type":"Feature","geometry":{"type":"Polygon","coordinates":[[[11.013006138554461,49.5819821279157],[11.013006212288964,49.58202089760523],[11.013006253690776,49.58206560494328],[11.013150561295259,49.58206912110296],[11.013145425770883,49.58198132359294],[11.013006138554461,49.5819821279157]]]},"properties":{"kind":"polygon","id":"31361067","poly_type":"building","color":"1.00,0.00,0.00"}},{"type":"Feature","geometry":{"type":"Polygon","coordinates":[[[11.01301602959191,49.58217203253642],[11.013016022911886,49.58221557128401],[11.013016006501612,49.58225551196665],[11.01316045292083,49.58225902570132],[11.013155179095195,49.58217123060057],[11.01301602959191,49.58217203253642]]]},"properties":{"kind":"polygon","id":"31361068","poly_type":"building","color":"1.00,0.00,0.00"}},{"type":"Feature","geometry":{"type":"Polygon","coordinates":[[[11.013051603846387,49.58233045551757],[11.013051543646784,49.582386139234906],[11.013051534274627,49.58243633476074],[11.013171762212409,49.58243631180723],[11.013171835223798,49.58233052245874],[11.013051603846387,49.58233045551757]]]},"properties":{"kind":"polygon","id":"31361069","poly_type":"building","color":"1.00,0.00,0.00"}},{"type":"Feature","geometry":{"type":"Polygon","coordinates":[[[11.013284473553467,49.58219317890709],[11.013286833432996,49.582058923709106],[11.013330446046492,49.582059694033376],[11.013389012191768,49.58206074385292],[11.01338665259286,49.58219499904942],[11.013284473553467,49.58219317890709]]]},"properties":{"kind":"polygon","id":"31361070","poly_type":"building","color":"1.00,0.00,0.00"}},{"type":"Feature","geometry":{"type":"Polygon","coordinates":[[[11.013538988024417,49.5821952265694],[11.013541343504471,49.58206088148364],[11.013588139641293,49.582061686262044],[11.013643384017053,49.582062703808695],[11.013641163370075,49.5821969565953],[11.013538988024417,49.5821952265694]]]},"properties":{"kind":"polygon","id":"31361071","poly_type":"building","color":"1.00,0.00,0.00"}},{"type":"Feature","geometry":{"type":"Polygon","coordinates":[[[11.013791343574958,49.582195242264326],[11.013793836614653,49.5820608947758],[11.013840217993549,49.582061706671354],[11.013895877130011,49.58206271687805],[11.013893518922911,49.58219697206722],[11.013791343574958,49.582195242264326]]]},"properties":{"kind":"polygon","id":"31361072","poly_type":"building","color":"1.00,0.00,0.00"}},{"type":"Feature","geometry":{"type":"Polygon","coordinates":[[[11.014065514090792,49.582163932839116],[11.01406786812522,49.58202958776025],[11.01411369646407,49.58203040917336],[11.014169908578202,49.582031409621486],[11.01416755112247,49.5821656648074],[11.014065514090792,49.582163932839116]]]},"properties":{"kind":"polygon","id":"31361073","poly_type":"building","color":"1.00,0.00,0.00"}},{"type":"Feature","geometry":{"type":"Polygon","coordinates":[[[11.014551133257289,49.582335299908195],[11.014566841603912,49.58242444251563],[11.014568329356939,49.582541179316046],[11.014697045360101,49.582535609628614],[11.014679848721824,49.58232973024653],[11.014551133257289,49.582335299908195]]]},"properties":{"kind":"polygon","id":"31361353","poly_type":"building","color":"1.00,0.00,0.00"}},{"type":"Feature","geometry":{"type":"Polygon","coordinates":[[[11.017273537138836,49.58221536028282],[11.017269659619917,49.58241989761816],[11.017389430768748,49.58242221709631],[11.01739316582571,49.582217592282824],[11.017273537138836,49.58221536028282]]]},"properties":{"kind":"polygon","id":"31361354","poly_type":"building","color":"1.00,0.00,0.00"}},{"type":"Feature","geometry":{"type":"Polygon","coordinates":[[[11.017144283379658,49.58186903478527],[11.01714053984969,49.58207347983267],[11.01726016818737,49.582075711974746],[11.017264045761827,49.58187117462809],[11.017144283379658,49.58186903478527]]]},"properties":{"kind":"polygon","id":"31361355","poly_type":"building","color":"1.00,0.00,0.00"}},{"type":"Feature","geometry":{"type":"Polygon","coordinates":[[[11.016389264018642,49.58199572018479],[11.016387254412159,49.58208121329606],[11.01652893166927,49.5820846811268],[11.016531075574534,49.5819990957153],[11.016389264018642,49.58199572018479]]]},"properties":{"kind":"polygon","id":"31361358","poly_type":"building","color":"1.00,0.00,0.00"}},{"type":"Feature","geometry":{"type":"Polygon","coordinates":[[[11.016747867873297,49.581992258454484],[11.016745862600295,49.58207784145535],[11.016887536153192,49.58208121895545],[11.01688954488487,49.581995725846575],[11.016826255968537,49.581994220391984],[11.016747867873297,49.581992258454484]]]},"properties":{"kind":"polygon","id":"31361359","poly_type":"building","color":"1.00,0.00,0.00"}},{"type":"Feature","geometry":{"type":"Polygon","coordinates":[[[11.014474100333938,49.58194299433894],[11.014474079720895,49.582026473741095],[11.014618525513427,49.582029985662544],[11.014613249109283,49.581942190657784],[11.014474100333938,49.58194299433894]]]},"properties":{"kind":"polygon","id":"31361360","poly_type":"building","color":"1.00,0.00,0.00"}},{"type":"Feature","geometry":{"type":"Polygon","coordinates":[[[11.014490036066572,49.582101488973294],[11.014482558786383,49.58215172458147],[11.014490104145535,49.58220727588327],[11.014610335177347,49.58220734133321],[11.01461026313578,49.5821014645352],[11.014490036066572,49.582101488973294]]]},"properties":{"kind":"polygon","id":"31361361","poly_type":"building","color":"1.00,0.00,0.00"}},{"type":"Feature","geometry":{"type":"Polygon","coordinates":[[[11.014797420954986,49.58203685554737],[11.014797355144287,49.58214273474884],[11.014917582305179,49.58214270999009],[11.014917651558683,49.582036920683215],[11.014797420954986,49.58203685554737]]]},"properties":{"kind":"polygon","id":"31361362","poly_type":"building","color":"1.00,0.00,0.00"}},{"type":"Feature","geometry":{"type":"Polygon","coordinates":[[[11.01516143819306,49.58202709751331],[11.015161369466277,49.58213288681383],[11.015281596591455,49.58213286167707],[11.015281665058168,49.582027072379766],[11.015220098119899,49.58202706530147],[11.01516143819306,49.58202709751331]]]},"properties":{"kind":"polygon","id":"31361363","poly_type":"building","color":"1.00,0.00,0.00"}},{"type":"Feature","geometry":{"type":"Polygon","coordinates":[[[11.015192858337782,49.582242354379154],[11.015192793396237,49.582348233566485],[11.015313021049813,49.58234820839036],[11.015312951181514,49.58224242150584],[11.015192858337782,49.582242354379154]]]},"properties":{"kind":"polygon","id":"31361366","poly_type":"building","color":"1.00,0.00,0.00"}},{"type":"Feature","geometry":{"type":"Polygon","coordinates":[[[11.01551764892899,49.58201927344439],[11.015517719225292,49.58212506032704],[11.015637950024383,49.58212512471152],[11.015637879468011,49.582019337832236],[11.01551764892899,49.58201927344439]]]},"properties":{"kind":"polygon","id":"31361368","poly_type":"building","color":"1.00,0.00,0.00"}},{"type":"Feature","geometry":{"type":"Polygon","coordinates":[[[11.016944450453702,49.58232067886359],[11.016944523856225,49.58242646570108],[11.01700775402233,49.58242653282363],[11.017064755353765,49.582426528593274],[11.017064681691167,49.58232074175915],[11.016944450453702,49.58232067886359]]]},"properties":{"kind":"polygon","id":"31361369","poly_type":"building","color":"1.00,0.00,0.00"}},{"type":"Feature","geometry":{"type":"Polygon","coordinates":[[[11.016592229374014,49.58234813811678],[11.016592163762594,49.582453927373436],[11.016712391631716,49.58245390073971],[11.016712456983068,49.58234811148629],[11.016592229374014,49.58234813811678]]]},"properties":{"kind":"polygon","id":"31361370","poly_type":"building","color":"1.00,0.00,0.00"}},{"type":"Feature","geometry":{"type":"Polygon","coordinates":[[[11.01580952873268,49.58200816130469],[11.015809465111342,49.5821140404795],[11.015929692169689,49.58211401466979],[11.015929759235686,49.58200822538953],[11.01580952873268,49.58200816130469]]]},"properties":{"kind":"polygon","id":"31361374","poly_type":"building","color":"1.00,0.00,0.00"}},{"type":"Feature","geometry":{"type":"Polygon","coordinates":[[[11.016144869033667,49.58199413214983],[11.016144940685011,49.58209991901537],[11.016265167698025,49.58209989285744],[11.016265095786625,49.58199410599528],[11.016144869033667,49.58199413214983]]]},"properties":{"kind":"polygon","id":"31361375","poly_type":"building","color":"1.00,0.00,0.00"}},{"type":"Feature","geometry":{"type":"Polygon","coordinates":[[[11.009430688381867,49.581244034479425],[11.010448453317714,49.58136677447829],[11.010468950970498,49.58123940064626],[11.009456045888479,49.58111702620978],[11.009430688381867,49.581244034479425]]]},"properties":{"kind":"polygon","id":"31421714","poly_type":"building","color":"1.00,0.00,0.00"}},{"type":"Feature","geometry":{"type":"Polygon","coordinates":[[[11.01013413065213,49.581417483769506],[11.010288743285658,49.58147317874674],[11.009945292039674,49.581929464737975],[11.009790867771342,49.58186827872283],[11.01013413065213,49.581417483769506]]]},"properties":{"kind":"polygon","id":"31421715","poly_type":"building","color":"1.00,0.00,0.00"}},{"type":"Feature","geometry":{"type":"Polygon","coordinates":[[[11.009619174139775,49.58186829255984],[11.009769085457844,49.58192739825757],[11.009576312902892,49.582185501617175],[11.009421837029697,49.582129803311226],[11.009619174139775,49.58186829255984]]]},"properties":{"kind":"polygon","id":"31421716","poly_type":"building","color":"1.00,0.00,0.00"}},{"type":"Feature","geometry":{"type":"Polygon","coordinates":[[[11.009421755893849,49.582235592763105],[11.009593063762376,49.58228677078689],[11.009370305866268,49.58256941280086],[11.00900123060999,49.58243594079979],[11.009078336994598,49.58230227688156],[11.009318857457815,49.582391384200584],[11.009421755893849,49.582235592763105]]]},"properties":{"kind":"polygon","id":"31421717","poly_type":"building","color":"1.00,0.00,0.00"}},{"type":"Feature","geometry":{"type":"Polygon","coordinates":[[[11.008607119765776,49.582359844295766],[11.008851642551937,49.58243188145145],[11.008898144230795,49.58234129813769],[11.008649317502698,49.582268886023726],[11.008607119765776,49.582359844295766]]]},"properties":{"kind":"polygon","id":"31421718","poly_type":"building","color":"1.00,0.00,0.00"}},{"type":"Feature","geometry":{"type":"Polygon","coordinates":[[[11.008276477646406,49.58223568785191],[11.008479628124016,49.582307634319356],[11.00852043682425,49.582230013667726],[11.008314455417613,49.582163243893646],[11.008276477646406,49.58223568785191]]]},"properties":{"kind":"polygon","id":"31421721","poly_type":"building","color":"1.00,0.00,0.00"}},{"type":"Feature","geometry":{"type":"Polygon","coordinates":[[[11.008610352522572,49.582000594616794],[11.009118530712076,49.58210529532522],[11.009155738660198,49.58200740695431],[11.00864926678023,49.581907174579484],[11.008610352522572,49.582000594616794]]]},"properties":{"kind":"polygon","id":"31421722","poly_type":"building","color":"1.00,0.00,0.00"}},{"type":"Feature","geometry":{"type":"Polygon","coordinates":[[[11.008530846283138,49.58157720352277],[11.008486157683578,49.581762478700014],[11.008623533861108,49.58177916442574],[11.008674979512795,49.58158999373685],[11.008530846283138,49.58157720352277]]]},"properties":{"kind":"polygon","id":"31421723","poly_type":"building","color":"1.00,0.00,0.00"}},{"type":"Feature","geometry":{"type":"Polygon","coordinates":[[[11.008537664541251,49.58153435614178],[11.008675048413139,49.581534399843484],[11.008674980502722,49.58133397945024],[11.008537739136512,49.581334023233026],[11.008537664541251,49.58153435614178]]]},"properties":{"kind":"polygon","id":"31421729","poly_type":"building","color":"1.00,0.00,0.00"}},{"type":"Feature","geometry":{"type":"Polygon","coordinates":[[[11.008666548644648,49.58118929696191],[11.008820947487967,49.58118931494747],[11.00882084323367,49.58110592770545],[11.008666444653596,49.58110590971641],[11.008666548644648,49.58118929696191]]]},"properties":{"kind":"polygon","id":"31421731","poly_type":"building","color":"1.00,0.00,0.00"}},{"type":"Feature","geometry":{"type":"Polygon","coordinates":[[[11.009059434478473,49.58116169543409],[11.009034998691838,49.58172884145489],[11.009370358992319,49.58172877475289],[11.009378739341109,49.58154547914587],[11.00924149740695,49.581545523771034],[11.00927276870363,49.58116167891151],[11.009059434478473,49.58116169543409]]]},"properties":{"kind":"polygon","id":"31421732","poly_type":"building","color":"1.00,0.00,0.00"}},{"type":"Feature","geometry":{"type":"Polygon","coordinates":[[[11.006023497712167,49.58166442298195],[11.006169457380638,49.581664410926265],[11.006169374083669,49.581530828010195],[11.006366800019954,49.58153082283506],[11.006366793494022,49.581658830051666],[11.00653848653497,49.581658821050944],[11.006538492611519,49.58153081383998],[11.006744497536067,49.58153083914587],[11.006744488310682,49.581658756458204],[11.006908120216229,49.581654478892446],[11.006907472851948,49.58153080089018],[11.007079165419412,49.581530791092675],[11.007083554375779,49.58178609948596],[11.007286542678195,49.58178338753262],[11.007278352603997,49.58112532296446],[11.00707918833221,49.58113012751803],[11.007079237623959,49.58145837541496],[11.006907545310714,49.58145838520937],[11.006907545200024,49.58134710987755],[11.006744566808274,49.5813470582338],[11.006744431984238,49.58145842586008],[11.00653856561663,49.581458398152535],[11.006538566345453,49.581347122810136],[11.00636673614712,49.581347134194694],[11.006366735027349,49.581458409542],[11.006169447635333,49.58145841231608],[11.006169449203977,49.581347136963124],[11.006023486795717,49.581347059115],[11.006023497712167,49.58166442298195]]]},"properties":{"kind":"polygon","id":"31424602","poly_type":"building","color":"1.00,0.00,0.00"}},{"type":"Feature","geometry":{"type":"Polygon","coordinates":[[[11.006030450879514,49.58173950546919],[11.006014955400955,49.582009371649725],[11.006195090526587,49.58200939670362],[11.006195065686414,49.58174231837999],[11.006030450879514,49.58173950546919]]]},"properties":{"kind":"polygon","id":"31424603","poly_type":"building","color":"1.00,0.00,0.00"}},{"type":"Feature","geometry":{"type":"Polygon","coordinates":[[[11.005997781528638,49.581067742259876],[11.005997818125072,49.581298028479644],[11.006089906539728,49.58130011997032],[11.006092044655762,49.58106889648284],[11.005997781528638,49.581067742259876]]]},"properties":{"kind":"polygon","id":"31424605","poly_type":"building","color":"1.00,0.00,0.00"}},{"type":"Feature","geometry":{"type":"Polygon","coordinates":[[[11.006463839975336,49.581936909611585],[11.006609247427269,49.5819369065813],[11.006609184954264,49.58179711635408],[11.006461180613211,49.581797884068706],[11.006463839975336,49.581936909611585]]]},"properties":{"kind":"polygon","id":"31424607","poly_type":"building","color":"1.00,0.00,0.00"}},{"type":"Feature","geometry":{"type":"Polygon","coordinates":[[[11.006762279742304,49.58198111932461],[11.007036020466126,49.582020179473155],[11.007052466547512,49.58190511057564],[11.006778861023461,49.581865958167505],[11.006762279742304,49.58198111932461]]]},"properties":{"kind":"polygon","id":"31424609","poly_type":"building","color":"1.00,0.00,0.00"}},{"type":"Feature","geometry":{"type":"Polygon","coordinates":[[[11.007172840223829,49.582036786619454],[11.007419677639831,49.58208440861164],[11.007441243837144,49.581972759095066],[11.007194406968267,49.5819251371412],[11.007172840223829,49.582036786619454]]]},"properties":{"kind":"polygon","id":"31424610","poly_type":"building","color":"1.00,0.00,0.00"}},{"type":"Feature","geometry":{"type":"Polygon","coordinates":[[[11.007585609734244,49.58214287933516],[11.007928962445304,49.58224306882164],[11.008062479886009,49.58199724118426],[11.007878790320559,49.581934221704074],[11.007812940483483,49.58206580039989],[11.00765934117734,49.58202465737813],[11.007585609734244,49.58214287933516]]]},"properties":{"kind":"polygon","id":"31424611","poly_type":"building","color":"1.00,0.00,0.00"}},{"type":"Feature","geometry":{"type":"Polygon","coordinates":[[[11.007482627289566,49.58120795640454],[11.007482552046511,49.58140837926302],[11.007717025183872,49.581407639005825],[11.007714363961778,49.58120798327561],[11.007482627289566,49.58120795640454]]]},"properties":{"kind":"polygon","id":"31424612","poly_type":"building","color":"1.00,0.00,0.00"}},{"type":"Feature","geometry":{"type":"Polygon","coordinates":[[[11.007722868652507,49.581408437160924],[11.00772296343213,49.58126918391398],[11.008100658796069,49.58126919582255],[11.008100561401378,49.58140835916447],[11.007722868652507,49.581408437160924]]]},"properties":{"kind":"polygon","id":"31424613","poly_type":"building","color":"1.00,0.00,0.00"}},{"type":"Feature","geometry":{"type":"Polygon","coordinates":[[[11.008109139537511,49.58116910770949],[11.008114601173167,49.581339209325186],[11.008276331528839,49.581339190745354],[11.008273665568758,49.58116643188835],[11.008109139537511,49.58116910770949]]]},"properties":{"kind":"polygon","id":"31424615","poly_type":"building","color":"1.00,0.00,0.00"}},{"type":"Feature","geometry":{"type":"Polygon","coordinates":[[[11.008126254677249,49.58150848381942],[11.008074837380649,49.58163099650654],[11.008194968131368,49.58164213492646],[11.008237948076232,49.58151967868225],[11.008126254677249,49.58150848381942]]]},"properties":{"kind":"polygon","id":"31424617","poly_type":"building","color":"1.00,0.00,0.00"}},{"type":"Feature","geometry":{"type":"Polygon","coordinates":[[[11.00782590870275,49.5817143878719],[11.007997634998215,49.58175899421119],[11.008052609950703,49.581672582052626],[11.007877411127103,49.58163100460169],[11.00782590870275,49.5817143878719]]]},"properties":{"kind":"polygon","id":"31424619","poly_type":"building","color":"1.00,0.00,0.00"}},{"type":"Feature","geometry":{"type":"Polygon","coordinates":[[[11.007974701744844,49.58190134249868],[11.008014714901366,49.58183129211804],[11.00773893080824,49.58175592759901],[11.007651173940625,49.58193691227858],[11.007755371782626,49.58196433976746],[11.00780471493683,49.581851938279236],[11.007974701744844,49.58190134249868]]]},"properties":{"kind":"polygon","id":"31424621","poly_type":"building","color":"1.00,0.00,0.00"}},{"type":"Feature","geometry":{"type":"Polygon","coordinates":[[[11.005182741775513,49.58122912848074],[11.00544920189203,49.58122909781931],[11.00545658621501,49.581392329547654],[11.005205025027806,49.58139471072041],[11.005208717224955,49.5815050224858],[11.00564906872817,49.58149783947554],[11.005641564611036,49.58103478715651],[11.005160545722928,49.581042045286594],[11.005182741775513,49.58122912848074]]]},"properties":{"kind":"polygon","id":"31426013","poly_type":"building","color":"1.00,0.00,0.00"}},{"type":"Feature","geometry":{"type":"Polygon","coordinates":[[[11.004701793774291,49.581066007194906],[11.004879433283753,49.58106598756814],[11.00485402351253,49.581411408344636],[11.004687020966946,49.581404317024656],[11.004701793774291,49.581066007194906]]]},"properties":{"kind":"polygon","id":"31426016","poly_type":"building","color":"1.00,0.00,0.00"}},{"type":"Feature","geometry":{"type":"Polygon","coordinates":[[[11.004287405845018,49.58158179662738],[11.004363634522273,49.58158173543428],[11.004442773866934,49.581581803675604],[11.004446485604186,49.581044433453606],[11.004265247944954,49.581044424792],[11.004287405845018,49.58158179662738]]]},"properties":{"kind":"polygon","id":"31426019","poly_type":"building","color":"1.00,0.00,0.00"}},{"type":"Feature","geometry":{"type":"Polygon","coordinates":[[[11.003994937247242,49.581193576163066],[11.003991236438925,49.58157262397526],[11.003791561347406,49.58157176448929],[11.003795263703582,49.58119271666396],[11.003994937247242,49.581193576163066]]]},"properties":{"kind":"polygon","id":"31426020","poly_type":"building","color":"1.00,0.00,0.00"}},{"type":"Feature","geometry":{"type":"Polygon","coordinates":[[[11.002548299666378,49.581344292571266],[11.003336465048104,49.58132030301007],[11.003321565365004,49.581152433652065],[11.002548259745462,49.58118111349311],[11.002548299666378,49.581344292571266]]]},"properties":{"kind":"polygon","id":"31426021","poly_type":"building","color":"1.00,0.00,0.00"}},{"type":"Feature","geometry":{"type":"Polygon","coordinates":[[[11.001008966805902,49.58185030006972],[11.00104266700784,49.58198078274197],[11.00374539067984,49.581687527603094],[11.003711679833454,49.58155695590814],[11.001008966805902,49.58185030006972]]]},"properties":{"kind":"polygon","id":"31426025","poly_type":"building","color":"1.00,0.00,0.00"}},{"type":"Feature","geometry":{"type":"Polygon","coordinates":[[[11.00053494475317,49.58143687477886],[11.001833997337638,49.58129692323751],[11.00177752329836,49.58107651921668],[11.000478338117157,49.58121647244787],[11.00053494475317,49.58143687477886]]]},"properties":{"kind":"polygon","id":"31426030","poly_type":"building","color":"1.00,0.00,0.00"}},{"type":"Feature","geometry":{"type":"Polygon","coordinates":[[[11.002415162533653,49.58073489764084],[11.002321951249206,49.581016273308045],[11.002493587129837,49.58103858032416],[11.002553721016039,49.58085492928322],[11.002974319042027,49.58091619486189],[11.003008625840428,49.580821507183124],[11.002415162533653,49.58073489764084]]]},"properties":{"kind":"polygon","id":"31426031","poly_type":"building","color":"1.00,0.00,0.00"}},{"type":"Feature","geometry":{"type":"Polygon","coordinates":[[[11.001927555313623,49.58068252572636],[11.00185363582822,49.5809823679504],[11.002027496568543,49.581001578665024],[11.002112556991028,49.58071368756438],[11.001927555313623,49.58068252572636]]]},"properties":{"kind":"polygon","id":"31426032","poly_type":"building","color":"1.00,0.00,0.00"}},{"type":"Feature","geometry":{"type":"Polygon","coordinates":[[[11.001680000297199,49.58077595512301],[11.001290665937073,49.58073483389003],[11.00132066485074,49.58061593318295],[11.001709860033547,49.58065705671926],[11.001680000297199,49.58077595512301]]]},"properties":{"kind":"polygon","id":"31426033","poly_type":"building","color":"1.00,0.00,0.00"}},{"type":"Feature","geometry":{"type":"Polygon","coordinates":[[[11.00524814368144,49.58157918237771],[11.005248175794053,49.581758823532255],[11.005477284718351,49.581758810487095],[11.005477251764196,49.58157916934321],[11.00524814368144,49.58157918237771]]]},"properties":{"kind":"polygon","id":"31426035","poly_type":"building","color":"1.00,0.00,0.00"}},{"type":"Feature","geometry":{"type":"Polygon","coordinates":[[[11.005023186935446,49.580104297697474],[11.005301925461698,49.58005970634544],[11.005427139746596,49.580039724756766],[11.005324031289815,49.57976876591607],[11.004920084243475,49.57983342836509],[11.005023186935446,49.580104297697474]]]},"properties":{"kind":"polygon","id":"31426041","poly_type":"building","color":"1.00,0.00,0.00"}},{"type":"Feature","geometry":{"type":"Polygon","coordinates":[[[11.005303157727248,49.58023150058557],[11.00547370861584,49.58022062828533],[11.005494000041761,49.58035449062272],[11.005513513770092,49.58048287913084],[11.005533787006598,49.580616291993195],[11.0055544437504,49.58075230692018],[11.005383752782729,49.58076318175792],[11.005303157727248,49.58023150058557]]]},"properties":{"kind":"polygon","id":"31426042","poly_type":"building","color":"1.00,0.00,0.00"}},{"type":"Feature","geometry":{"type":"Polygon","coordinates":[[[11.00476585066771,49.58069472915344],[11.00523697064695,49.580722816934355],[11.005250600013534,49.58062668782594],[11.004779480955738,49.580598600088535],[11.00476585066771,49.58069472915344]]]},"properties":{"kind":"polygon","id":"31426043","poly_type":"building","color":"1.00,0.00,0.00"}},{"type":"Feature","geometry":{"type":"Polygon","coordinates":[[[11.003998051178634,49.58057057838669],[11.004368228457611,49.58061346168655],[11.004442154915397,49.580344562437],[11.00407211786973,49.58030167695232],[11.003998051178634,49.58057057838669]]]},"properties":{"kind":"polygon","id":"31426045","poly_type":"building","color":"1.00,0.00,0.00"}},{"type":"Feature","geometry":{"type":"Polygon","coordinates":[[[11.003120770989558,49.5806039415983],[11.003317562266778,49.580615556896596],[11.003343378192753,49.580448691676885],[11.00314736022184,49.58043229537976],[11.003120770989558,49.5806039415983]]]},"properties":{"kind":"polygon","id":"31426046","poly_type":"building","color":"1.00,0.00,0.00"}},{"type":"Feature","geometry":{"type":"Polygon","coordinates":[[[11.002896740737752,49.58017036514553],[11.003720251223015,49.58021601646359],[11.003744278390212,49.58003254029305],[11.002920909230024,49.57998688671275],[11.002896740737752,49.58017036514553]]]},"properties":{"kind":"polygon","id":"31426047","poly_type":"building","color":"1.00,0.00,0.00"}},{"type":"Feature","geometry":{"type":"Polygon","coordinates":[[[11.004182633935446,49.58011202480939],[11.00465794899493,49.58013797326991],[11.004773086374765,49.58011852681597],[11.00468802468384,49.57993676074364],[11.00450796016744,49.57998215983686],[11.004372860497645,49.5797777819963],[11.004157498409251,49.57983620595232],[11.004262654527832,49.579995225309226],[11.003897300830324,49.58006659196623],[11.003957452810841,49.580167200153745],[11.004182633935446,49.58011202480939]]]},"properties":{"kind":"polygon","id":"31426048","poly_type":"building","color":"1.00,0.00,0.00"}},{"type":"Feature","geometry":{"type":"Polygon","coordinates":[[[11.004327718423605,49.57971937312715],[11.004252647157415,49.579605800074425],[11.004693047560268,49.579492202048144],[11.004778078865927,49.5796091105109],[11.004698079501587,49.57962848787149],[11.004750971764095,49.579730840653525],[11.004596561593884,49.57976419105668],[11.0045278004594,49.57966957947999],[11.004327718423605,49.57971937312715]]]},"properties":{"kind":"polygon","id":"31426049","poly_type":"building","color":"1.00,0.00,0.00"}},{"type":"Feature","geometry":{"type":"Polygon","coordinates":[[[11.004955938109747,49.57944581712776],[11.005044511200369,49.57971999674152],[11.005268352183714,49.579689580337956],[11.005225735759181,49.57955781404758],[11.005179916149837,49.57941539851331],[11.004955938109747,49.57944581712776]]]},"properties":{"kind":"polygon","id":"31426050","poly_type":"building","color":"1.00,0.00,0.00"}},{"type":"Feature","geometry":{"type":"Polygon","coordinates":[[[11.004177247269826,49.57923432935357],[11.004977323327637,49.57907311939156],[11.005034213008239,49.57920211965734],[11.004227460951206,49.57935238108583],[11.004177247269826,49.57923432935357]]]},"properties":{"kind":"polygon","id":"31426052","poly_type":"building","color":"1.00,0.00,0.00"}},{"type":"Feature","geometry":{"type":"Polygon","coordinates":[[[11.003751435029592,49.57932239518991],[11.00392441020019,49.57928296718178],[11.003970357579794,49.579367809267495],[11.00379738215027,49.57940723734709],[11.003751435029592,49.57932239518991]]]},"properties":{"kind":"polygon","id":"31426053","poly_type":"building","color":"1.00,0.00,0.00"}},{"type":"Feature","geometry":{"type":"Polygon","coordinates":[[[11.003349664155786,49.579392861602365],[11.003397901193678,49.57948971834067],[11.003555229272404,49.5794566788293],[11.00350685739497,49.579359914445654],[11.003349664155786,49.579392861602365]]]},"properties":{"kind":"polygon","id":"31426054","poly_type":"building","color":"1.00,0.00,0.00"}},{"type":"Feature","geometry":{"type":"Polygon","coordinates":[[[11.003030106906838,49.579541963951],[11.0029968984925,49.57945060405135],[11.003144143332175,49.579428084583384],[11.003177355684947,49.57951953432988],[11.003030106906838,49.579541963951]]]},"properties":{"kind":"polygon","id":"31426055","poly_type":"building","color":"1.00,0.00,0.00"}},{"type":"Feature","geometry":{"type":"Polygon","coordinates":[[[11.002614342190801,49.579513988557494],[11.0028240884739,49.579480582446784],[11.00285405846851,49.57956381247802],[11.002648048201454,49.579597243928234],[11.002614342190801,49.579513988557494]]]},"properties":{"kind":"polygon","id":"31426057","poly_type":"building","color":"1.00,0.00,0.00"}},{"type":"Feature","geometry":{"type":"Polygon","coordinates":[[[11.001988744945425,49.57960181764077],[11.002296163269943,49.57955826650532],[11.002335443335927,49.57963575828188],[11.00202157844949,49.579680680452334],[11.001988744945425,49.57960181764077]]]},"properties":{"kind":"polygon","id":"31426059","poly_type":"building","color":"1.00,0.00,0.00"}},{"type":"Feature","geometry":{"type":"Polygon","coordinates":[[[11.00193059574914,49.57978327513969],[11.002415724561114,49.579680696073666],[11.002522656952763,49.57989338985232],[11.002037664530166,49.579995966994645],[11.00193059574914,49.57978327513969]]]},"properties":{"kind":"polygon","id":"31426061","poly_type":"building","color":"1.00,0.00,0.00"}},{"type":"Feature","geometry":{"type":"Polygon","coordinates":[[[11.001970285143786,49.58007359533807],[11.00233960218287,49.5799908317618],[11.002409132935087,49.580121233699984],[11.00203981504216,49.580203997507375],[11.001970285143786,49.58007359533807]]]},"properties":{"kind":"polygon","id":"31426062","poly_type":"building","color":"1.00,0.00,0.00"}},{"type":"Feature","geometry":{"type":"Polygon","coordinates":[[[11.004227933912144,49.57813823918371],[11.00339146943611,49.57837671651255],[11.00327766040646,49.5782460923077],[11.004122786902409,49.577996221263696],[11.004227933912144,49.57813823918371]]]},"properties":{"kind":"polygon","id":"31426807","poly_type":"building","color":"1.00,0.00,0.00"}},{"type":"Feature","geometry":{"type":"Polygon","coordinates":[[[11.00472650027273,49.57843158299559],[11.004770718705046,49.578534985636225],[11.004825194394696,49.57866249859042],[11.004875230232518,49.578779563623975],[11.004926956489744,49.57890073730905],[11.004703651294617,49.5789407690606],[11.004503062472306,49.578471706625535],[11.00472650027273,49.57843158299559]]]},"properties":{"kind":"polygon","id":"31426808","poly_type":"building","color":"1.00,0.00,0.00"}},{"type":"Feature","geometry":{"type":"Polygon","coordinates":[[[11.002704006899489,49.57838241167845],[11.003084955986187,49.57826310213067],[11.003321421912657,49.57857826104314],[11.003380351075865,49.578571393514466],[11.003509670880245,49.578726037086334],[11.003255671313504,49.578796912681746],[11.00315493267507,49.57865778611379],[11.003014853427958,49.57870321024042],[11.002953602550702,49.578609457223834],[11.003148550573536,49.57854922999127],[11.003054261941738,49.57841556891924],[11.002788190981866,49.57849906639085],[11.002704006899489,49.57838241167845]]]},"properties":{"kind":"polygon","id":"31426809","poly_type":"building","color":"1.00,0.00,0.00"}},{"type":"Feature","geometry":{"type":"Polygon","coordinates":[[[11.002443990763602,49.57883012456189],[11.002583487155075,49.57910837220126],[11.00296966622722,49.5790423163414],[11.002808833776191,49.57873970065913],[11.002443990763602,49.57883012456189]]]},"properties":{"kind":"polygon","id":"31426811","poly_type":"building","color":"1.00,0.00,0.00"}},{"type":"Feature","geometry":{"type":"Polygon","coordinates":[[[11.002773455926295,49.579254230590315],[11.00305785624313,49.579209456663854],[11.003017629851168,49.5791021161802],[11.002733364681175,49.579146797716],[11.002773455926295,49.579254230590315]]]},"properties":{"kind":"polygon","id":"31426812","poly_type":"building","color":"1.00,0.00,0.00"}},{"type":"Feature","geometry":{"type":"Polygon","coordinates":[[[11.003773436185297,49.57909622506396],[11.003995561004967,49.57906449149734],[11.003940025032298,49.57890092425108],[11.003718035475998,49.57893256541673],[11.003773436185297,49.57909622506396]]]},"properties":{"kind":"polygon","id":"31426813","poly_type":"building","color":"1.00,0.00,0.00"}},{"type":"Feature","geometry":{"type":"Polygon","coordinates":[[[11.003328933659501,49.57915015997577],[11.003606095499705,49.579117833978216],[11.003509681852329,49.578831015330984],[11.003308311235942,49.57885942006328],[11.003373993078247,49.57904107294887],[11.003299480080761,49.579052528188576],[11.003328933659501,49.57915015997577]]]},"properties":{"kind":"polygon","id":"31426814","poly_type":"building","color":"1.00,0.00,0.00"}},{"type":"Feature","geometry":{"type":"Polygon","coordinates":[[[11.001574138291389,49.57879408166921],[11.000912877387075,49.57893316707224],[11.001044289277988,49.57911206524155],[11.001197588823572,49.57907523051541],[11.001136316667221,49.578984265553316],[11.001631138592897,49.57888206181423],[11.001574138291389,49.57879408166921]]]},"properties":{"kind":"polygon","id":"31426816","poly_type":"building","color":"1.00,0.00,0.00"}},{"type":"Feature","geometry":{"type":"Polygon","coordinates":[[[11.001569406200016,49.57947296994225],[11.002058555058202,49.57936726431424],[11.001873585607873,49.579066324424716],[11.001637032060124,49.57911737416633],[11.001693967580826,49.57921390119935],[11.001435652663636,49.57927072436916],[11.001569406200016,49.57947296994225]]]},"properties":{"kind":"polygon","id":"31426817","poly_type":"building","color":"1.00,0.00,0.00"}},{"type":"Feature","geometry":{"type":"Polygon","coordinates":[[[11.0012879780314,49.57985421336088],[11.001582717233033,49.57980503632816],[11.001527646891494,49.57966619776108],[11.001232770215372,49.57971537703609],[11.0012879780314,49.57985421336088]]]},"properties":{"kind":"polygon","id":"31426818","poly_type":"building","color":"1.00,0.00,0.00"}},{"type":"Feature","geometry":{"type":"Polygon","coordinates":[[[11.00052322360764,49.57975661384446],[11.00129465128807,49.57956758876374],[11.00114060486067,49.57933933683296],[11.000939189556837,49.57939040705085],[11.00101149377711,49.57950079166965],[11.00046209606061,49.57964549594231],[11.00052322360764,49.57975661384446]]]},"properties":{"kind":"polygon","id":"31426819","poly_type":"building","color":"1.00,0.00,0.00"}},{"type":"Feature","geometry":{"type":"Polygon","coordinates":[[[11.000523216854427,49.57949259375822],[11.000694013580125,49.57944718122957],[11.000633758141174,49.57935062116837],[11.001062961975494,49.57923372232973],[11.000991702286148,49.579131955430064],[11.000387350398322,49.579299469061866],[11.000523216854427,49.57949259375822]]]},"properties":{"kind":"polygon","id":"31426820","poly_type":"building","color":"1.00,0.00,0.00"}},{"type":"Feature","geometry":{"type":"Polygon","coordinates":[[[11.000221047946296,49.579972424868814],[11.00036990491273,49.5802023869203],[11.00058015883079,49.580154223381825],[11.000510031230977,49.58004631962998],[11.000615117772572,49.58001787562291],[11.000518746080544,49.5798873070489],[11.000221047946296,49.579972424868814]]]},"properties":{"kind":"polygon","id":"31426821","poly_type":"building","color":"1.00,0.00,0.00"}},{"type":"Feature","geometry":{"type":"Polygon","coordinates":[[[11.006389347990082,49.58228624041429],[11.006603880006896,49.58229169537094],[11.006612502183726,49.58219160494566],[11.006405242755479,49.58218467455074],[11.006389347990082,49.58228624041429]]]},"properties":{"kind":"polygon","id":"31432638","poly_type":"building","color":"1.00,0.00,0.00"}},{"type":"Feature","geometry":{"type":"Polygon","coordinates":[[[11.006729599481517,49.58230750604729],[11.006965954572687,49.58235926887646],[11.006845952915418,49.58255025760033],[11.006631520700433,49.58251016837762],[11.006580544656144,49.58262331730389],[11.006860503320997,49.582682330182124],[11.0070096085689,49.582661122907204],[11.007216820550392,49.58230274256703],[11.006798666018662,49.58220366853531],[11.006729599481517,49.58230750604729]]]},"properties":{"kind":"polygon","id":"31432639","poly_type":"building","color":"1.00,0.00,0.00"}},{"type":"Feature","geometry":{"type":"Polygon","coordinates":[[[11.005973331693335,49.58216841552162],[11.00619880181372,49.582170713040355],[11.006198833649139,49.5823097841392],[11.00638791806671,49.58235930931315],[11.006413266304113,49.58232630573506],[11.006656874989263,49.582382890972426],[11.00658064839197,49.582507812272254],[11.005962483128023,49.58235930988313],[11.005973331693335,49.58216841552162]]]},"properties":{"kind":"polygon","id":"31432640","poly_type":"building","color":"1.00,0.00,0.00"}},{"type":"Feature","geometry":{"type":"Polygon","coordinates":[[[11.007612783934626,49.58233977083507],[11.007797842002615,49.58238891379743],[11.007700801825285,49.58254262307451],[11.00751574695349,49.582493569856034],[11.007612783934626,49.58233977083507]]]},"properties":{"kind":"polygon","id":"31432641","poly_type":"building","color":"1.00,0.00,0.00"}},{"type":"Feature","geometry":{"type":"Polygon","coordinates":[[[11.003150967412992,49.57150654370109],[11.003445596508485,49.57147283593378],[11.003306180874862,49.57095962283477],[11.003011551073017,49.570993240319915],[11.003036229489542,49.5711129041941],[11.002875006903095,49.57113125781998],[11.002903843757974,49.571237626207264],[11.003064928458434,49.57121927493044],[11.003085383068267,49.57128305934429],[11.003093647125331,49.571336260115125],[11.003002365477297,49.57134665622807],[11.003037065665255,49.57147460244044],[11.003130548086602,49.57146389832834],[11.003150967412992,49.57150654370109]]]},"properties":{"kind":"polygon","id":"32038990","poly_type":"building","color":"1.00,0.00,0.00"}},{"type":"Feature","geometry":{"type":"Polygon","coordinates":[[[11.003638898063196,49.57143728410464],[11.003861330378442,49.57142065786336],[11.003795846403953,49.57105108373713],[11.003573277516361,49.57106771222643],[11.003638898063196,49.57143728410464]]]},"properties":{"kind":"polygon","id":"32038991","poly_type":"building","color":"1.00,0.00,0.00"}},{"type":"Feature","geometry":{"type":"Polygon","coordinates":[[[11.001523397369759,49.57120043699337],[11.001484344232958,49.57105727314511],[11.002560961357375,49.57093384367538],[11.002600010166375,49.57107682734017],[11.001523397369759,49.57120043699337]]]},"properties":{"kind":"polygon","id":"32039116","poly_type":"building","color":"1.00,0.00,0.00"}},{"type":"Feature","geometry":{"type":"Polygon","coordinates":[[[11.011198063353389,49.57614862904206],[11.011620727729037,49.57612292973111],[11.011611472444795,49.57601559333069],[11.011249111048514,49.576037635582004],[11.011182595749531,49.57604158051781],[11.011198063353389,49.57614862904206]]]},"properties":{"kind":"polygon","id":"32591554","poly_type":"building","color":"1.00,0.00,0.00"}},{"type":"Feature","geometry":{"type":"Polygon","coordinates":[[[11.011649427969159,49.575845276503046],[11.011593078716714,49.575352937968965],[11.011858155752765,49.5753402326471],[11.011875164605808,49.575488094289625],[11.01208874364127,49.57547781322005],[11.012125281794146,49.575797780698565],[11.012258195482866,49.57579043146881],[11.012309333432055,49.575819587293786],[11.012449883376876,49.57581291462588],[11.012477124761972,49.57609850062656],[11.012443560391075,49.57612328261563],[11.012199968808467,49.576137144825466],[11.012197143879558,49.57611218621062],[11.011826030293186,49.576129974649355],[11.011815262899495,49.57603633785814],[11.011671954872833,49.57604323762018],[11.011649427969159,49.575845276503046]]]},"properties":{"kind":"polygon","id":"32591564","poly_type":"unknown","color":"0.20,0.50,1.00"}},{"type":"Feature","geometry":{"type":"Polygon","coordinates":[[[11.012640836864325,49.575504822176825],[11.012711741293318,49.576095138902275],[11.013034635675659,49.57607881632074],[11.012972722868051,49.5755625569775],[11.012730999276839,49.575574678656814],[11.012722146089732,49.57550070898338],[11.012640836864325,49.575504822176825]]]},"properties":{"kind":"polygon","id":"32591581","poly_type":"unknown","color":"0.20,0.50,1.00"}},{"type":"Feature","geometry":{"type":"Polygon","coordinates":[[[11.012215604120435,49.57544439213257],[11.012597111784158,49.57543055957426],[11.012584029619013,49.575277322317575],[11.012202515749653,49.57529097503476],[11.012215604120435,49.57544439213257]]]},"properties":{"kind":"polygon","id":"32591592","poly_type":"building","color":"1.00,0.00,0.00"}},{"type":"Feature","geometry":{"type":"Polygon","coordinates":[[[11.000520303931319,49.575409280225394],[11.00036253426026,49.57518765834878],[11.000277776950227,49.575212332394116],[11.000204763267849,49.5751080765446],[11.000280689560686,49.5750873333811],[11.00018424433037,49.574954696767335],[11.000508659917635,49.574850495992074],[11.000864996712586,49.57531714174807],[11.000520303931319,49.575409280225394]]]},"properties":{"kind":"polygon","id":"32611537","poly_type":"unknown","color":"0.20,0.50,1.00"}},{"type":"Feature","geometry":{"type":"Polygon","coordinates":[[[11.001111546706637,49.5748953924484],[11.001353620490011,49.57519957375558],[11.00208233360213,49.57495901748484],[11.001801721100593,49.57465289578708],[11.001111546706637,49.5748953924484]]]},"properties":{"kind":"polygon","id":"32611539","poly_type":"building","color":"1.00,0.00,0.00"}},{"type":"Feature","geometry":{"type":"Polygon","coordinates":[[[11.002011438676831,49.57469703347549],[11.002195064385539,49.574911458993576],[11.002456081791232,49.574826610928675],[11.002294631344736,49.5746368997189],[11.002208646057325,49.574668702956274],[11.002183486194763,49.574642061662246],[11.002011438676831,49.57469703347549]]]},"properties":{"kind":"polygon","id":"32611540","poly_type":"unknown","color":"0.20,0.50,1.00"}},{"type":"Feature","geometry":{"type":"Polygon","coordinates":[[[11.000948648155479,49.5745247132647],[11.00112898697343,49.574729931851834],[11.001869756671706,49.57445624448931],[11.001689557733382,49.5742511145748],[11.000948648155479,49.5745247132647]]]},"properties":{"kind":"polygon","id":"32611541","poly_type":"unknown","color":"0.20,0.50,1.00"}},{"type":"Feature","geometry":{"type":"Polygon","coordinates":[[[11.000464405890986,49.574079440039284],[11.000840665690266,49.57443131756285],[11.001034635177865,49.57434412395698],[11.000658367339703,49.57399206728385],[11.000464405890986,49.574079440039284]]]},"properties":{"kind":"polygon","id":"32611543","poly_type":"building","color":"1.00,0.00,0.00"}},{"type":"Feature","geometry":{"type":"Polygon","coordinates":[[[11.001036433851873,49.57408708896953],[11.001205664012415,49.57424734174154],[11.001546440284097,49.57411379926602],[11.00160136521284,49.57416133523048],[11.001800351486906,49.574088626379144],[11.00139315326322,49.5736467015999],[11.001109707209748,49.573758022447755],[11.001146262032977,49.57379948950355],[11.001059342902511,49.57383211764924],[11.00124913719924,49.57401153509528],[11.001036433851873,49.57408708896953]]]},"properties":{"kind":"polygon","id":"32611544","poly_type":"unknown","color":"0.20,0.50,1.00"}},{"type":"Feature","geometry":{"type":"Polygon","coordinates":[[[11.000652382334861,49.57372392241772],[11.001164660674565,49.57363041405983],[11.001006869898811,49.573479228823096],[11.000597516373078,49.57354585903433],[11.000652382334861,49.57372392241772]]]},"properties":{"kind":"polygon","id":"32611546","poly_type":"unknown","color":"0.20,0.50,1.00"}},{"type":"Feature","geometry":{"type":"Polygon","coordinates":[[[11.000494544948829,49.57281036134664],[11.000540282993345,49.57314411632606],[11.000606574785335,49.5732464192381],[11.000688877179105,49.573222686939545],[11.000640870223103,49.57315146247613],[11.000801059309204,49.57311441905975],[11.00054219924067,49.57278839768936],[11.000494544948829,49.57281036134664]]]},"properties":{"kind":"polygon","id":"32611549","poly_type":"unknown","color":"0.20,0.50,1.00"}},{"type":"Feature","geometry":{"type":"Polygon","coordinates":[[[11.000397571995807,49.572884632507126],[11.000562060918696,49.57394398707177],[11.000367283535711,49.5739505034631],[11.000372407944866,49.57405215492876],[11.000139658255412,49.57406373532107],[10.999985438660728,49.573143724230185],[11.00019529540203,49.57313056089474],[11.00017000251812,49.57290098103582],[11.000397571995807,49.572884632507126]]]},"properties":{"kind":"polygon","id":"32611552","poly_type":"building","color":"1.00,0.00,0.00"}},{"type":"Feature","geometry":{"type":"Polygon","coordinates":[[[10.999407757558371,49.57294330249336],[10.999500832039232,49.57314931204666],[10.999411868041141,49.57316236392225],[10.999462558274011,49.573262058519326],[10.999719428305731,49.57322136663949],[10.999642507149934,49.57304170499771],[10.999759937238402,49.573024562670014],[10.999695129878862,49.572890839025405],[10.999407757558371,49.57294330249336]]]},"properties":{"kind":"polygon","id":"32611556","poly_type":"building","color":"1.00,0.00,0.00"}},{"type":"Feature","geometry":{"type":"Polygon","coordinates":[[[10.999481542044155,49.57446785841447],[11.000104130422097,49.57433160835601],[10.999967513333978,49.57352751592776],[10.999830923247153,49.57354633899426],[10.999843952217546,49.573641736849595],[10.99977305838413,49.573643412068684],[10.999849253431934,49.57407262368828],[10.99962862287493,49.57408966077858],[10.999654869576805,49.57421739420591],[10.999817750512722,49.57420549328795],[10.999825647850159,49.574249794964594],[10.999410547800565,49.57434863449428],[10.999481542044155,49.57446785841447]]]},"properties":{"kind":"polygon","id":"32611570","poly_type":"building","color":"1.00,0.00,0.00"}},{"type":"Feature","geometry":{"type":"Polygon","coordinates":[[[10.999386940940092,49.57453597069703],[10.999402640152452,49.57531615617409],[10.99963393468279,49.57531620674918],[10.999626044928634,49.57453426710344],[10.999386940940092,49.57453597069703]]]},"properties":{"kind":"polygon","id":"32611572","poly_type":"building","color":"1.00,0.00,0.00"}},{"type":"Feature","geometry":{"type":"Polygon","coordinates":[[[10.999788855318757,49.57475751201215],[10.999936005745369,49.57489880776504],[11.00035109600892,49.57474212493744],[11.000093578650974,49.57444909319605],[10.999796824296599,49.574566667889314],[10.999863941620266,49.57463162526402],[10.999784200035474,49.57467069514125],[10.999850032968821,49.57473468521038],[10.999788855318757,49.57475751201215]]]},"properties":{"kind":"polygon","id":"32611575","poly_type":"building","color":"1.00,0.00,0.00"}},{"type":"Feature","geometry":{"type":"Polygon","coordinates":[[[11.00024070894728,49.574498543999425],[11.000421970034385,49.57467226318529],[11.000555998651782,49.57461102457149],[11.000506048358703,49.574566730463566],[11.000592700047095,49.57453428728176],[11.000645348103848,49.57458366218432],[11.00077398068257,49.574529173359345],[11.00058745516747,49.574338364184776],[11.00024070894728,49.574498543999425]]]},"properties":{"kind":"polygon","id":"32611577","poly_type":"building","color":"1.00,0.00,0.00"}},{"type":"Feature","geometry":{"type":"Polygon","coordinates":[[[10.998951932861258,49.57571858054462],[10.999076649478328,49.575869440473554],[10.998971375173449,49.57589986541035],[10.999126432922198,49.57609922696126],[10.99900464947294,49.57613866290594],[10.999425417863167,49.57670953794641],[10.999929243083054,49.576564096934234],[10.999818484816444,49.576379173259504],[11.000289525547705,49.57622710087094],[11.000136153187393,49.5760251030033],[10.999982274983688,49.575810699772745],[10.999582468300439,49.575932034282225],[10.999485867754837,49.57596482853874],[10.999263457586439,49.575681263301206],[10.999173504644432,49.575707465605376],[10.9991201602413,49.57564442879041],[10.998951932861258,49.57571858054462]]]},"properties":{"kind":"polygon","id":"32611632","poly_type":"unknown","color":"0.20,0.50,1.00"}},{"type":"Feature","geometry":{"type":"Polygon","coordinates":[[[11.00138131244807,49.575805487034195],[11.001582278047197,49.57606162290767],[11.002325187973288,49.57581614187391],[11.00214315417283,49.57555958968864],[11.00138131244807,49.575805487034195]]]},"properties":{"kind":"polygon","id":"32611633","poly_type":"unknown","color":"0.20,0.50,1.00"}},{"type":"Feature","geometry":{"type":"Polygon","coordinates":[[[11.002493895043017,49.575743686048554],[11.002874929419082,49.575623565971014],[11.002774416249231,49.575482995843274],[11.002392997427936,49.57560384189682],[11.002493895043017,49.575743686048554]]]},"properties":{"kind":"polygon","id":"32611634","poly_type":"building","color":"1.00,0.00,0.00"}},{"type":"Feature","geometry":{"type":"Polygon","coordinates":[[[11.002119639036582,49.573686935739275],[11.002456740713688,49.57403156959516],[11.002811125792869,49.57388591364093],[11.002474019005021,49.573541190936126],[11.002119639036582,49.573686935739275]]]},"properties":{"kind":"polygon","id":"32611900","poly_type":"building","color":"1.00,0.00,0.00"}},{"type":"Feature","geometry":{"type":"Polygon","coordinates":[[[11.0013697358069,49.57331094162414],[11.001811896800751,49.573258493764925],[11.001771593263982,49.57311526172662],[11.001329433512327,49.573167709417284],[11.0013697358069,49.57331094162414]]]},"properties":{"kind":"polygon","id":"32611902","poly_type":"unknown","color":"0.20,0.50,1.00"}},{"type":"Feature","geometry":{"type":"Polygon","coordinates":[[[11.00196223347057,49.57314632614398],[11.00197958689615,49.57338449888238],[11.002378438347327,49.5733722889243],[11.002361363124242,49.573134201376995],[11.00196223347057,49.57314632614398]]]},"properties":{"kind":"polygon","id":"32611903","poly_type":"building","color":"1.00,0.00,0.00"}},{"type":"Feature","geometry":{"type":"Polygon","coordinates":[[[11.002890735519621,49.57343484601136],[11.002982480948914,49.57357421852184],[11.003339746395469,49.57347537806243],[11.003248000150533,49.57333600584353],[11.002890735519621,49.57343484601136]]]},"properties":{"kind":"polygon","id":"32611904","poly_type":"building","color":"1.00,0.00,0.00"}},{"type":"Feature","geometry":{"type":"Polygon","coordinates":[[[11.002523996531377,49.57333603608271],[11.002633021962879,49.573441376310015],[11.002759553776754,49.57338638187083],[11.002650666431586,49.57328103937095],[11.002523996531377,49.57333603608271]]]},"properties":{"kind":"polygon","id":"32611905","poly_type":"building","color":"1.00,0.00,0.00"}},{"type":"Feature","geometry":{"type":"Polygon","coordinates":[[[11.000299460002287,49.57174343950736],[11.000350494051979,49.57188198873443],[11.000526848561053,49.57185474122282],[11.00047581036975,49.571716102186514],[11.000299460002287,49.57174343950736]]]},"properties":{"kind":"polygon","id":"32611906","poly_type":"building","color":"1.00,0.00,0.00"}},{"type":"Feature","geometry":{"type":"Polygon","coordinates":[[[11.000570858247652,49.571895899642406],[11.000747210538771,49.57185506849416],[11.000964258516955,49.57226142356755],[11.000781764180147,49.5723009219656],[11.000688414729089,49.572098426433456],[11.000528277436052,49.57212989155473],[11.000463414742802,49.57200498495127],[11.000609378359956,49.571978712592376],[11.000570858247652,49.571895899642406]]]},"properties":{"kind":"polygon","id":"32611907","poly_type":"unknown","color":"0.20,0.50,1.00"}},{"type":"Feature","geometry":{"type":"Polygon","coordinates":[[[11.000380221495327,49.57135388346579],[11.001209463922724,49.571350606854445],[11.001207521366398,49.57114077334855],[11.000378151621163,49.57114423207608],[11.000380221495327,49.57135388346579]]]},"properties":{"kind":"polygon","id":"32611908","poly_type":"unknown","color":"0.20,0.50,1.00"}},{"type":"Feature","geometry":{"type":"Polygon","coordinates":[[[10.999022925556895,49.57207297289611],[10.999200249820046,49.57250952310196],[11.000235455452353,49.57234329245045],[11.000165779883016,49.572154780138284],[10.9994970933805,49.57226915855005],[10.999396925079992,49.572011367033475],[10.999022925556895,49.57207297289611]]]},"properties":{"kind":"polygon","id":"32612035","poly_type":"unknown","color":"0.20,0.50,1.00"}},{"type":"Feature","geometry":{"type":"Polygon","coordinates":[[[10.99880075642504,49.57137830419812],[10.998990644392865,49.571882104588575],[10.999623531162664,49.57178876783704],[10.999499963218701,49.571449161160025],[10.999741483629542,49.57141557111015],[10.999755915034115,49.57146407774746],[10.999991967424407,49.571428692616756],[10.999802034298312,49.57089691829457],[10.999568906727575,49.570936120603136],[10.999681059040293,49.571257033809914],[10.99880075642504,49.57137830419812]]]},"properties":{"kind":"polygon","id":"32612039","poly_type":"building","color":"1.00,0.00,0.00"}},{"type":"Feature","geometry":{"type":"Polygon","coordinates":[[[10.999994917969616,49.56858036783203],[10.999994861844689,49.5688531151558],[11.000205177879934,49.56885163803657],[11.000209922564972,49.56858195810154],[10.999994917969616,49.56858036783203]]]},"properties":{"kind":"polygon","id":"32637636","poly_type":"building","color":"1.00,0.00,0.00"}},{"type":"Feature","geometry":{"type":"Polygon","coordinates":[[[10.999633085874487,49.56917601366338],[10.999902325908687,49.56917792645532],[11.000097834463375,49.56919991413758],[11.000188625873147,49.56896104074227],[10.999973220426133,49.568925993753574],[10.999950477773625,49.568992234645634],[10.999633130861804,49.568997720266],[10.999633085874487,49.56917601366338]]]},"properties":{"kind":"polygon","id":"32637639","poly_type":"unknown","color":"0.20,0.50,1.00"}},{"type":"Feature","geometry":{"type":"Polygon","coordinates":[[[10.999722458556532,49.56927467975373],[10.99972517454469,49.569696526017765],[10.999927783340254,49.56969590228892],[10.999925065605598,49.56927405605155],[10.999722458556532,49.56927467975373]]]},"properties":{"kind":"polygon","id":"32637641","poly_type":"building","color":"1.00,0.00,0.00"}},{"type":"Feature","geometry":{"type":"Polygon","coordinates":[[[10.999392890687817,49.56951597046715],[10.999394717502877,49.56962838377592],[10.999553459156774,49.56962725943941],[10.999551639323672,49.56951502592254],[10.999392890687817,49.56951597046715]]]},"properties":{"kind":"polygon","id":"32637643","poly_type":"building","color":"1.00,0.00,0.00"}},{"type":"Feature","geometry":{"type":"Polygon","coordinates":[[[11.000229765990277,49.57016375963817],[11.000676709228534,49.57018157880325],[11.000685581048545,49.570087331499195],[11.000238776890324,49.57006950996756],[11.000229765990277,49.57016375963817]]]},"properties":{"kind":"polygon","id":"32638406","poly_type":"building","color":"1.00,0.00,0.00"}},{"type":"Feature","geometry":{"type":"Polygon","coordinates":[[[11.000244855735414,49.569842626026094],[11.000803861829182,49.56989835756689],[11.000826863383784,49.56980125715671],[11.000267996599165,49.569745523322766],[11.000244855735414,49.569842626026094]]]},"properties":{"kind":"polygon","id":"32638408","poly_type":"building","color":"1.00,0.00,0.00"}},{"type":"Feature","geometry":{"type":"Polygon","coordinates":[[[11.00030729363412,49.56954963954586],[11.000885628767385,49.56958767498026],[11.000901760292951,49.56948493618929],[11.000323426366299,49.569446900819784],[11.00030729363412,49.56954963954586]]]},"properties":{"kind":"polygon","id":"32638409","poly_type":"building","color":"1.00,0.00,0.00"}},{"type":"Feature","geometry":{"type":"Polygon","coordinates":[[[11.001130890844923,49.57013963026841],[11.001728419862369,49.57008539456759],[11.001740846160832,49.57016937829903],[11.001379454201265,49.570200638506904],[11.001389993783643,49.5702385075281],[11.001162153183213,49.570254682854404],[11.001130890844923,49.57013963026841]]]},"properties":{"kind":"polygon","id":"32638410","poly_type":"building","color":"1.00,0.00,0.00"}},{"type":"Feature","geometry":{"type":"Polygon","coordinates":[[[11.001738838793665,49.569244576188574],[11.001740950668891,49.569380732922895],[11.001914353532001,49.569379621529116],[11.00191224117447,49.56924346480401],[11.001738838793665,49.569244576188574]]]},"properties":{"kind":"polygon","id":"32638411","poly_type":"building","color":"1.00,0.00,0.00"}},{"type":"Feature","geometry":{"type":"Polygon","coordinates":[[[11.001471460509793,49.56939978846479],[11.00138371471195,49.56986179082496],[11.001571687515554,49.56986177723752],[11.001665769024218,49.56940254369535],[11.001471460509793,49.56939978846479]]]},"properties":{"kind":"polygon","id":"32638412","poly_type":"building","color":"1.00,0.00,0.00"}},{"type":"Feature","geometry":{"type":"Polygon","coordinates":[[[11.001753473137455,49.56914923955601],[11.001893389757328,49.5691478080325],[11.001893410487321,49.56902321870693],[11.001753435388139,49.569023211949094],[11.001753473137455,49.56914923955601]]]},"properties":{"kind":"polygon","id":"32638413","poly_type":"building","color":"1.00,0.00,0.00"}},{"type":"Feature","geometry":{"type":"Polygon","coordinates":[[[11.001947791768115,49.56898998349692],[11.00208771159787,49.56898864163643],[11.002087728167233,49.568863962421524],[11.001947753530613,49.5688639558931],[11.001947791768115,49.56898998349692]]]},"properties":{"kind":"polygon","id":"32638414","poly_type":"building","color":"1.00,0.00,0.00"}},{"type":"Feature","geometry":{"type":"Polygon","coordinates":[[[11.001874637583086,49.56881790428573],[11.002014556925536,49.56881656251986],[11.002014573694293,49.56869188329912],[11.001874599547326,49.56869187667597],[11.001874637583086,49.56881790428573]]]},"properties":{"kind":"polygon","id":"32638416","poly_type":"building","color":"1.00,0.00,0.00"}},{"type":"Feature","geometry":{"type":"Polygon","coordinates":[[[11.000593431082189,49.568780696161966],[11.000753347703228,49.568777930639556],[11.000750081771615,49.568701434626874],[11.000590438157914,49.56870410546898],[11.000593431082189,49.568780696161966]]]},"properties":{"kind":"polygon","id":"32638425","poly_type":"building","color":"1.00,0.00,0.00"}},{"type":"Feature","geometry":{"type":"Polygon","coordinates":[[[11.001078714644732,49.56891110521295],[11.001238493427461,49.56890834140564],[11.00123536493973,49.56883184302701],[11.001075582730422,49.568834516934544],[11.001078714644732,49.56891110521295]]]},"properties":{"kind":"polygon","id":"32638427","poly_type":"building","color":"1.00,0.00,0.00"}},{"type":"Feature","geometry":{"type":"Polygon","coordinates":[[[11.000460347212512,49.5690981130786],[11.000620122990778,49.56909526022501],[11.000616853556279,49.56901867431781],[11.000457216244957,49.569021524773774],[11.000460347212512,49.5690981130786]]]},"properties":{"kind":"polygon","id":"32638430","poly_type":"building","color":"1.00,0.00,0.00"}},{"type":"Feature","geometry":{"type":"Polygon","coordinates":[[[11.001018144486624,49.56909404376328],[11.001177923872344,49.56909128003216],[11.001174653565672,49.56901469415167],[11.001015008970992,49.569017365592146],[11.001018144486624,49.56909404376328]]]},"properties":{"kind":"polygon","id":"32638431","poly_type":"building","color":"1.00,0.00,0.00"}},{"type":"Feature","geometry":{"type":"Polygon","coordinates":[[[11.000731941071493,49.569076414783474],[11.000891716751953,49.56907356155585],[11.000888450570658,49.568997065553724],[11.000728809681432,49.56899982649106],[11.000731941071493,49.569076414783474]]]},"properties":{"kind":"polygon","id":"32638433","poly_type":"building","color":"1.00,0.00,0.00"}},{"type":"Feature","geometry":{"type":"Polygon","coordinates":[[[11.000940751732914,49.56927826275111],[11.001100531727456,49.56927549911935],[11.00109739973873,49.56919891084682],[11.000937758211643,49.56920167208056],[11.000940751732914,49.56927826275111]]]},"properties":{"kind":"polygon","id":"32638435","poly_type":"building","color":"1.00,0.00,0.00"}},{"type":"Feature","geometry":{"type":"Polygon","coordinates":[[[11.000401831075973,49.569267072604255],[11.00061705263851,49.56926712912856],[11.000614858253716,49.56916947494709],[11.000393334225755,49.56917087673602],[11.000401831075973,49.569267072604255]]]},"properties":{"kind":"polygon","id":"32638436","poly_type":"building","color":"1.00,0.00,0.00"}},{"type":"Feature","geometry":{"type":"Polygon","coordinates":[[[11.002128165528912,49.570163305700184],[11.002796545129481,49.570059172158444],[11.002789218954382,49.56994100694197],[11.0021085813599,49.57004976042618],[11.002128165528912,49.570163305700184]]]},"properties":{"kind":"polygon","id":"32639065","poly_type":"building","color":"1.00,0.00,0.00"}},{"type":"Feature","geometry":{"type":"Polygon","coordinates":[[[11.002093966665608,49.56980074548194],[11.002730890596865,49.569715597615804],[11.00271146604403,49.569595842707876],[11.00206732989608,49.56968723228996],[11.002093966665608,49.56980074548194]]]},"properties":{"kind":"polygon","id":"32639067","poly_type":"building","color":"1.00,0.00,0.00"}},{"type":"Feature","geometry":{"type":"Polygon","coordinates":[[[11.00281229543165,49.56962279314139],[11.003069852472118,49.56958927827332],[11.003038275653308,49.56948691540435],[11.002780715446702,49.5695203403039],[11.00281229543165,49.56962279314139]]]},"properties":{"kind":"polygon","id":"32639072","poly_type":"building","color":"1.00,0.00,0.00"}},{"type":"Feature","geometry":{"type":"Polygon","coordinates":[[[11.003156345250332,49.56962754121353],[11.003413767518886,49.56959411786788],[11.003382182619402,49.569491575317535],[11.003124760864596,49.56952499858695],[11.003156345250332,49.56962754121353]]]},"properties":{"kind":"polygon","id":"32639075","poly_type":"building","color":"1.00,0.00,0.00"}},{"type":"Feature","geometry":{"type":"Polygon","coordinates":[[[11.003462559117631,49.56958652623054],[11.003720119160302,49.569553099814655],[11.003688533650301,49.56945055735503],[11.003430835903293,49.5694839860882],[11.003462559117631,49.56958652623054]]]},"properties":{"kind":"polygon","id":"32639078","poly_type":"building","color":"1.00,0.00,0.00"}},{"type":"Feature","geometry":{"type":"Polygon","coordinates":[[[11.003447922755425,49.56986078548155],[11.003705484247217,49.569827359081444],[11.003673902254443,49.56972490651643],[11.003416341276223,49.56975833284026],[11.003447922755425,49.56986078548155]]]},"properties":{"kind":"polygon","id":"32639080","poly_type":"building","color":"1.00,0.00,0.00"}},{"type":"Feature","geometry":{"type":"Polygon","coordinates":[[[11.002884051386205,49.57003094032668],[11.003151389385865,49.56999302802666],[11.003107627816838,49.569846437926735],[11.002954446149737,49.56986852056724],[11.002973908779616,49.56992836412395],[11.002852344401102,49.56994567129441],[11.002884051386205,49.57003094032668]]]},"properties":{"kind":"polygon","id":"32639082","poly_type":"building","color":"1.00,0.00,0.00"}},{"type":"Feature","geometry":{"type":"Polygon","coordinates":[[[11.003165955480839,49.56994339000959],[11.003433292766314,49.56990547706629],[11.003389534122293,49.56975897697278],[11.003236349186144,49.56978097008964],[11.00325595402087,49.5698409010947],[11.003134393647194,49.569858298450036],[11.003165955480839,49.56994339000959]]]},"properties":{"kind":"polygon","id":"32639085","poly_type":"building","color":"1.00,0.00,0.00"}},{"type":"Feature","geometry":{"type":"Polygon","coordinates":[[[11.003393942077157,49.56922474226748],[11.003636147204569,49.5692217171704],[11.003633259394576,49.56912416498255],[11.003391058429763,49.56912727995976],[11.003393942077157,49.56922474226748]]]},"properties":{"kind":"polygon","id":"32639088","poly_type":"building","color":"1.00,0.00,0.00"}},{"type":"Feature","geometry":{"type":"Polygon","coordinates":[[[11.00278723976927,49.56916607083282],[11.003016832368383,49.56918269585982],[11.003035143414307,49.5690758709899],[11.002805554991548,49.569059335884965],[11.00278723976927,49.56916607083282]]]},"properties":{"kind":"polygon","id":"32639089","poly_type":"building","color":"1.00,0.00,0.00"}},{"type":"Feature","geometry":{"type":"Polygon","coordinates":[[[11.003081865222201,49.56920019075822],[11.00331145438436,49.56921672530488],[11.003329768476302,49.569109990289064],[11.003100037913951,49.56909336827318],[11.003081865222201,49.56920019075822]]]},"properties":{"kind":"polygon","id":"32639090","poly_type":"building","color":"1.00,0.00,0.00"}},{"type":"Feature","geometry":{"type":"Polygon","coordinates":[[[11.003210157380355,49.568853977861714],[11.003439886847211,49.56887059967323],[11.00345819687099,49.56876377474401],[11.003228333365216,49.56874724524786],[11.003210157380355,49.568853977861714]]]},"properties":{"kind":"polygon","id":"32639091","poly_type":"building","color":"1.00,0.00,0.00"}},{"type":"Feature","geometry":{"type":"Polygon","coordinates":[[[11.002909684208673,49.56882562673635],[11.003139409778075,49.568842159255404],[11.00315772413025,49.56873542425735],[11.002927995378606,49.56871880187592],[11.002909684208673,49.56882562673635]]]},"properties":{"kind":"polygon","id":"32639092","poly_type":"building","color":"1.00,0.00,0.00"}},{"type":"Feature","geometry":{"type":"Polygon","coordinates":[[[11.002235687183843,49.569370102598675],[11.002481216197774,49.56936378398473],[11.002478838433529,49.56923132004954],[11.00223748081223,49.56923477783348],[11.002235687183843,49.569370102598675]]]},"properties":{"kind":"polygon","id":"32639097","poly_type":"building","color":"1.00,0.00,0.00"}},{"type":"Feature","geometry":{"type":"Polygon","coordinates":[[[11.002315573409023,49.569128627593145],[11.002688944432515,49.56912666259378],[11.002687305562455,49.56898860859618],[11.002313931913806,49.568990483684765],[11.002315573409023,49.569128627593145]]]},"properties":{"kind":"polygon","id":"32639098","poly_type":"building","color":"1.00,0.00,0.00"}},{"type":"Feature","geometry":{"type":"Polygon","coordinates":[[[11.002454252415998,49.56875219049845],[11.002449476279214,49.568926158002085],[11.00261871048266,49.56892799628901],[11.002623351479915,49.56875412107087],[11.002454252415998,49.56875219049845]]]},"properties":{"kind":"polygon","id":"32639099","poly_type":"building","color":"1.00,0.00,0.00"}},{"type":"Feature","geometry":{"type":"Polygon","coordinates":[[[11.00412011910774,49.56940422071649],[11.004148557030677,49.56944339864776],[11.004095139264107,49.56946636322637],[11.004095181532994,49.569507922141376],[11.00413067937359,49.56955399434084],[11.00421254528821,49.569634615941915],[11.004514437262076,49.569528634890624],[11.004532154572086,49.56949180579144],[11.004528574948406,49.56946182252755],[11.004596055642972,49.569441132841256],[11.004628122992179,49.56947098230473],[11.004862554050142,49.569406469521944],[11.004496763562761,49.56887433164017],[11.003867901756566,49.569031044559644],[11.00392824258657,49.569123103780896],[11.00383233437671,49.569162276660236],[11.003928176451458,49.56930049805731],[11.004240915651465,49.56920611404534],[11.004361748642843,49.569346600812786],[11.00412011910774,49.56940422071649]]]},"properties":{"kind":"polygon","id":"32639106","poly_type":"building","color":"1.00,0.00,0.00"}},{"type":"Feature","geometry":{"type":"Polygon","coordinates":[[[11.004967537149993,49.570544122132205],[11.00532366447373,49.5711707897448],[11.006340677347533,49.57093987131404],[11.008896252187336,49.570824458196604],[11.00878086264868,49.570072360886236],[11.008006185943847,49.57014419084221],[11.006215936972238,49.570178038652486],[11.004967537149993,49.570544122132205]]]},"properties":{"kind":"polygon","id":"32761588","poly_type":"building","color":"1.00,0.00,0.00"}},{"type":"Feature","geometry":{"type":"Polygon","coordinates":[[[11.010605094562631,49.57170386756244],[11.010908331571118,49.57210519815793],[11.011554706650125,49.57189965631813],[11.011251469409315,49.57149841734623],[11.010605094562631,49.57170386756244]]]},"properties":{"kind":"polygon","id":"32761643","poly_type":"building","color":"1.00,0.00,0.00"}},{"type":"Feature","geometry":{"type":"Polygon","coordinates":[[[11.010521719330987,49.571593591205314],[11.011168666644899,49.57139199960194],[11.010900227179341,49.5710295554958],[11.010253148932986,49.57123123785681],[11.010521719330987,49.571593591205314]]]},"properties":{"kind":"polygon","id":"33278976","poly_type":"building","color":"1.00,0.00,0.00"}},{"type":"Feature","geometry":{"type":"Polygon","coordinates":[[[11.002493064621103,49.57290811161303],[11.002613166002652,49.572935988042886],[11.002656128972383,49.572863639464316],[11.002535937867195,49.572830187367565],[11.002493064621103,49.57290811161303]]]},"properties":{"kind":"polygon","id":"33299290","poly_type":"building","color":"1.00,0.00,0.00"}},{"type":"Feature","geometry":{"type":"Polygon","coordinates":[[[11.003797358739101,49.5822164670673],[11.003994279023393,49.58221080750021],[11.004183460698304,49.582205371606086],[11.004174883653622,49.58181034446149],[11.003780067491627,49.58182141092049],[11.003797358739101,49.5822164670673]]]},"properties":{"kind":"polygon","id":"35481430","poly_type":"building","color":"1.00,0.00,0.00"}},{"type":"Feature","geometry":{"type":"Polygon","coordinates":[[[11.004264486196057,49.57412080710116],[11.004437190768867,49.57406510087797],[11.004322572088897,49.57390777477906],[11.004144259377243,49.57396501727869],[11.004264486196057,49.57412080710116]]]},"properties":{"kind":"polygon","id":"35603081","poly_type":"building","color":"1.00,0.00,0.00"}},{"type":"Feature","geometry":{"type":"Polygon","coordinates":[[[11.004308685062098,49.574865415806585],[11.004995319799482,49.574648328885196],[11.005295868424023,49.57506573262593],[11.004634917302246,49.575271671527176],[11.004308685062098,49.574865415806585]]]},"properties":{"kind":"polygon","id":"35681564","poly_type":"building","color":"1.00,0.00,0.00"}},{"type":"Feature","geometry":{"type":"Polygon","coordinates":[[[11.004025482169258,49.57534402937587],[11.004334377845378,49.5752494420894],[11.004403074174926,49.575366274036],[11.004094039670887,49.57546086390629],[11.004025482169258,49.57534402937587]]]},"properties":{"kind":"polygon","id":"35681575","poly_type":"building","color":"1.00,0.00,0.00"}},{"type":"Feature","geometry":{"type":"Polygon","coordinates":[[[11.003664971520335,49.575377440203816],[11.003922439866445,49.575310641472576],[11.004042621250003,49.575472009556606],[11.003802304472863,49.57553878135557],[11.003664971520335,49.575377440203816]]]},"properties":{"kind":"polygon","id":"35681585","poly_type":"building","color":"1.00,0.00,0.00"}},{"type":"Feature","geometry":{"type":"Polygon","coordinates":[[[11.003433231264827,49.57504897655747],[11.004231434003891,49.5747929902899],[11.004334463042559,49.57495438535521],[11.003544798061439,49.57519933980413],[11.003433231264827,49.57504897655747]]]},"properties":{"kind":"polygon","id":"35681605","poly_type":"building","color":"1.00,0.00,0.00"}},{"type":"Feature","geometry":{"type":"Polygon","coordinates":[[[11.005788383750106,49.574203243593274],[11.00583132232824,49.57418099968962],[11.005908558706961,49.574175432642306],[11.005968624686098,49.57420317707337],[11.005977233481417,49.574247825843976],[11.005951437376886,49.57428668428431],[11.005882820872456,49.57430343635077],[11.005814167712412,49.57429230268424],[11.005771259187656,49.5742477987854],[11.005788383750106,49.574203243593274]]]},"properties":{"kind":"polygon","id":"36842685","poly_type":"building","color":"1.00,0.00,0.00"}},{"type":"Feature","geometry":{"type":"Polygon","coordinates":[[[11.000541576830042,49.581538140234024],[11.001940639318986,49.58140446424415],[11.001983608892404,49.58161601632412],[11.00058444712154,49.58174402730616],[11.000541576830042,49.581538140234024]]]},"properties":{"kind":"polygon","id":"37882907","poly_type":"building","color":"1.00,0.00,0.00"}},{"type":"Feature","geometry":{"type":"Polygon","coordinates":[[[11.012584839300139,49.572438657945376],[11.012944238854706,49.57233183440739],[11.012601006998125,49.57186994482523],[11.01224364498583,49.57197916068835],[11.012584839300139,49.572438657945376]]]},"properties":{"kind":"polygon","id":"37948480","poly_type":"building","color":"1.00,0.00,0.00"}},{"type":"Feature","geometry":{"type":"Polygon","coordinates":[[[11.028655895024233,49.56999434005603],[11.02884102324884,49.57012251953741],[11.029341845591885,49.56981831946309],[11.029074965426668,49.56963328307121],[11.028886076331553,49.56974796159667],[11.028967966356568,49.56980481701309],[11.028655895024233,49.56999434005603]]]},"properties":{"kind":"polygon","id":"39539625","poly_type":"building","color":"1.00,0.00,0.00"}},{"type":"Feature","geometry":{"type":"Polygon","coordinates":[[[11.02506872650185,49.57295818145158],[11.025291487662322,49.57279577936929],[11.025630463894997,49.572991436314986],[11.025407703008074,49.57315383904188],[11.025269105024718,49.573073775675745],[11.02506872650185,49.57295818145158]]]},"properties":{"kind":"polygon","id":"40828451","poly_type":"building","color":"1.00,0.00,0.00"}},{"type":"Feature","geometry":{"type":"Polygon","coordinates":[[[11.029258442503783,49.58026710288485],[11.028820711686034,49.580283775307954],[11.028769135997242,49.5798941806505],[11.028691939018762,49.57989418496948],[11.028588971706453,49.57890917284035],[11.029112551117667,49.57888128035353],[11.029189738823035,49.57952140303997],[11.029344315100852,49.579515813208246],[11.029327146236353,49.5793320643172],[11.029867845319067,49.57930989519973],[11.029885011346655,49.57951019598104],[11.029892994968803,49.57957923209744],[11.029936244512067,49.57995134101897],[11.029945090906525,49.58002782834038],[11.029979469161637,49.580372836200596],[11.029876355423111,49.58037842352974],[11.029910689830656,49.580762383116124],[11.029472954881939,49.580779058059576],[11.029421506795236,49.58030598227068],[11.029515907173698,49.58030045823972],[11.029490255328545,49.58007232996608],[11.029249852329846,49.58008338344782],[11.029258442503783,49.58026710288485]]]},"properties":{"kind":"polygon","id":"41486623","poly_type":"building","color":"1.00,0.00,0.00"}},{"type":"Feature","geometry":{"type":"Polygon","coordinates":[[[11.003842288326318,49.573580019309695],[11.003964560788146,49.57354263872061],[11.004102663193933,49.573503364578414],[11.004231361815368,49.57369040229105],[11.003969631640418,49.573764382105665],[11.003889174417298,49.5736473937744],[11.003842288326318,49.573580019309695]]]},"properties":{"kind":"polygon","id":"44956869","poly_type":"building","color":"1.00,0.00,0.00"}},{"type":"Feature","geometry":{"type":"Polygon","coordinates":[[[11.003541496714512,49.57357839212134],[11.00376474280703,49.57351722386011],[11.003861139147435,49.573655255748825],[11.003889174417298,49.5736473937744],[11.003842288326318,49.573580019309695],[11.003964560788146,49.57354263872061],[11.00388000493568,49.57342689080186],[11.003507131677036,49.57353301978776],[11.003541496714512,49.57357839212134]]]},"properties":{"kind":"polygon","id":"44956915","poly_type":"building","color":"1.00,0.00,0.00"}},{"type":"Feature","geometry":{"type":"Polygon","coordinates":[[[11.030393082128821,49.5764787570577],[11.03047672197196,49.57641746836539],[11.03043294013168,49.576392509314644],[11.03055134924511,49.57630569251768],[11.030467178000725,49.5762575140387],[11.03043428785546,49.57628165976728],[11.030227966246558,49.57616348003963],[11.030281936294015,49.57612394177542],[11.030195639881377,49.57607454100946],[11.030048771596869,49.57618227684957],[11.030335158152644,49.57634636873224],[11.030259312083093,49.576402123187286],[11.030393082128821,49.5764787570577]]]},"properties":{"kind":"polygon","id":"45017866","poly_type":"building","color":"1.00,0.00,0.00"}},{"type":"Feature","geometry":{"type":"Polygon","coordinates":[[[11.029815846978625,49.57616639347249],[11.030065545451908,49.57597310449312],[11.030160505354335,49.576024602231925],[11.030277244291232,49.57593421677345],[11.030190626779655,49.57588707054105],[11.030148538030076,49.57591956361239],[11.030008287833436,49.5758434029908],[11.029938733784288,49.57589742762856],[11.029980056775596,49.575919821282376],[11.029799785761385,49.57605935765953],[11.029721245507549,49.57601683703591],[11.029646729113832,49.576074636752864],[11.029815846978625,49.57616639347249]]]},"properties":{"kind":"polygon","id":"45017868","poly_type":"building","color":"1.00,0.00,0.00"}},{"type":"Feature","geometry":{"type":"Polygon","coordinates":[[[11.030409153770684,49.57598938377066],[11.030200046621566,49.57586738476874],[11.030282788930384,49.57580782112303],[11.030376919126509,49.57586266162073],[11.030462074802283,49.57580125636969],[11.030548408297461,49.575851555847876],[11.030464194169985,49.575912314944844],[11.030492968318324,49.57592899155276],[11.030409153770684,49.57598938377066]]]},"properties":{"kind":"polygon","id":"45017873","poly_type":"building","color":"1.00,0.00,0.00"}},{"type":"Feature","geometry":{"type":"Polygon","coordinates":[[[11.029351708918467,49.57697622429437],[11.029194119497559,49.576875628913704],[11.029263465839175,49.57682988434382],[11.029029858709029,49.57668087636609],[11.029159804304868,49.57659529798238],[11.02925316477864,49.576654920561566],[11.029210746353389,49.57668283130461],[11.029479165551521,49.576853987139515],[11.029403893568618,49.57690361393754],[11.029433448640537,49.5769224360549],[11.029351708918467,49.57697622429437]]]},"properties":{"kind":"polygon","id":"45017880","poly_type":"building","color":"1.00,0.00,0.00"}},{"type":"Feature","geometry":{"type":"Polygon","coordinates":[[[11.029314465458611,49.5770888728679],[11.02947141414397,49.57717733525689],[11.029703008497133,49.57700433494659],[11.029772277483913,49.5770434200005],[11.029884315268943,49.57695968423995],[11.029726948123367,49.57687113979373],[11.02946006454553,49.5770704866329],[11.02939108342562,49.57703166621178],[11.029314465458611,49.5770888728679]]]},"properties":{"kind":"polygon","id":"45017886","poly_type":"building","color":"1.00,0.00,0.00"}},{"type":"Feature","geometry":{"type":"Polygon","coordinates":[[[11.029805607707981,49.576673115785944],[11.02967897782166,49.57659518654662],[11.029642522750411,49.57662011423618],[11.029561180204842,49.57657008635529],[11.02969341887677,49.57647978942198],[11.029782438738621,49.57653481001176],[11.030048666875711,49.57635310528447],[11.03021164376785,49.576453515011835],[11.030117344221516,49.576517959112046],[11.030035007611712,49.57646731931298],[11.029852725815413,49.57659177841429],[11.029890492520638,49.57661513405672],[11.029805607707981,49.576673115785944]]]},"properties":{"kind":"polygon","id":"45017890","poly_type":"building","color":"1.00,0.00,0.00"}},{"type":"Feature","geometry":{"type":"Polygon","coordinates":[[[11.030321795644676,49.57570773510909],[11.030440449763365,49.57562352283666],[11.030508383503914,49.575663800314466],[11.030588741362486,49.57560679706449],[11.030431175937391,49.57551339942436],[11.030232160161992,49.575654524857065],[11.030321795644676,49.57570773510909]]]},"properties":{"kind":"polygon","id":"45017893","poly_type":"building","color":"1.00,0.00,0.00"}},{"type":"Feature","geometry":{"type":"Polygon","coordinates":[[[11.009277682022438,49.57297209953773],[11.009474761264155,49.57290723667609],[11.010229540315855,49.57266320732512],[11.010282605098173,49.5726451036816],[11.010763242715116,49.572489223214646],[11.010634926466695,49.57232548458461],[11.009143652035874,49.57280387076263],[11.009277682022438,49.57297209953773]]]},"properties":{"kind":"polygon","id":"45538049","poly_type":"building","color":"1.00,0.00,0.00"}},{"type":"Feature","geometry":{"type":"Polygon","coordinates":[[[11.010282605098173,49.5726451036816],[11.010229540315855,49.57266320732512],[11.010262699545663,49.572702661552405],[11.010314164730344,49.572686024984726],[11.010282605098173,49.5726451036816]]]},"properties":{"kind":"polygon","id":"45538061","poly_type":"building","color":"1.00,0.00,0.00"}},{"type":"Feature","geometry":{"type":"Polygon","coordinates":[[[11.009508651812816,49.572947667929],[11.009474761264155,49.57290723667609],[11.009277682022438,49.57297209953773],[11.009309946946962,49.57301336868451],[11.009508651812816,49.572947667929]]]},"properties":{"kind":"polygon","id":"45538094","poly_type":"building","color":"1.00,0.00,0.00"}},{"type":"Feature","geometry":{"type":"Polygon","coordinates":[[[11.010708125303957,49.57621705564615],[11.010943950679536,49.57620270188168],[11.01090293151723,49.57591825460237],[11.010960061415664,49.57591483278595],[11.011001639726455,49.57620277860816],[11.011204074485017,49.57619053395843],[11.011198063353389,49.57614862904206],[11.011182595749531,49.57604158051781],[11.011156677610375,49.575862029274134],[11.011223185277187,49.57585790457281],[11.011249111048514,49.576037635582004],[11.011611472444795,49.57601559333069],[11.011538731063181,49.57551148570601],[11.011280832313108,49.57552721395631],[11.011284668723196,49.57555323448025],[11.010672410400739,49.57559041375129],[11.01069286735811,49.5757313789699],[11.01096153498658,49.57571510503153],[11.010967333715856,49.57575521453529],[11.010583999036074,49.57577851882318],[11.010608928292829,49.57595089089971],[11.010669092057444,49.57594723659065],[11.010708125303957,49.57621705564615]]]},"properties":{"kind":"polygon","id":"48045938","poly_type":"building","color":"1.00,0.00,0.00"}},{"type":"Feature","geometry":{"type":"Polygon","coordinates":[[[11.014110142751093,49.5750124707755],[11.01424174751514,49.57497338758666],[11.014170262065228,49.57488008843327],[11.01404314993883,49.57492413086557],[11.014110142751093,49.5750124707755]]]},"properties":{"kind":"polygon","id":"48045943","poly_type":"building","color":"1.00,0.00,0.00"}},{"type":"Feature","geometry":{"type":"Polygon","coordinates":[[[11.002478838433529,49.56923132004954],[11.002481216197774,49.56936378398473],[11.002690489432785,49.569360431329955],[11.002698897346331,49.56923128896747],[11.002478838433529,49.56923132004954]]]},"properties":{"kind":"polygon","id":"50923087","poly_type":"building","color":"1.00,0.00,0.00"}},{"type":"Feature","geometry":{"type":"Polygon","coordinates":[[[11.026102126804581,49.58236307182405],[11.02625015460023,49.58235948992915],[11.026236650207904,49.582123681983255],[11.026088757652506,49.58212717154012],[11.026102126804581,49.58236307182405]]]},"properties":{"kind":"polygon","id":"55377965","poly_type":"building","color":"1.00,0.00,0.00"}},{"type":"Feature","geometry":{"type":"Polygon","coordinates":[[[11.000484168311143,49.57981648004744],[11.000126653472819,49.57916274564844],[11.001636493557616,49.57867821928768],[11.002116580099452,49.57938560070333],[11.000484168311143,49.57981648004744]]]},"properties":{"kind":"polygon","id":"55492529","poly_type":"building","color":"1.00,0.00,0.00"}},{"type":"Feature","geometry":{"type":"Polygon","coordinates":[[[11.003707328418633,49.58096440258023],[11.00393194678775,49.58096968778504],[11.003945861534154,49.580856822126854],[11.00372124368305,49.580851536942475],[11.003707328418633,49.58096440258023]]]},"properties":{"kind":"polygon","id":"55492530","poly_type":"building","color":"1.00,0.00,0.00"}},{"type":"Feature","geometry":{"type":"Polygon","coordinates":[[[11.01912418607049,49.58057421640576],[11.019167091892456,49.58049421643561],[11.019328045939341,49.58053242720161],[11.019285146828508,49.58061593539614],[11.01912418607049,49.58057421640576]]]},"properties":{"kind":"polygon","id":"57039158","poly_type":"building","color":"1.00,0.00,0.00"}},{"type":"Feature","geometry":{"type":"Polygon","coordinates":[[[11.028015410849466,49.57353679714146],[11.028243442655569,49.57338158340369],[11.028704406260397,49.57366648810544],[11.028476232688028,49.573821615275854],[11.028015410849466,49.57353679714146]]]},"properties":{"kind":"polygon","id":"74399127","poly_type":"building","color":"1.00,0.00,0.00"}},{"type":"Feature","geometry":{"type":"Polygon","coordinates":[[[11.004389644661133,49.57839460044098],[11.004679373701908,49.5783179757627],[11.004541196047077,49.57811940859157],[11.004405819245866,49.57792502065428],[11.004122786902409,49.577996221263696],[11.004389644661133,49.57839460044098]]]},"properties":{"kind":"polygon","id":"78095960","poly_type":"building","color":"1.00,0.00,0.00"}},{"type":"Feature","geometry":{"type":"Polygon","coordinates":[[[11.00137919778494,49.57303839155915],[11.001430220180795,49.573024375343046],[11.001377960372658,49.57295403435504],[11.0013255851656,49.57296879359747],[11.00137919778494,49.57303839155915]]]},"properties":{"kind":"polygon","id":"85415651","poly_type":"building","color":"1.00,0.00,0.00"}},{"type":"Feature","geometry":{"type":"Polygon","coordinates":[[[11.001301413470665,49.573060966726274],[11.001349744881015,49.573048796213506],[11.001297343255064,49.57297836768718],[11.001247800935216,49.57299136872773],[11.001301413470665,49.573060966726274]]]},"properties":{"kind":"polygon","id":"85415941","poly_type":"building","color":"1.00,0.00,0.00"}},{"type":"Feature","geometry":{"type":"Polygon","coordinates":[[[11.001678304618801,49.57168702702707],[11.001562054369478,49.57126966393066],[11.00256895366691,49.571156166300774],[11.002661737004676,49.57151366419973],[11.002339095356394,49.57154902422756],[11.00236773369213,49.57166070357153],[11.002027460601653,49.57169789713542],[11.002058800298238,49.57180800055326],[11.001789533838075,49.57183622839696],[11.001744522254878,49.57167931453467],[11.001678304618801,49.57168702702707]]]},"properties":{"kind":"polygon","id":"96583485","poly_type":"building","color":"1.00,0.00,0.00"}}]}